,Life expectancy,Adult Mortality,Alcohol,Hepatitis B,Measles,BMI,under-five deaths,Polio,Total expenditure,Diphtheria,HIV/AIDS,GDP,Population,thinness 1-19 years,Schooling,Status_Encoded
15,54.8,321.0,0.01,62.0,6532,12.2,122,24.0,8.2,24.0,0.1,114.56,293756.0,2.3,5.5,0
14,55.3,316.0,0.01,63.0,8762,12.6,122,35.0,7.8,33.0,0.1,117.49698,2966463.0,2.1,5.9,0
13,56.2,3.0,0.01,64.0,2486,13.0,122,36.0,7.76,36.0,0.1,187.84595,21979923.0,19.9,6.2,0
12,56.7,295.0,0.01,65.0,798,13.4,122,41.0,8.82,41.0,0.1,198.7285436,2364851.0,19.7,6.5,0
11,57.0,293.0,0.02,67.0,466,13.8,120,9.0,8.79,9.0,0.1,219.1413528,24118979.0,19.5,6.8,0
10,57.3,291.0,0.02,66.0,1296,14.2,118,58.0,8.7,58.0,0.1,25.2941299,257798.0,19.3,7.9,0
9,57.3,295.0,0.03,64.0,1990,14.7,116,58.0,7.43,58.0,0.1,272.56377,2589345.0,19.2,8.1,0
8,57.5,295.0,0.02,63.0,1141,15.2,113,63.0,6.73,63.0,0.1,369.835796,26616792.0,19.0,8.4,0
7,58.1,287.0,0.03,64.0,1599,15.7,110,64.0,8.33,64.0,0.1,373.3611163,2729431.0,18.8,8.7,0
6,58.6,281.0,0.01,63.0,2861,16.2,106,63.0,9.42,63.0,0.1,445.8932979,284331.0,18.6,8.9,0
5,58.8,279.0,0.01,66.0,1989,16.7,102,66.0,9.2,66.0,0.1,553.32894,2883167.0,18.4,9.2,0
4,59.2,275.0,0.01,68.0,3013,17.2,97,68.0,7.87,68.0,0.1,63.537231,2978599.0,18.2,9.5,0
3,59.5,272.0,0.01,67.0,2787,17.6,93,67.0,8.52,67.0,0.1,669.959,3696958.0,17.9,9.8,0
2,59.9,268.0,0.01,64.0,430,18.1,89,62.0,8.13,64.0,0.1,631.744976,31731688.0,17.7,9.9,0
1,59.9,271.0,0.01,62.0,492,18.6,86,58.0,8.18,62.0,0.1,612.696514,327582.0,17.5,10.0,0
0,65.0,263.0,0.01,65.0,1154,19.1,83,9.0,8.16,65.0,0.1,584.25921,33736494.0,17.2,10.1,0
31,72.6,11.0,3.66,96.0,662,45.0,1,97.0,6.26,97.0,0.1,1175.788981,38927.0,2.1,10.7,0
30,73.6,14.0,4.25,96.0,18,46.0,1,97.0,6.0,97.0,0.1,1326.97339,36173.0,2.1,10.6,0
29,73.3,15.0,3.73,96.0,16,46.9,1,98.0,6.3,98.0,0.1,1453.642777,3511.0,2.0,10.7,0
28,72.8,18.0,4.29,97.0,8,47.9,1,97.0,6.27,97.0,0.1,189.681557,339616.0,1.9,10.7,0
27,73.0,17.0,4.54,99.0,7,48.9,1,98.0,6.38,97.0,0.1,2416.588235,326939.0,1.8,10.9,0
26,73.5,15.0,5.16,98.0,6,49.9,1,97.0,6.12,98.0,0.1,279.142931,311487.0,1.8,10.8,0
25,74.2,99.0,5.31,98.0,68,5.8,1,97.0,5.86,97.0,0.1,35.1293,2992547.0,1.7,11.4,0
24,75.9,9.0,5.58,98.0,22,51.7,1,99.0,6.1,98.0,0.1,363.13685,29717.0,1.6,11.6,0
23,75.3,1.0,5.61,99.0,0,52.6,1,99.0,5.87,99.0,0.1,437.539647,2947314.0,1.6,12.0,0
22,76.1,91.0,5.79,98.0,0,53.5,1,98.0,5.79,98.0,0.1,4114.136545,2927519.0,1.5,12.2,0
21,76.2,91.0,5.28,99.0,10,54.3,1,99.0,5.34,99.0,0.1,494.358832,291321.0,1.4,12.5,0
20,76.6,88.0,5.37,99.0,28,55.1,1,99.0,5.71,99.0,0.1,4437.17868,295195.0,1.4,13.3,0
19,76.9,86.0,5.14,99.0,9,55.8,1,99.0,5.59,99.0,0.1,4247.61438,2941.0,1.3,14.2,0
18,77.2,84.0,4.76,99.0,0,56.5,1,99.0,5.66,99.0,0.1,4414.72314,289592.0,1.3,14.2,0
17,77.5,8.0,4.51,98.0,0,57.2,1,98.0,5.88,98.0,0.1,4575.763787,288914.0,1.2,14.2,0
16,77.8,74.0,4.6,99.0,0,58.0,0,99.0,6.0,99.0,0.1,3954.22783,28873.0,1.2,14.2,0
47,71.3,145.0,0.25,91.0,0,44.4,25,86.0,3.49,86.0,0.1,1757.17797,3118366.0,6.5,10.7,0
46,71.4,145.0,0.23,91.0,2686,45.3,24,89.0,3.84,89.0,0.1,1732.857979,31592153.0,6.4,10.9,0
45,71.6,145.0,0.36,91.0,5862,46.1,23,86.0,3.73,86.0,0.1,1774.33673,3199546.0,6.3,11.1,0
44,71.7,146.0,0.34,91.0,10000,47.0,23,87.0,3.6,87.0,0.1,294.33556,3243514.0,6.3,11.5,0
43,72.3,14.0,0.45,81.0,3289,47.9,23,86.0,3.54,86.0,0.1,2598.9823,3283196.0,6.2,11.7,0
42,72.9,136.0,0.5,83.0,2302,48.9,22,88.0,3.24,88.0,0.1,31.122378,33288437.0,6.1,12.0,0
41,73.4,132.0,0.36,9.0,944,49.8,23,95.0,3.36,95.0,0.1,3464.6179,33777915.0,6.1,12.3,0
40,73.8,129.0,0.44,9.0,0,5.8,23,95.0,3.82,95.0,0.1,3935.183343,34376.0,6.0,12.3,0
39,74.1,126.0,0.46,91.0,217,51.8,23,92.0,4.2,93.0,0.1,495.254866,3486715.0,6.0,12.6,0
38,74.4,123.0,0.5,94.0,107,52.8,23,94.0,5.36,95.0,0.1,3868.83123,3546576.0,6.0,13.1,0
37,74.7,119.0,0.45,95.0,103,53.9,24,95.0,5.12,95.0,0.1,4463.394675,36117637.0,5.9,13.6,0
36,74.9,116.0,0.56,95.0,112,55.0,24,95.0,5.29,95.0,0.1,5432.2523,36819558.0,5.9,14.0,0
35,75.1,113.0,0.66,95.0,18,56.1,24,95.0,6.14,95.0,0.1,5564.82566,37565847.0,5.9,14.4,0
34,75.3,112.0,0.53,95.0,25,57.2,24,95.0,7.12,95.0,0.1,5471.866766,38338562.0,5.9,14.4,0
33,75.4,11.0,0.01,95.0,0,58.4,24,95.0,7.21,95.0,0.1,547.8517,39113313.0,6.0,14.4,0
32,75.6,19.0,0.01,95.0,63,59.5,24,95.0,7.21,95.0,0.1,4132.76292,39871528.0,6.0,14.4,0
63,45.3,48.0,1.85,91.0,2219,15.4,160,9.0,2.79,28.0,2.0,555.2969419,1644924.0,1.9,4.6,0
62,45.7,44.0,2.58,91.0,9046,15.8,159,41.0,5.38,38.0,2.1,526.168743,16983266.0,1.7,5.1,0
61,46.5,391.0,2.82,91.0,10000,16.3,157,37.0,3.63,41.0,2.3,711.181716,17572649.0,1.5,5.5,0
60,46.8,388.0,3.49,91.0,1196,16.8,155,9.0,4.41,9.0,2.4,779.468356,1823369.0,1.4,5.9,0
59,47.1,386.0,3.53,91.0,29,17.2,152,9.0,4.71,9.0,2.5,141.86844,18865716.0,1.2,6.4,0
58,47.4,382.0,5.04,91.0,258,17.7,148,39.0,4.1,38.0,2.6,1443.991929,19552542.0,1.0,6.8,0
57,47.7,381.0,5.84,91.0,765,18.2,143,36.0,4.54,34.0,2.5,262.415149,2262399.0,9.8,7.2,0
56,48.2,375.0,6.35,73.0,1014,18.8,138,75.0,3.38,73.0,2.6,2878.837144,2997687.0,9.6,7.7,0
55,48.7,371.0,7.07,69.0,265,19.3,133,65.0,3.84,69.0,2.6,3868.578883,2175942.0,9.5,8.1,0
54,49.1,369.0,7.01,61.0,2807,19.8,127,63.0,4.37,9.0,2.5,3347.84485,22549547.0,9.3,8.5,0
52,51.0,361.0,8.06,72.0,1449,21.0,115,73.0,3.38,71.0,2.5,4299.12889,24218565.0,8.9,9.4,0
51,56.0,358.0,8.24,75.0,4458,21.5,110,75.0,3.3,75.0,2.6,4598.249988,259615.0,8.8,10.3,0
50,51.1,355.0,8.1,77.0,8523,22.1,105,67.0,4.26,77.0,2.3,484.616884,2599834.0,8.6,11.4,0
49,51.7,348.0,8.33,64.0,10000,22.7,101,68.0,3.31,64.0,2.0,479.31224,2692466.0,8.5,11.4,0
48,52.4,335.0,8.33,64.0,118,23.3,98,9.0,3.31,64.0,1.9,3695.793748,2785935.0,8.3,11.4,0
79,73.6,156.0,7.27,91.0,0,38.2,0,96.0,4.13,95.0,0.1,9875.161736,1396923.0,3.7,0.0,0
78,73.8,154.0,7.51,96.0,0,38.9,0,99.0,4.48,97.0,0.1,9358.154162,1396923.0,3.6,0.0,0
77,74.0,153.0,7.21,99.0,0,39.5,0,93.0,4.41,98.0,0.1,9386.716452,1396923.0,3.6,0.0,0
74,74.6,147.0,8.15,99.0,0,41.4,0,98.0,4.41,99.0,0.1,11371.93895,1396923.0,3.5,0.0,0
73,74.8,145.0,8.93,99.0,0,42.0,0,99.0,4.34,99.0,0.1,12724.39377,1396923.0,3.4,14.7,0
72,75.0,144.0,8.64,97.0,0,42.6,0,98.0,4.27,99.0,0.1,14252.29452,1396923.0,3.4,14.5,0
71,75.2,142.0,8.27,98.0,0,43.2,0,99.0,4.69,99.0,0.1,1473.31923,1396923.0,3.4,14.4,0
70,75.4,14.0,7.82,98.0,0,43.8,0,98.0,4.86,99.0,0.1,1312.46692,1396923.0,3.4,14.2,0
69,75.6,138.0,7.84,98.0,0,44.4,0,99.0,5.63,98.0,0.1,12126.87614,1396923.0,3.3,14.1,0
68,75.7,136.0,7.84,99.0,0,45.1,0,99.0,5.65,99.0,0.1,11929.34991,1396923.0,3.3,14.1,0
67,75.9,134.0,8.18,98.0,0,45.7,0,97.0,5.39,98.0,0.2,12565.44197,1396923.0,3.3,13.8,0
66,76.1,133.0,8.58,99.0,0,46.4,0,98.0,5.33,99.0,0.2,12224.86416,1396923.0,3.3,13.9,0
65,76.2,131.0,8.56,99.0,0,47.0,0,96.0,5.54,99.0,0.2,12888.29667,1396923.0,3.3,13.9,0
64,76.4,13.0,8.56,99.0,0,47.7,0,86.0,5.54,99.0,0.2,13566.9541,1396923.0,3.3,13.9,0
95,74.1,137.0,7.68,91.0,6,54.0,14,88.0,9.21,83.0,0.1,7669.273916,3757452.0,1.2,15.0,0
94,74.0,138.0,7.76,91.0,0,54.6,13,85.0,9.38,83.0,0.1,717.694674,3747159.0,1.2,15.6,0
93,74.1,138.0,7.81,66.0,0,55.1,13,94.0,8.31,93.0,0.1,2579.193168,3788937.0,1.2,16.3,0
92,74.1,137.0,7.62,73.0,0,55.7,13,95.0,8.22,96.0,0.1,333.4376,3839379.0,1.2,16.4,0
91,74.7,13.0,7.63,81.0,0,56.3,12,91.0,6.84,98.0,0.1,4251.574348,38728696.0,1.1,16.3,0
90,74.9,127.0,7.53,88.0,0,56.9,12,95.0,6.85,98.0,0.1,576.883829,39145488.0,1.1,16.3,0
89,75.2,127.0,7.75,84.0,0,57.5,12,92.0,6.68,91.0,0.1,5878.76127,3955889.0,1.1,16.1,0
88,74.8,129.0,8.16,85.0,0,58.0,12,92.0,6.49,91.0,0.1,7193.61764,3997224.0,1.1,16.3,0
87,75.4,126.0,8.41,9.0,0,58.6,11,94.0,6.66,93.0,0.1,8953.359275,4382389.0,1.0,16.3,0
86,75.6,126.0,8.33,94.0,3,59.2,11,97.0,7.63,94.0,0.1,8161.36966,479947.0,1.0,16.5,0
85,75.5,121.0,8.15,94.0,17,59.8,11,95.0,6.55,94.0,0.1,1276.265,41223889.0,1.0,16.8,0
84,75.7,12.0,8.11,91.0,3,6.4,10,93.0,5.89,91.0,0.1,12726.9836,41656879.0,1.0,17.1,0
83,75.9,12.0,8.35,91.0,2,61.0,10,99.0,5.2,91.0,0.1,12969.7712,4296739.0,1.0,17.2,0
82,76.0,119.0,8.28,94.0,0,61.6,10,99.0,4.99,94.0,0.1,12976.63642,42539925.0,1.0,17.3,0
81,76.2,118.0,7.93,94.0,1,62.2,9,92.0,4.79,94.0,0.1,12245.25645,42981515.0,1.0,17.3,0
80,76.3,116.0,7.93,94.0,0,62.8,9,93.0,4.79,94.0,0.1,13467.1236,43417765.0,1.0,17.3,0
111,72.0,142.0,2.9,55.0,15,47.1,1,96.0,6.25,93.0,0.1,622.7427477,369588.0,2.1,11.2,0
110,72.6,141.0,2.86,69.0,69,47.4,1,97.0,5.94,94.0,0.1,694.435119,35655.0,2.1,11.1,0
109,72.6,134.0,2.86,91.0,40,47.8,1,96.0,5.4,94.0,0.1,783.261699,333897.0,2.1,10.8,0
108,72.7,134.0,3.03,93.0,4,48.1,1,96.0,5.56,94.0,0.1,93.1661567,31786.0,2.0,10.8,0
107,73.0,132.0,3.81,91.0,1783,48.4,1,93.0,5.5,91.0,0.1,1191.96192,3612.0,2.0,10.9,0
106,73.0,137.0,4.25,91.0,2281,48.8,1,92.0,5.25,9.0,0.1,1643.758397,2981259.0,2.0,10.9,0
105,72.9,141.0,4.01,78.0,137,49.2,1,87.0,4.58,87.0,0.1,2158.299,29585.0,2.0,11.2,0
104,73.5,132.0,3.99,85.0,1,49.7,1,9.0,4.31,88.0,0.1,3138.8873,293356.0,2.0,11.7,0
103,73.2,14.0,3.96,89.0,0,5.1,1,91.0,3.8,89.0,0.1,41.26997,29822.0,2.0,12.3,0
102,73.3,137.0,3.96,93.0,0,5.7,1,94.0,4.55,93.0,0.1,2993.832531,2888584.0,2.0,11.9,0
101,73.5,132.0,4.23,94.0,2,51.2,1,96.0,4.56,94.0,0.1,3218.381655,2877311.0,2.0,12.3,0
100,73.9,128.0,4.09,95.0,0,51.9,1,96.0,3.71,95.0,0.1,3526.978143,2875581.0,2.0,12.7,0
99,74.4,121.0,3.89,95.0,0,52.6,1,96.0,4.48,95.0,0.1,3684.8481,2881922.0,2.0,12.7,0
98,74.4,123.0,3.79,95.0,10,53.3,1,96.0,4.55,95.0,0.1,3843.591213,289359.0,2.1,12.7,0
97,74.6,12.0,3.91,93.0,13,54.1,1,95.0,4.48,93.0,0.1,3994.712355,29622.0,2.1,12.7,0
96,74.8,118.0,3.91,94.0,33,54.9,1,96.0,4.48,94.0,0.1,369.654776,291695.0,2.1,12.7,0
127,79.5,78.0,10.17,95.0,108,58.2,2,9.0,8.8,9.0,0.1,2169.921,19153.0,0.7,20.4,1
126,79.9,75.0,9.53,94.0,141,59.0,2,91.0,8.18,92.0,0.1,19517.84168,19413.0,0.7,20.5,1
125,79.9,73.0,9.84,95.0,32,59.6,2,92.0,8.39,92.0,0.1,281.81763,196514.0,0.7,20.1,1
124,83.0,71.0,9.97,95.0,91,6.3,1,92.0,8.32,93.0,0.1,23465.38559,198954.0,0.7,20.6,1
123,86.0,69.0,9.84,95.0,70,6.9,1,92.0,8.57,92.0,0.1,3472.37977,21274.0,0.7,20.7,1
122,81.0,67.0,10.3,95.0,10,61.5,2,92.0,8.45,92.0,0.1,3416.71483,23948.0,0.7,20.3,1
121,81.2,66.0,10.31,95.0,0,62.0,2,92.0,8.49,92.0,0.1,36118.28381,26979.0,0.7,20.3,1
120,81.3,66.0,10.56,94.0,11,62.5,2,92.0,8.53,92.0,0.1,4991.98289,28276.0,0.7,19.0,1
119,81.3,66.0,10.76,94.0,65,62.9,1,92.0,8.78,92.0,0.1,49664.6854,212492.0,0.7,19.1,1
118,81.7,66.0,10.62,94.0,104,63.4,1,92.0,9.5,92.0,0.1,42742.99898,216917.0,0.7,19.1,1
117,81.9,64.0,10.52,92.0,70,63.9,1,92.0,9.2,92.0,0.1,51874.848,223175.0,0.7,19.5,1
116,82.0,63.0,10.3,92.0,190,64.4,1,92.0,9.2,92.0,0.1,62245.129,223424.0,0.6,19.8,1
115,82.3,61.0,10.03,91.0,199,65.0,1,92.0,9.36,92.0,0.1,67677.63477,22728254.0,0.6,20.1,1
114,82.5,61.0,9.87,91.0,158,65.5,1,91.0,9.36,91.0,0.1,67792.3386,23117353.0,0.6,20.3,1
113,82.7,6.0,9.71,91.0,340,66.1,1,92.0,9.42,92.0,0.1,62214.6912,2346694.0,0.6,20.4,1
112,82.8,59.0,9.71,93.0,74,66.6,1,93.0,9.42,93.0,0.1,56554.3876,23789338.0,0.6,20.4,1
143,78.1,96.0,13.2,33.0,0,5.1,0,71.0,1.6,81.0,0.1,24517.26745,811566.0,1.7,15.4,1
142,78.6,92.0,12.4,44.0,0,5.6,0,83.0,1.12,84.0,0.1,24489.73553,842293.0,1.7,15.5,1
141,78.7,9.0,12.5,81.0,0,51.2,0,82.0,1.27,83.0,0.1,26351.37568,881957.0,1.7,16.1,1
140,78.8,88.0,12.2,83.0,90,51.7,0,84.0,1.48,84.0,0.1,3212.9355,8121423.0,1.7,14.7,1
139,79.3,86.0,12.1,83.0,15,52.2,0,83.0,1.56,83.0,0.1,36693.4262,8171966.0,1.7,14.7,1
138,79.4,85.0,12.4,86.0,9,52.7,0,86.0,1.53,86.0,0.1,38242.4252,8227829.0,1.7,14.9,1
137,79.8,81.0,12.4,83.0,23,53.2,0,83.0,1.35,83.0,0.1,443.99361,8268641.0,1.7,15.0,1
136,81.0,8.0,12.5,85.0,20,53.7,0,85.0,1.4,85.0,0.1,46586.6525,8295487.0,1.7,15.2,1
135,84.0,76.0,12.0,83.0,448,54.2,0,83.0,1.6,83.0,0.1,51386.37665,8321496.0,1.7,15.1,1
134,82.0,77.0,11.3,83.0,49,54.7,0,83.0,11.19,83.0,0.1,47654.18721,8343323.0,1.7,15.3,1
133,84.0,75.0,12.1,86.0,52,55.2,0,86.0,11.17,86.0,0.1,46657.629,836344.0,1.7,15.4,1
132,88.0,73.0,12.04,89.0,68,55.7,0,89.0,1.94,89.0,0.1,51126.74139,8391643.0,1.7,15.7,1
131,88.0,7.0,12.26,92.0,36,56.1,0,92.0,11.17,92.0,0.1,48333.57273,8429991.0,1.8,15.7,1
130,81.1,68.0,11.82,95.0,0,56.6,0,95.0,11.14,95.0,0.1,554.71532,8479375.0,1.8,15.7,1
129,81.4,66.0,12.32,98.0,117,57.1,0,98.0,11.21,98.0,0.1,51322.63997,8541575.0,1.8,15.9,1
128,81.5,65.0,12.32,93.0,309,57.6,0,93.0,11.21,93.0,0.1,43665.947,8633169.0,1.9,15.9,1
159,66.6,16.0,0.65,91.0,210,42.1,11,75.0,4.67,76.0,0.1,655.974326,8486.0,3.2,10.1,0
158,67.5,151.0,0.51,91.0,574,42.6,10,77.0,4.48,77.0,0.1,73.6838434,81112.0,3.1,10.4,0
157,67.8,146.0,0.55,9.0,4353,43.1,9,9.0,4.47,76.0,0.1,763.73858,817195.0,3.1,10.6,0
156,67.8,154.0,0.55,51.0,1978,43.6,8,79.0,6.56,77.0,0.1,883.6439965,82341.0,3.0,10.8,0
155,68.4,154.0,0.62,9.0,827,44.2,8,78.0,7.92,77.0,0.1,145.2163,8365.0,3.0,11.0,0
154,68.4,162.0,0.73,49.0,1238,44.7,7,79.0,7.86,75.0,0.1,1578.4239,839185.0,2.9,11.2,0
153,69.2,154.0,0.85,52.0,222,45.3,7,9.0,6.17,78.0,0.1,2473.85776,848455.0,2.9,10.7,0
152,73.0,14.0,1.02,62.0,0,45.9,7,81.0,5.1,79.0,0.1,3851.437869,85813.0,2.8,11.6,0
151,73.0,141.0,1.18,68.0,5,46.6,6,85.0,4.37,81.0,0.1,5574.6382,87634.0,2.8,11.6,0
150,78.0,132.0,2.1,74.0,0,47.3,6,84.0,5.85,81.0,0.1,495.294791,8947243.0,2.8,11.6,0
149,71.1,13.0,1.98,9.0,0,48.0,6,85.0,5.33,81.0,0.1,5842.85784,954332.0,2.8,11.7,0
148,71.6,125.0,1.98,84.0,0,48.8,6,91.0,5.1,87.0,0.1,7189.691229,917382.0,2.8,11.7,0
147,71.9,123.0,0.01,88.0,0,49.7,6,92.0,5.37,89.0,0.1,7496.335728,9295784.0,2.8,11.8,0
146,72.2,121.0,2.14,93.0,164,5.6,6,96.0,5.54,93.0,0.1,7875.756953,941681.0,2.8,11.9,0
145,72.5,119.0,0.01,94.0,0,51.5,6,97.0,6.4,94.0,0.1,7891.299776,953579.0,2.8,12.2,0
144,72.7,118.0,0.01,96.0,0,52.5,6,98.0,6.4,96.0,0.1,55.31382,9649341.0,2.8,12.7,0
175,72.6,192.0,12.15,91.0,0,54.4,0,91.0,5.21,99.0,0.1,1228.829749,1396923.0,2.7,12.0,0
174,72.9,189.0,11.64,21.0,0,55.2,0,98.0,5.15,99.0,0.2,1228.829749,1396923.0,2.7,12.1,0
173,73.1,19.0,10.85,89.0,0,56.0,0,93.0,5.26,94.0,0.1,1228.829749,1396923.0,2.6,12.1,0
172,73.2,189.0,10.68,88.0,0,56.7,0,93.0,5.62,92.0,0.1,1228.829749,1396923.0,2.6,12.2,0
171,73.8,174.0,10.1,93.0,0,57.4,0,92.0,6.2,93.0,0.1,1228.829749,1396923.0,2.6,12.3,0
170,74.1,172.0,10.49,93.0,0,58.1,0,93.0,5.95,93.0,0.1,1228.829749,1396923.0,2.6,12.4,0
169,74.2,171.0,11.07,96.0,0,58.7,0,94.0,6.93,95.0,0.1,1228.829749,1396923.0,2.5,12.4,0
168,74.4,167.0,10.75,93.0,0,59.4,0,95.0,7.8,95.0,0.1,1228.829749,1396923.0,2.5,12.5,0
167,74.5,167.0,10.15,9.0,0,6.1,0,93.0,7.3,93.0,0.1,1228.829749,1396923.0,2.5,12.6,0
166,74.6,168.0,9.29,95.0,0,6.7,0,97.0,7.43,96.0,0.1,1228.829749,1396923.0,2.5,12.6,0
165,75.0,161.0,9.19,98.0,0,61.3,0,97.0,7.44,99.0,0.2,1228.829749,1396923.0,2.5,12.6,0
164,75.0,162.0,9.34,95.0,0,62.0,0,97.0,7.63,98.0,0.1,1228.829749,1396923.0,2.5,12.6,0
163,74.9,167.0,9.5,96.0,0,62.6,0,99.0,7.43,98.0,0.2,1228.829749,1396923.0,2.5,12.6,0
162,74.8,172.0,9.42,97.0,0,63.2,0,97.0,7.5,97.0,0.1,1228.829749,1396923.0,2.5,12.6,0
161,75.4,16.0,9.45,96.0,0,63.8,0,96.0,7.74,96.0,0.1,1228.829749,1396923.0,2.5,12.6,0
160,76.1,147.0,9.45,95.0,0,64.5,0,95.0,7.74,95.0,0.1,1228.829749,1396923.0,2.5,12.6,0
191,74.5,92.0,2.15,97.0,6,54.5,0,97.0,3.51,97.0,0.1,13636.34668,1396923.0,6.2,13.2,0
190,74.7,9.0,1.95,99.0,5,54.8,0,99.0,3.8,99.0,0.1,12868.211,1396923.0,6.2,13.3,0
189,74.9,87.0,1.99,98.0,8,55.0,0,98.0,3.89,98.0,0.1,1312.33457,1396923.0,6.2,13.5,0
188,75.0,85.0,2.16,98.0,12,55.2,0,97.0,3.74,97.0,0.1,14221.99259,1396923.0,6.1,13.7,0
187,75.2,83.0,2.16,98.0,11,55.6,0,98.0,3.37,98.0,0.1,15846.47641,1396923.0,6.1,13.9,0
186,75.3,81.0,2.05,98.0,4,56.1,0,98.0,3.16,98.0,0.1,17959.17854,1396923.0,6.1,14.0,0
185,75.5,79.0,2.1,98.0,3,56.8,0,98.0,3.8,98.0,0.1,1937.99549,1396923.0,6.1,14.2,0
184,75.6,77.0,2.0,97.0,7,57.6,0,97.0,3.8,97.0,0.1,2977.1153,1396923.0,6.1,14.4,0
183,75.8,76.0,2.0,97.0,2,58.5,0,97.0,3.17,97.0,0.1,2367.56535,1396923.0,6.0,14.4,0
182,76.0,74.0,1.95,98.0,3,59.3,0,97.0,3.79,98.0,0.1,19356.67236,1396923.0,6.0,14.4,0
181,76.1,73.0,1.93,99.0,0,6.1,0,99.0,3.64,99.0,0.1,2722.1389,1396923.0,6.0,14.4,0
180,76.1,76.0,1.66,99.0,0,6.8,0,99.0,3.4,99.0,0.1,2281.1242,1396923.0,6.1,14.4,0
179,76.5,71.0,1.7,99.0,0,61.5,0,99.0,4.37,99.0,0.1,23649.36661,1396923.0,6.1,14.5,0
178,76.7,7.0,1.65,99.0,0,62.2,0,99.0,4.69,99.0,0.1,251.18329,1396923.0,6.1,14.5,0
177,76.8,7.0,1.57,98.0,46,62.9,0,98.0,4.98,98.0,0.1,24983.3792,1396923.0,6.1,14.5,0
176,76.9,69.0,1.57,98.0,0,63.6,0,98.0,4.98,98.0,0.1,22688.87824,1396923.0,6.2,14.5,0
205,66.3,164.0,0.01,91.0,3484,11.2,280,83.0,2.59,83.0,0.1,4.6135745,1366667.0,2.5,7.7,0
204,66.8,161.0,0.01,9.0,4067,11.6,264,9.0,2.51,87.0,0.1,432.7388972,139191.0,2.3,7.9,0
203,67.3,158.0,0.01,11.0,9743,12.0,247,88.0,2.62,99.0,0.1,46.7579167,14137489.0,2.1,8.1,0
202,67.8,155.0,0.01,45.0,10000,12.5,231,94.0,2.68,93.0,0.1,484.155471,14343111.0,19.9,8.2,0
201,68.2,152.0,0.01,86.0,6192,13.0,215,95.0,2.8,94.0,0.1,494.51466,1453684.0,19.7,8.4,0
200,68.6,151.0,0.01,95.0,2924,13.5,201,96.0,2.8,94.0,0.1,541.651484,147139191.0,19.5,8.6,0
199,69.1,147.0,0.01,96.0,2660,14.0,186,96.0,2.85,96.0,0.1,615.7775411,14885814.0,19.3,8.6,0
198,69.5,144.0,0.01,97.0,718,14.6,173,97.0,2.91,97.0,0.1,681.125368,1545478.0,19.1,8.4,0
197,69.9,142.0,0.01,94.0,788,15.2,161,94.0,3.6,94.0,0.1,757.6717572,15214912.0,18.9,8.9,0
196,73.0,14.0,0.01,96.0,5625,15.8,150,96.0,3.16,96.0,0.1,835.789341,153911916.0,18.7,9.4,0
195,77.0,137.0,0.01,94.0,1986,16.4,139,94.0,3.8,94.0,0.1,856.342857,15572753.0,18.5,9.9,0
194,71.0,135.0,0.01,96.0,237,17.0,130,96.0,2.88,96.0,0.1,951.8894535,157571292.0,18.3,10.0,0
193,71.4,132.0,0.01,97.0,289,17.7,121,97.0,2.82,97.0,0.1,184.56543,15945279.0,18.1,10.0,0
192,71.8,129.0,0.01,97.0,240,18.3,113,97.0,2.82,97.0,0.1,121.15812,1612886.0,17.9,10.2,0
223,73.3,127.0,7.43,91.0,0,43.0,0,86.0,5.16,93.0,0.9,11568.1111,1396923.0,4.3,14.0,0
222,73.4,125.0,7.38,18.0,0,43.8,0,93.0,5.47,84.0,0.7,11513.87189,1396923.0,4.2,14.0,0
221,73.5,123.0,7.59,66.0,0,44.6,0,86.0,5.76,87.0,0.8,11675.39395,1396923.0,4.2,14.0,0
220,73.7,121.0,7.65,91.0,0,45.4,0,9.0,5.82,89.0,0.4,1228.5447,1396923.0,4.1,14.2,0
219,73.8,119.0,7.68,93.0,0,46.2,0,93.0,5.71,93.0,0.2,12868.8639,1396923.0,4.1,14.4,0
218,73.9,117.0,8.01,92.0,0,46.9,0,91.0,5.38,92.0,0.1,14223.86576,1396923.0,4.0,14.6,0
217,74.1,115.0,8.39,84.0,0,47.7,0,85.0,5.27,84.0,0.1,15646.5591,1396923.0,4.0,14.8,0
216,74.2,113.0,8.47,93.0,0,48.4,0,93.0,5.64,93.0,0.1,16462.48556,1396923.0,3.9,15.0,0
215,74.4,111.0,8.95,85.0,0,49.2,0,85.0,6.1,85.0,0.1,1657.3228,1396923.0,3.9,15.3,0
214,74.6,19.0,8.46,93.0,0,49.9,0,93.0,6.21,93.0,0.1,16523.32388,1396923.0,3.8,15.5,0
213,74.7,16.0,8.41,86.0,0,5.7,0,9.0,6.17,86.0,0.1,1595.91232,1396923.0,3.8,15.8,0
212,74.9,14.0,8.51,91.0,0,51.4,0,91.0,6.67,91.0,0.1,15534.1574,1396923.0,3.8,15.5,0
211,75.1,12.0,8.61,87.0,0,52.2,0,88.0,7.43,87.0,0.1,15384.8749,1396923.0,3.8,15.3,0
210,75.2,11.0,8.74,91.0,0,53.0,0,91.0,7.57,91.0,0.1,15472.7814,1396923.0,3.8,15.3,0
209,75.4,1.0,8.82,94.0,0,53.7,0,95.0,7.47,94.0,0.1,15359.66971,1396923.0,3.8,15.3,0
208,75.5,98.0,8.82,97.0,0,54.5,0,97.0,7.47,97.0,0.1,15557.8381,1396923.0,3.8,15.3,0
239,68.0,247.0,12.98,9.0,21,54.4,1,99.0,6.13,99.0,0.1,1276.28834,997961.0,2.7,13.1,0
238,67.7,254.0,10.74,93.0,45,54.9,1,99.0,6.62,99.0,0.1,1244.373185,9928549.0,2.6,13.3,0
237,67.2,262.0,12.23,99.0,14,55.3,1,99.0,6.47,99.0,0.1,1479.383142,9865548.0,2.5,13.6,0
236,67.7,253.0,11.17,56.0,21,55.8,1,53.0,6.59,9.0,0.1,1819.525644,9796749.0,2.5,13.9,0
235,68.2,247.0,12.05,99.0,2,56.2,1,99.0,6.59,99.0,0.1,2378.33927,973146.0,2.4,14.1,0
234,68.1,252.0,11.01,99.0,1,56.7,1,98.0,6.89,99.0,0.1,3126.71767,9663915.0,2.3,14.4,0
233,68.9,243.0,12.6,98.0,149,57.2,1,97.0,6.34,99.0,0.1,3848.215966,964924.0,2.2,14.6,0
232,69.8,226.0,14.22,91.0,1,57.7,1,9.0,6.44,95.0,0.1,4735.484827,956953.0,2.2,14.9,0
231,70.0,224.0,14.67,98.0,0,58.2,1,98.0,5.95,97.0,0.1,6376.183153,9527985.0,2.1,15.1,0
230,70.0,226.0,14.09,98.0,0,58.7,1,98.0,6.9,96.0,0.1,5176.172649,956765.0,2.1,15.4,0
229,73.0,222.0,14.44,96.0,1,59.3,1,99.0,5.55,98.0,0.1,63.38877,949583.0,2.0,15.5,0
228,72.0,232.0,17.31,98.0,50,59.9,1,98.0,4.92,98.0,0.1,6519.71753,9473172.0,2.0,15.5,0
227,71.9,194.0,16.35,97.0,10,6.5,1,98.0,5.1,98.0,0.1,694.243915,9464495.0,2.0,15.6,0
226,71.7,23.0,14.66,98.0,16,61.1,1,98.0,6.7,98.0,0.1,7978.825443,9465997.0,2.0,15.7,0
225,72.0,199.0,13.94,97.0,64,61.7,0,97.0,5.69,97.0,0.1,8318.429294,9474511.0,1.9,15.7,0
224,72.3,196.0,13.94,99.0,2,62.3,0,99.0,5.69,99.0,0.1,5949.11677,9489616.0,1.9,15.6,0
255,77.6,11.0,11.21,9.0,0,58.1,1,96.0,8.12,95.0,0.1,2327.4591,125125.0,0.8,18.0,1
254,78.0,1.0,11.01,9.0,83,58.5,1,96.0,8.29,95.0,0.1,23121.56635,128657.0,0.8,18.2,1
253,78.0,99.0,11.29,9.0,0,59.0,1,96.0,8.46,95.0,0.1,2552.3328,1332785.0,0.8,18.8,1
252,78.3,95.0,11.28,64.0,44,59.4,1,96.0,9.3,95.0,0.1,3743.95693,1376133.0,0.8,18.6,1
251,78.8,91.0,12.05,64.0,61,59.8,1,96.0,9.32,95.0,0.1,35589.71295,1421137.0,0.8,18.8,1
250,78.9,89.0,12.27,77.0,26,6.2,1,97.0,9.24,97.0,0.1,36967.28292,1478617.0,0.8,15.7,1
249,79.4,85.0,10.98,94.0,15,6.6,1,99.0,9.17,98.0,0.1,38852.3613,1547958.0,0.8,15.7,1
248,79.5,86.0,10.25,94.0,64,6.9,1,99.0,9.25,98.0,0.1,4443.83131,16257.0,0.8,15.8,1
247,79.5,87.0,10.47,98.0,98,61.3,1,99.0,9.6,99.0,0.1,48424.58927,179973.0,0.8,15.8,1
246,79.8,85.0,10.05,97.0,33,61.6,1,98.0,1.39,98.0,0.1,4488.5615,1796493.0,0.9,15.8,1
245,80.0,81.0,10.22,97.0,40,61.9,1,98.0,1.17,98.0,0.1,4438.23741,1895586.0,0.9,15.9,1
244,83.0,8.0,10.11,97.0,576,62.3,1,98.0,1.42,98.0,0.1,4772.77415,1147744.0,0.9,16.1,1
243,83.0,78.0,10.08,98.0,109,62.6,1,99.0,1.54,99.0,0.1,4474.5717,11128246.0,0.9,16.2,1
242,87.0,77.0,11.77,98.0,39,63.0,1,99.0,1.57,99.0,0.1,4651.38647,11182817.0,1.0,16.3,1
241,89.0,76.0,12.6,98.0,70,63.4,1,99.0,1.59,99.0,0.1,47439.39684,112957.0,1.0,16.3,1
240,81.1,74.0,12.6,98.0,47,63.7,1,99.0,1.59,99.0,0.1,4356.875,11274196.0,1.0,16.6,1
270,68.2,21.0,4.9,96.0,0,41.4,0,96.0,4.5,96.0,0.4,3419.275719,254984.0,3.7,11.8,0
269,68.5,199.0,4.99,97.0,0,42.0,0,93.0,4.38,89.0,0.1,3556.561825,26226.0,3.7,11.9,0
268,68.4,21.0,5.67,96.0,0,42.6,0,95.0,4.53,96.0,1.5,3679.99523,26913.0,3.6,12.2,0
267,68.7,197.0,6.2,97.0,0,43.2,0,97.0,4.39,97.0,0.8,3831.53819,27689.0,3.6,12.5,0
266,69.0,191.0,6.25,96.0,0,43.8,0,96.0,4.45,96.0,0.8,3933.332215,283277.0,3.6,12.8,0
265,69.4,184.0,6.48,98.0,0,44.4,0,98.0,4.4,98.0,0.6,4187.3783,29747.0,3.6,12.3,0
264,69.6,181.0,7.24,96.0,0,45.0,0,97.0,4.76,96.0,0.6,4324.876427,29847.0,3.5,12.8,0
263,69.6,181.0,7.22,94.0,0,45.7,0,94.0,5.9,94.0,0.1,447.22796,36165.0,3.5,12.8,0
262,69.5,184.0,6.85,97.0,0,46.3,0,98.0,5.81,97.0,0.3,4258.788611,313929.0,3.5,12.7,0
261,69.5,186.0,6.76,96.0,0,47.0,0,96.0,5.85,96.0,0.2,4344.15177,32168.0,3.5,12.4,0
260,69.4,188.0,6.64,95.0,0,47.8,0,95.0,5.61,95.0,0.5,4516.24675,329192.0,3.5,12.4,0
259,69.4,189.0,6.66,98.0,0,48.5,0,98.0,5.45,98.0,0.1,4673.63848,33671.0,3.5,12.5,0
258,69.8,18.0,6.56,95.0,0,49.3,0,95.0,5.79,95.0,0.2,4688.538443,344181.0,3.4,12.9,0
257,70.0,177.0,6.58,95.0,0,5.1,0,95.0,5.79,95.0,0.2,4852.223666,351694.0,3.4,12.8,0
256,71.0,175.0,6.58,94.0,0,5.9,0,94.0,5.79,94.0,0.2,4849.997495,359288.0,3.5,12.8,0
287,55.4,279.0,1.34,91.0,4244,18.4,40,78.0,4.34,78.0,2.0,374.1923942,6865951.0,9.7,6.4,0
286,55.5,281.0,1.29,91.0,5859,18.8,40,77.0,4.69,76.0,2.1,378.73654,776733.0,9.5,6.6,0
285,55.6,283.0,1.23,15.0,1588,19.2,40,76.0,4.27,75.0,2.1,418.6985763,7295394.0,9.3,7.3,0
284,55.8,285.0,1.35,73.0,217,19.7,40,75.0,4.63,73.0,2.1,519.2922847,752555.0,9.1,7.7,0
281,56.8,284.0,1.19,74.0,176,21.0,39,76.0,4.75,74.0,2.0,625.8392,8216896.0,8.5,8.7,0
280,57.1,283.0,1.12,82.0,341,21.5,39,82.0,4.55,82.0,2.0,76.535419,8454791.0,8.3,8.9,0
279,57.6,278.0,1.28,75.0,928,22.0,39,77.0,4.2,75.0,1.8,82.1513498,8696916.0,8.1,9.1,0
278,58.4,259.0,1.16,79.0,1461,22.5,39,9.0,4.46,79.0,1.6,793.45243,894476.0,7.9,9.3,0
277,58.7,254.0,1.33,76.0,392,23.0,39,77.0,4.95,76.0,1.4,757.695974,9199259.0,7.8,9.5,0
276,59.1,251.0,1.4,75.0,426,23.5,39,77.0,5.37,75.0,1.4,825.9427854,94682.0,7.6,9.8,0
275,59.3,251.0,0.01,9.0,288,24.1,39,9.0,4.86,9.0,1.3,837.9551,972916.0,7.4,10.0,0
274,59.5,251.0,0.01,77.0,637,24.6,39,73.0,4.59,77.0,1.2,915.2674586,14451.0,7.2,10.3,0
273,59.7,252.0,0.01,78.0,786,25.2,39,74.0,4.59,78.0,1.1,943.686575,1286712.0,7.1,10.7,0
272,60.0,249.0,0.01,82.0,55,25.7,39,78.0,4.59,82.0,1.0,783.94791,1575952.0,6.9,10.7,0
303,62.0,312.0,0.17,98.0,418,13.9,1,98.0,6.91,92.0,0.1,765.8632358,573416.0,19.2,7.3,0
302,61.7,29.0,0.14,89.0,756,14.4,1,88.0,5.91,88.0,0.1,87.9387673,5896.0,18.9,7.6,0
301,62.5,282.0,0.29,83.0,27,14.9,1,89.0,7.75,86.0,0.1,885.6382245,66399.0,18.6,8.0,0
300,63.3,273.0,0.52,95.0,0,15.5,1,96.0,4.9,95.0,0.2,997.7417141,623434.0,18.3,8.4,0
299,64.2,263.0,0.96,89.0,3,16.1,1,9.0,4.41,89.0,0.3,197.45788,64282.0,18.0,8.8,0
298,65.0,254.0,0.73,95.0,11,16.7,1,95.0,5.28,95.0,0.3,1247.61392,656639.0,17.8,9.2,0
297,65.8,245.0,0.29,95.0,2,17.4,1,96.0,5.27,95.0,0.3,1335.45696,672228.0,17.5,9.6,0
296,66.5,238.0,0.16,95.0,11,18.0,1,93.0,5.88,95.0,0.3,1741.142552,686958.0,17.3,10.1,0
295,67.0,234.0,0.21,96.0,7,18.8,1,96.0,6.58,96.0,0.4,1795.18137,795.0,17.1,10.5,0
294,67.4,232.0,0.17,93.0,6,19.5,1,93.0,6.3,93.0,0.4,177.234497,714458.0,16.8,10.9,0
292,68.3,225.0,0.23,95.0,10,21.1,1,95.0,4.73,95.0,0.5,2458.45976,7451.0,16.3,11.9,0
291,68.7,223.0,0.01,97.0,1,21.9,1,97.0,3.7,97.0,0.6,2422.816,752967.0,16.1,12.3,0
290,69.1,219.0,0.01,97.0,0,22.7,1,97.0,3.83,97.0,0.6,235.882889,764961.0,15.9,12.6,0
289,69.4,216.0,0.01,99.0,0,23.6,1,98.0,3.57,99.0,0.5,2522.7968,776448.0,15.7,12.5,0
288,69.8,211.0,0.01,99.0,11,24.5,0,98.0,3.57,99.0,0.5,2613.645177,787386.0,15.4,12.5,0
319,62.6,243.0,2.32,77.0,122,42.6,20,74.0,5.67,75.0,0.1,1228.829749,1396923.0,1.5,13.3,0
318,63.3,238.0,2.2,77.0,0,43.3,19,71.0,6.31,71.0,0.1,1228.829749,1396923.0,1.5,13.7,0
317,63.9,234.0,2.26,77.0,0,44.0,18,76.0,6.53,77.0,0.1,1228.829749,1396923.0,1.4,14.0,0
316,64.5,23.0,2.37,9.0,0,44.7,17,82.0,5.3,88.0,0.2,1228.829749,1396923.0,1.4,14.4,0
315,65.1,226.0,2.66,84.0,0,45.4,16,84.0,5.22,84.0,0.2,1228.829749,1396923.0,1.4,14.6,0
314,65.7,222.0,2.86,85.0,0,46.0,16,84.0,5.67,85.0,0.2,1228.829749,1396923.0,1.3,14.4,0
313,66.2,219.0,3.23,83.0,0,46.7,15,82.0,5.19,83.0,0.2,1228.829749,1396923.0,1.3,14.3,0
312,66.8,216.0,3.47,84.0,0,47.3,14,85.0,4.96,84.0,0.2,1228.829749,1396923.0,1.3,14.1,0
311,67.4,211.0,3.77,88.0,0,48.0,13,87.0,5.0,88.0,0.2,1228.829749,1396923.0,1.3,14.0,0
310,68.0,27.0,3.87,93.0,0,48.6,12,92.0,5.76,93.0,0.2,1228.829749,1396923.0,1.2,13.8,0
309,68.7,22.0,3.95,91.0,0,49.3,12,9.0,5.44,91.0,0.2,1228.829749,1396923.0,1.2,13.8,0
308,69.3,198.0,3.93,95.0,0,49.9,11,95.0,5.49,95.0,0.2,1228.829749,1396923.0,1.2,13.8,0
307,69.8,194.0,3.89,93.0,0,5.6,11,93.0,5.56,93.0,0.1,1228.829749,1396923.0,1.2,13.8,0
306,71.0,192.0,3.78,94.0,0,51.2,10,95.0,5.96,94.0,0.1,1228.829749,1396923.0,1.2,13.8,0
305,74.0,189.0,3.62,98.0,0,51.9,10,99.0,6.33,98.0,0.1,1228.829749,1396923.0,1.2,13.8,0
304,77.0,186.0,3.62,99.0,0,52.6,10,99.0,6.33,99.0,0.1,1228.829749,1396923.0,1.2,13.8,0
335,74.6,116.0,3.64,91.0,43,47.6,0,87.0,7.9,85.0,0.1,1461.7552,376676.0,3.3,0.0,0
334,74.9,113.0,3.85,91.0,0,48.2,0,92.0,7.16,91.0,0.1,1524.41222,3771284.0,3.2,11.6,0
333,75.4,11.0,3.84,91.0,28,48.8,0,86.0,7.1,9.0,0.1,1761.537647,377587.0,3.1,11.9,0
332,75.2,12.0,4.14,91.0,18,49.4,0,87.0,7.94,87.0,0.1,2214.732246,3779247.0,3.0,12.1,0
331,75.5,99.0,4.25,36.0,28,49.9,0,87.0,9.4,84.0,0.1,265.642661,3781287.0,3.0,12.3,0
330,75.0,12.0,4.56,93.0,23,5.5,0,95.0,8.5,93.0,0.1,2968.41186,378153.0,2.9,12.5,0
329,75.7,1.0,4.82,9.0,17,51.0,0,91.0,8.28,87.0,0.1,344.321698,3779468.0,2.9,12.7,0
328,75.4,16.0,5.16,94.0,166,51.5,0,95.0,8.37,95.0,0.1,418.292176,3774.0,2.8,12.9,0
327,76.0,98.0,5.13,88.0,8,52.1,0,92.0,8.58,91.0,0.1,575.31664,3763599.0,2.8,13.1,0
326,76.1,97.0,4.75,9.0,22,52.6,0,9.0,9.64,9.0,0.1,4697.89732,3746561.0,2.7,13.3,0
325,76.4,94.0,4.54,89.0,45,53.1,0,9.0,9.58,89.0,0.1,4611.47298,372284.0,2.6,13.3,0
324,76.9,92.0,4.64,88.0,10,53.7,0,89.0,9.71,88.0,0.1,55.156834,3688865.0,2.6,13.4,0
323,76.8,92.0,4.61,92.0,22,54.2,0,87.0,9.94,92.0,0.1,4716.673325,36482.0,2.5,13.9,0
322,77.0,9.0,4.12,91.0,0,54.7,0,87.0,9.46,89.0,0.1,535.86555,364999.0,2.4,14.2,0
321,77.2,89.0,4.03,89.0,3000,55.3,0,86.0,9.57,86.0,0.1,5193.94932,35662.0,2.4,14.2,0
320,77.4,88.0,4.03,82.0,1677,55.8,0,74.0,9.57,82.0,0.1,4574.9787,3535961.0,2.3,14.2,0
351,47.8,399.0,5.37,86.0,2672,29.9,4,97.0,4.64,97.0,8.6,3349.68823,172834.0,12.3,11.7,0
349,46.0,399.0,6.41,88.0,7,31.1,4,97.0,6.47,97.0,8.6,355.618382,1779953.0,11.4,11.9,0
348,46.4,399.0,5.51,9.0,59,31.6,4,96.0,4.65,96.0,8.6,4163.6596,184339.0,1.9,11.8,0
347,48.1,399.0,4.9,91.0,1,32.2,4,96.0,5.56,96.0,8.6,4896.583835,182933.0,1.5,11.8,0
346,51.7,399.0,6.37,92.0,5,32.7,3,96.0,5.62,96.0,8.6,5351.253732,1855852.0,1.0,11.9,0
345,54.8,399.0,6.45,93.0,6,33.2,3,96.0,4.93,96.0,8.6,5374.554867,1884238.0,9.6,11.9,0
344,56.9,399.0,6.21,93.0,1,33.7,3,96.0,4.71,96.0,8.6,5714.47937,1914414.0,9.2,12.1,0
343,57.5,399.0,6.56,94.0,0,34.2,3,96.0,5.55,96.0,8.6,5623.379566,1946351.0,8.8,12.1,0
342,59.2,393.0,5.01,94.0,184,34.7,3,96.0,6.39,96.0,8.6,5185.729845,1979882.0,8.4,12.2,0
341,61.1,349.0,5.99,95.0,853,35.2,3,96.0,5.64,95.0,6.2,6346.15624,214866.0,8.0,12.3,0
340,62.2,325.0,5.76,95.0,8,35.7,3,96.0,5.25,95.0,5.5,7645.21469,251339.0,7.7,12.4,0
339,63.4,3.0,0.01,95.0,7,36.2,3,96.0,6.27,95.0,4.4,729.231453,289315.0,7.3,12.5,0
338,64.2,286.0,0.01,95.0,1,36.8,2,96.0,5.84,95.0,2.8,77.625783,212857.0,7.0,12.6,0
337,65.1,268.0,0.01,95.0,1,37.3,2,96.0,5.41,95.0,2.3,7497.762376,2168573.0,6.7,12.6,0
336,65.7,256.0,0.01,95.0,0,37.9,2,96.0,5.41,95.0,2.2,6532.651,229197.0,6.4,12.6,0
367,75.0,183.0,7.26,94.0,36,43.7,127,99.0,7.3,98.0,0.1,3739.11936,175287587.0,3.4,14.1,0
366,71.0,179.0,7.13,91.0,1,44.5,118,99.0,7.19,98.0,0.1,3146.95177,1777567.0,3.4,14.3,0
365,71.4,176.0,7.0,92.0,1,45.3,109,99.0,7.13,99.0,0.1,2819.649531,1815121.0,3.3,14.6,0
364,71.8,172.0,6.95,97.0,2,46.1,100,99.0,6.94,99.0,0.1,359.587582,182482149.0,3.3,14.8,0
363,72.0,17.0,6.85,96.0,0,46.9,93,99.0,7.7,99.0,0.1,3623.47667,184738458.0,3.2,14.0,0
362,72.7,163.0,6.97,98.0,6,47.8,85,99.0,8.27,99.0,0.1,477.182746,186917361.0,3.2,13.8,0
361,73.0,161.0,7.1,99.0,57,48.6,79,99.0,8.36,99.0,0.1,586.145975,18912412.0,3.1,13.8,0
360,73.3,159.0,7.19,99.0,0,49.4,73,99.0,8.28,99.0,0.1,7313.557962,19126637.0,3.1,13.5,0
359,73.4,158.0,7.21,96.0,0,5.3,68,99.0,8.24,99.0,0.1,8787.61375,19297929.0,3.0,13.3,0
358,73.6,157.0,7.33,99.0,0,51.1,64,99.0,8.65,99.0,0.1,8553.3847,194895996.0,3.0,13.8,0
357,73.8,154.0,7.52,96.0,68,52.0,61,99.0,8.27,99.0,0.1,11224.1548,196796269.0,2.9,13.8,0
356,74.1,152.0,7.58,98.0,43,52.8,57,98.0,8.9,99.0,0.1,13167.47289,198686688.0,2.9,14.0,0
355,74.5,148.0,7.55,96.0,2,53.6,54,96.0,8.26,95.0,0.1,12291.46685,256983.0,2.8,14.2,0
354,74.7,146.0,7.24,96.0,220,54.5,52,96.0,8.48,97.0,0.1,12216.9446,2248632.0,2.8,14.2,0
353,74.8,144.0,7.32,96.0,876,55.3,49,96.0,8.32,93.0,0.1,1226.61731,24213133.0,2.7,15.2,0
352,75.0,142.0,7.32,96.0,214,56.1,47,98.0,8.32,96.0,0.1,8757.2622,2596218.0,2.7,15.2,0
383,74.4,16.0,0.37,99.0,42,26.1,0,99.0,3.5,99.0,0.1,188.44826,1396923.0,6.8,13.4,0
382,74.7,19.0,0.47,99.0,11,27.0,0,99.0,3.6,97.0,0.1,16468.12886,1396923.0,6.8,13.4,0
381,74.8,95.0,0.13,99.0,0,28.0,0,99.0,3.4,94.0,0.1,16846.2198,1396923.0,6.7,13.3,0
380,76.0,89.0,0.12,99.0,24,29.1,0,99.0,3.9,92.0,0.1,18555.56649,1396923.0,6.6,13.4,0
378,76.2,92.0,0.16,99.0,9,31.2,0,93.0,2.62,94.0,0.1,2612.13345,1396923.0,6.4,14.1,0
377,76.3,93.0,0.67,99.0,0,32.2,0,94.0,2.24,97.0,0.1,398.96692,1396923.0,6.3,14.3,0
376,76.0,1.0,0.85,97.0,0,33.2,0,95.0,2.32,99.0,0.1,32672.36717,1396923.0,6.2,14.3,0
375,77.2,84.0,0.67,96.0,3,34.2,0,97.0,2.23,98.0,0.1,37951.286,1396923.0,6.1,14.2,0
374,76.8,88.0,0.25,96.0,2,35.2,0,99.0,2.85,99.0,0.1,27965.4754,1396923.0,6.0,14.1,0
373,76.9,79.0,0.88,96.0,0,36.2,0,99.0,2.73,95.0,0.1,35268.1117,1396923.0,5.9,14.2,0
372,77.4,79.0,0.97,93.0,4,37.2,0,99.0,2.25,97.0,0.1,4717.273,1396923.0,5.9,14.1,0
371,78.3,79.0,0.01,99.0,1,38.2,0,99.0,2.3,99.0,0.1,47651.2599,1396923.0,5.8,14.4,0
370,77.1,84.0,0.01,98.0,0,39.2,0,99.0,2.61,99.0,0.1,44597.27968,1396923.0,5.8,14.9,0
368,77.7,78.0,0.01,99.0,4,41.2,0,99.0,2.65,99.0,0.1,3967.8951,1396923.0,5.7,14.9,0
399,71.1,163.0,9.69,94.0,46,57.0,1,94.0,6.7,93.0,0.1,169.28586,817172.0,2.5,12.9,1
398,71.6,16.0,10.72,93.0,8,57.5,1,94.0,7.23,94.0,0.1,1764.97387,89142.0,2.4,12.9,1
397,71.8,157.0,10.2,88.0,0,58.1,1,94.0,7.41,93.0,0.1,287.534843,7837161.0,2.4,12.9,1
396,72.0,155.0,11.19,96.0,0,58.6,1,96.0,7.43,96.0,0.1,271.46824,7775327.0,2.3,12.9,1
395,72.2,157.0,10.96,94.0,0,59.1,1,94.0,7.9,95.0,0.1,3381.57837,771686.0,2.3,13.3,1
394,72.1,16.0,10.48,96.0,3,59.7,1,97.0,7.8,96.0,0.1,3893.68998,7658972.0,2.2,13.5,1
393,72.2,161.0,10.39,96.0,1,6.3,1,96.0,6.67,95.0,0.1,4513.13628,76122.0,2.2,13.5,1
392,72.6,157.0,10.89,95.0,1,6.9,1,95.0,6.41,95.0,0.1,5932.899677,7545338.0,2.1,13.5,1
391,72.9,155.0,10.98,96.0,1,61.5,1,96.0,6.61,95.0,0.1,7296.122479,7492561.0,2.1,13.8,1
390,73.2,152.0,10.93,96.0,2249,62.1,1,94.0,6.78,94.0,0.1,6955.987733,7444443.0,2.0,13.8,1
389,73.4,147.0,10.8,95.0,10000,62.7,1,94.0,7.24,94.0,0.1,6843.263289,7395599.0,2.0,13.9,1
388,73.7,144.0,10.67,96.0,157,63.3,1,95.0,6.88,95.0,0.1,7813.83499,7348328.0,2.0,14.2,1
387,73.9,139.0,10.99,95.0,1,63.9,1,95.0,7.11,95.0,0.1,7378.25539,735888.0,1.9,14.3,1
386,74.1,14.0,12.06,95.0,14,64.5,1,95.0,7.93,95.0,0.1,7674.86559,7265115.0,1.9,14.4,1
385,74.3,138.0,12.03,95.0,0,65.1,1,88.0,8.44,88.0,0.1,7853.335191,7223938.0,1.9,14.8,1
384,74.5,137.0,12.03,92.0,0,65.7,1,91.0,8.44,91.0,0.1,6993.47736,7177991.0,1.9,15.0,1
415,51.0,348.0,3.71,91.0,6074,12.2,92,45.0,5.6,45.0,4.0,226.4759814,1167942.0,11.4,3.4,0
414,56.0,344.0,4.56,91.0,4174,12.5,93,62.0,4.85,62.0,3.6,235.4912324,11944587.0,11.2,3.5,0
413,51.0,338.0,4.53,91.0,1744,12.9,93,69.0,5.26,69.0,3.2,26.7635413,122931.0,11.0,3.6,0
412,51.6,332.0,4.58,91.0,2946,13.3,92,83.0,5.61,79.0,2.9,332.344351,12654621.0,1.7,3.8,0
411,52.4,323.0,4.54,91.0,77,13.7,91,83.0,6.45,79.0,2.5,371.323865,133569.0,1.5,3.9,0
410,53.3,313.0,4.88,91.0,253,14.2,89,94.0,6.87,82.0,2.3,46.998871,1342193.0,1.3,4.3,0
409,54.3,32.0,4.73,76.0,125,14.6,86,94.0,6.58,86.0,2.0,422.6332374,13829177.0,1.0,4.7,0
408,55.3,293.0,4.58,89.0,12,15.1,83,93.0,6.63,89.0,1.7,475.11122,1425221.0,9.8,4.9,0
407,56.1,288.0,4.5,93.0,395,15.6,80,92.0,6.77,93.0,1.5,569.7612784,14689726.0,9.5,5.4,0
406,56.9,283.0,4.55,92.0,10000,16.1,77,91.0,7.41,92.0,1.1,552.7455521,1514199.0,9.3,5.9,0
405,57.5,279.0,4.55,91.0,2511,16.6,74,9.0,7.17,91.0,1.0,575.4464527,1565217.0,9.0,6.3,0
404,58.1,275.0,4.51,91.0,860,17.1,71,9.0,5.17,91.0,0.9,666.842783,168194.0,8.8,6.7,0
403,58.6,271.0,4.75,9.0,7362,17.7,68,9.0,5.33,9.0,0.8,673.8227,16571216.0,8.6,7.2,0
402,59.0,27.0,4.64,88.0,375,18.2,66,89.0,5.91,88.0,0.7,699.452847,1772723.0,8.4,7.5,0
401,59.3,268.0,0.01,91.0,343,18.8,63,91.0,4.96,91.0,0.6,75.1464113,17585977.0,8.2,7.7,0
400,59.9,26.0,0.01,91.0,99,19.4,61,91.0,4.96,91.0,0.6,615.592225,1811624.0,8.0,7.7,0
431,58.0,386.0,6.61,91.0,10000,12.8,41,71.0,4.98,9.0,5.2,135.9984455,6476.0,9.0,4.5,0
430,51.3,385.0,6.09,91.0,0,13.0,40,72.0,4.96,81.0,5.3,133.7427689,6555829.0,8.8,4.5,0
429,51.5,387.0,5.98,91.0,1016,13.3,39,74.0,5.15,81.0,5.2,122.4335893,6741569.0,8.7,4.4,0
428,51.9,387.0,5.84,91.0,224,13.5,38,75.0,5.25,82.0,5.1,112.849373,6953113.0,8.5,4.7,0
427,52.6,378.0,5.72,83.0,2,13.8,38,76.0,7.1,83.0,4.8,127.4296648,7182451.0,8.4,5.2,0
426,53.4,369.0,5.54,87.0,0,14.1,37,82.0,9.84,87.0,4.3,15.57434,7423289.0,8.2,5.6,0
425,54.1,361.0,4.5,92.0,784,14.5,36,88.0,11.49,92.0,3.8,165.8794176,7675338.0,8.1,5.9,0
424,54.8,355.0,4.54,99.0,43,14.8,36,93.0,1.3,99.0,3.4,17.79995,7939573.0,8.0,7.2,0
423,55.3,35.0,4.33,92.0,173,15.2,35,89.0,7.86,92.0,2.9,196.2472628,8212264.0,7.9,7.9,0
422,56.2,338.0,4.05,94.0,305,15.7,34,96.0,6.96,94.0,2.4,24.944652,848931.0,7.8,8.6,0
421,56.8,33.0,4.16,96.0,495,16.1,34,94.0,8.82,96.0,1.9,231.1943256,876693.0,7.7,9.3,0
420,57.4,321.0,4.16,96.0,129,16.6,33,95.0,8.58,96.0,1.5,26.479973,94358.0,7.6,9.9,0
419,58.0,312.0,0.01,96.0,49,17.1,33,96.0,8.21,96.0,1.2,265.285651,931971.0,7.5,10.3,0
418,58.6,33.0,0.01,96.0,0,17.6,32,96.0,8.3,96.0,1.0,282.7555252,96186.0,7.4,10.5,0
417,59.1,297.0,0.01,95.0,0,18.2,32,95.0,7.54,95.0,0.7,312.7489794,989179.0,7.4,10.6,0
416,59.6,288.0,0.01,94.0,9,18.7,31,94.0,7.54,94.0,0.7,33.681223,119927.0,7.3,10.6,0
463,69.9,155.0,3.49,91.0,2,21.5,0,9.0,4.81,9.0,0.8,1239.377855,43579.0,9.6,11.3,0
462,73.0,152.0,3.81,91.0,0,22.1,0,91.0,5.19,9.0,0.8,1268.884564,443716.0,9.4,11.0,0
461,77.0,148.0,3.82,9.0,0,22.6,0,92.0,5.17,91.0,0.8,1373.515636,45216.0,9.2,11.3,0
460,71.1,144.0,4.16,66.0,0,23.2,0,93.0,5.0,92.0,0.9,1768.92132,46147.0,8.9,11.3,0
459,71.4,14.0,4.19,91.0,0,23.7,0,94.0,5.6,93.0,0.8,1976.45856,467664.0,8.7,11.1,0
458,71.8,134.0,4.26,93.0,0,24.3,0,95.0,4.86,95.0,0.8,248.13459,474567.0,8.5,11.2,0
457,72.1,129.0,4.25,95.0,0,24.9,0,97.0,5.11,96.0,0.6,234.28992,48795.0,8.3,11.9,0
456,72.3,126.0,5.28,96.0,0,25.5,0,98.0,4.3,98.0,0.6,3112.285712,486438.0,8.1,11.9,0
455,72.4,124.0,4.16,98.0,0,26.2,0,99.0,3.96,99.0,0.4,3638.95946,491723.0,7.8,12.2,0
454,72.4,124.0,4.45,98.0,0,26.8,0,99.0,4.24,99.0,0.4,3444.5566,496963.0,7.6,12.4,0
453,72.5,123.0,4.75,98.0,0,27.5,0,99.0,4.83,99.0,0.4,3312.825985,52384.0,7.4,12.7,0
452,72.6,122.0,5.07,9.0,0,28.2,0,9.0,4.6,9.0,0.3,367.429453,5867.0,7.3,13.1,0
451,72.7,121.0,0.01,94.0,0,29.0,0,94.0,4.61,94.0,0.3,348.482762,513979.0,7.1,13.2,0
450,72.8,12.0,0.01,94.0,0,29.7,0,93.0,4.29,93.0,0.2,3558.796314,5216.0,6.9,13.6,0
448,73.3,114.0,0.01,96.0,0,31.3,0,93.0,4.76,93.0,0.2,2954.119467,532913.0,6.6,13.5,0
479,57.7,274.0,1.51,91.0,10000,12.1,36,62.0,5.87,59.0,2.1,3.685949,12152354.0,11.6,7.2,0
478,58.5,273.0,1.71,91.0,3761,12.4,33,59.0,5.7,9.0,2.2,321.22634,1242473.0,11.6,7.6,0
477,59.3,273.0,1.43,91.0,1361,12.8,29,54.0,5.95,54.0,2.1,339.676984,12634729.0,11.6,8.2,0
476,63.0,268.0,1.44,91.0,653,13.1,26,69.0,6.74,69.0,1.9,362.4213785,12853124.0,11.6,9.3,0
475,61.5,253.0,1.38,91.0,352,13.5,24,86.0,6.43,85.0,1.7,48.615184,1363377.0,11.6,9.7,0
474,62.9,234.0,1.99,91.0,264,13.9,22,82.0,5.84,82.0,1.4,474.2238766,132721.0,11.5,10.0,0
473,64.1,216.0,2.03,9.0,188,14.3,21,9.0,4.48,9.0,1.1,539.8791529,13474489.0,11.4,10.1,0
472,65.0,24.0,2.08,82.0,394,14.8,20,82.0,3.75,82.0,0.9,631.675789,13676693.0,11.3,10.3,0
471,65.6,199.0,2.24,91.0,4211,15.3,18,91.0,5.55,91.0,0.7,745.7877873,138859.0,11.2,10.5,0
470,66.1,195.0,2.13,92.0,4779,15.9,17,95.0,6.36,94.0,0.6,738.2326684,14928.0,11.1,10.5,0
469,66.6,192.0,2.2,89.0,1156,16.4,16,88.0,5.95,89.0,0.5,785.6928841,143874.0,11.0,10.6,0
468,67.0,19.0,2.12,88.0,722,17.0,15,87.0,5.64,88.0,0.3,882.491462,14537886.0,11.0,10.7,0
467,67.4,186.0,0.01,86.0,15,17.6,14,84.0,6.24,86.0,0.3,95.244132,14776866.0,11.0,10.7,0
466,67.8,183.0,0.01,83.0,0,18.2,13,66.0,5.93,83.0,0.2,128.419568,1522692.0,11.0,10.8,0
465,68.3,179.0,0.01,88.0,0,18.9,12,87.0,5.68,88.0,0.2,198.687123,152779.0,1.9,10.9,0
464,68.7,174.0,0.01,89.0,0,19.6,12,87.0,5.68,89.0,0.2,1163.18977,15517635.0,1.9,10.9,0
494,51.5,41.0,4.43,91.0,10000,21.3,99,61.0,4.7,63.0,7.9,614.6729339,15671927.0,7.5,7.1,0
493,51.6,47.0,4.58,91.0,1448,21.8,97,66.0,4.86,66.0,7.8,676.397661,1684886.0,7.4,8.4,0
492,51.8,399.0,4.64,91.0,899,22.3,95,72.0,4.97,73.0,7.7,824.8689393,16513822.0,7.2,8.1,0
491,52.1,399.0,4.71,91.0,358,22.8,94,72.0,4.73,73.0,7.5,93.211716,1695981.0,7.0,8.2,0
490,52.8,4.0,5.03,79.0,605,23.3,93,79.0,4.75,9.0,7.4,952.1872484,1742795.0,6.9,8.3,0
489,53.3,394.0,5.22,81.0,196,23.8,91,78.0,4.69,81.0,7.2,12.989164,17899562.0,6.7,8.2,0
488,53.6,395.0,5.44,82.0,100,24.4,89,81.0,4.76,82.0,7.0,111.71186,18395389.0,6.6,8.0,0
487,54.2,382.0,5.9,84.0,495,24.9,87,82.0,5.18,84.0,6.7,1233.524316,18978.0,6.4,8.8,0
486,54.8,373.0,5.89,9.0,251,25.4,85,79.0,5.7,9.0,6.3,123.19538,19432541.0,6.3,9.2,0
485,55.3,37.0,6.15,84.0,240,26.0,82,83.0,5.28,84.0,5.5,1182.869227,1997495.0,6.1,9.7,0
484,55.6,371.0,6.19,82.0,504,26.6,79,9.0,3.96,82.0,4.9,1295.649726,252447.0,6.0,10.0,0
483,55.9,369.0,0.01,85.0,609,27.2,76,85.0,4.34,85.0,4.6,1255.648189,2182383.0,5.9,10.4,0
482,56.4,364.0,0.01,89.0,760,27.8,73,88.0,4.29,89.0,4.0,1365.34419,21655715.0,5.8,10.4,0
481,56.7,366.0,0.01,87.0,831,28.4,71,86.0,4.1,87.0,3.7,1441.1417,2223994.0,5.7,10.4,0
480,57.3,357.0,0.01,84.0,1809,29.0,68,83.0,4.1,84.0,3.5,1244.429421,22834522.0,5.6,10.4,0
511,79.1,82.0,7.6,91.0,206,57.8,2,88.0,8.67,89.0,0.1,24124.16917,37697.0,0.5,15.9,0
510,79.4,8.0,7.6,91.0,34,58.5,2,88.0,9.1,89.0,0.1,23691.59472,31819.0,0.5,15.8,0
509,79.5,79.0,7.7,91.0,6,59.3,2,88.0,9.37,88.0,0.1,24167.8431,31362.0,0.5,15.8,0
508,79.7,78.0,7.7,14.0,15,6.0,2,88.0,9.54,91.0,0.1,28172.14883,31676.0,0.5,15.8,0
507,80.0,77.0,7.8,14.0,7,6.6,2,91.0,9.56,91.0,0.1,31979.87195,31995.0,0.5,15.8,0
506,81.0,76.0,8.0,14.0,6,61.3,2,93.0,9.57,93.0,0.1,36189.58838,32312.0,0.5,15.8,0
505,85.0,75.0,8.2,14.0,13,61.9,2,95.0,9.75,95.0,0.1,4386.69948,325755.0,0.5,15.8,0
504,85.0,74.0,8.3,14.0,101,62.5,2,9.0,9.83,94.0,0.1,44544.5268,32887928.0,0.5,15.8,0
503,87.0,74.0,8.3,28.0,62,63.0,2,89.0,1.3,92.0,0.1,46596.33599,33245773.0,0.5,15.8,0
502,81.0,72.0,8.4,42.0,14,63.6,2,89.0,11.17,91.0,0.1,4773.45436,33628571.0,0.5,15.9,0
501,81.2,7.0,8.4,56.0,99,64.1,2,88.0,11.2,89.0,0.1,47447.4762,345274.0,0.5,15.9,0
500,81.5,68.0,8.2,9.0,803,64.7,2,87.0,1.82,87.0,0.1,5282.2176,3434278.0,0.5,15.9,0
499,81.6,68.0,8.3,9.0,10,65.3,2,99.0,1.78,95.0,0.1,52496.69487,3475545.0,0.5,15.9,0
498,81.8,67.0,8.2,55.0,83,65.8,2,91.0,1.67,91.0,0.1,52413.72116,35155451.0,0.5,15.9,0
497,82.0,65.0,8.1,55.0,418,66.4,2,91.0,1.45,91.0,0.1,544.43376,35544564.0,0.5,15.9,0
496,82.2,64.0,8.1,55.0,195,67.0,2,91.0,1.45,91.0,0.1,43315.744,3584861.0,0.6,16.3,0
527,46.0,49.0,1.51,91.0,3207,16.5,25,38.0,4.24,37.0,8.6,243.5429317,3754986.0,1.5,5.2,0
526,45.6,54.0,1.52,91.0,2837,16.8,25,9.0,3.95,9.0,8.6,243.1586486,383223.0,1.4,5.3,0
525,45.6,58.0,1.47,91.0,938,17.2,25,42.0,4.16,44.0,8.6,253.768343,397612.0,1.2,5.4,0
524,45.7,51.0,1.49,91.0,652,17.5,26,44.0,4.31,47.0,8.6,286.25819,3981665.0,1.0,5.6,0
523,45.7,399.0,1.5,91.0,1233,17.9,26,45.0,4.1,51.0,8.6,313.21598,45536.0,9.9,5.7,0
522,45.9,399.0,1.5,91.0,471,18.2,26,47.0,4.29,54.0,8.6,327.1149461,412791.0,9.7,5.9,0
521,46.3,56.0,1.54,91.0,3,18.6,26,47.0,3.99,51.0,8.6,347.673678,421758.0,9.6,6.0,0
520,46.8,399.0,1.5,91.0,49,19.0,26,46.0,4.4,48.0,8.6,397.148467,42758.0,9.4,6.2,0
519,47.6,399.0,1.52,91.0,12,19.4,25,46.0,4.3,45.0,8.3,456.8614334,4345386.0,9.3,6.3,0
518,48.6,399.0,1.56,42.0,11,19.8,25,45.0,3.58,42.0,7.3,449.961839,44423.0,9.1,6.4,0
515,53.0,399.0,0.01,47.0,141,21.2,23,47.0,3.62,47.0,5.1,486.41114,449416.0,8.7,7.1,0
514,49.9,399.0,0.01,23.0,596,21.6,23,23.0,3.82,23.0,5.1,337.4849614,4499653.0,8.5,7.1,0
513,58.0,399.0,0.01,47.0,210,22.1,22,47.0,4.2,47.0,4.5,377.132274,4515392.0,8.4,7.1,0
512,52.5,397.0,0.01,47.0,150,22.7,21,47.0,4.2,47.0,4.4,348.381417,45461.0,8.2,7.1,0
543,47.6,44.0,0.25,91.0,3546,13.9,74,9.0,6.28,36.0,4.6,166.231785,8342559.0,11.5,4.7,0
542,48.0,4.0,0.3,91.0,10000,14.1,75,26.0,6.9,26.0,4.8,197.3156442,866312.0,11.3,4.9,0
541,48.1,43.0,0.36,91.0,7277,14.4,76,31.0,8.33,25.0,5.0,22.854821,91689.0,11.1,5.1,0
540,48.4,43.0,0.42,91.0,10000,14.8,77,36.0,5.49,23.0,5.1,292.5914364,935321.0,1.9,5.4,0
539,48.5,45.0,0.34,91.0,10000,15.1,78,31.0,5.72,21.0,5.2,454.6765879,97143.0,1.7,5.6,0
538,48.6,46.0,0.42,91.0,2,15.4,79,37.0,3.91,25.0,5.2,66.2421396,1679.0,1.5,5.6,0
537,48.5,399.0,0.41,91.0,1594,15.7,80,49.0,3.32,9.0,5.1,712.1847694,1421597.0,1.3,5.5,0
536,49.4,394.0,0.42,91.0,441,16.1,80,38.0,3.35,28.0,4.9,81.683884,177578.0,1.0,5.7,0
535,49.6,394.0,0.45,17.0,63,16.4,80,9.0,2.92,19.0,4.7,929.772391,11133861.0,9.8,6.0,0
534,57.0,37.0,0.47,24.0,165,16.7,80,32.0,3.31,24.0,4.4,84.455939,1152786.0,9.6,6.3,0
533,51.2,364.0,0.5,39.0,194,17.1,80,43.0,2.95,39.0,4.1,896.5697341,1188722.0,9.4,6.7,0
532,51.6,365.0,0.56,33.0,8650,17.5,79,9.0,3.17,33.0,3.9,989.2363633,12288651.0,9.2,6.7,0
531,51.8,367.0,0.62,9.0,120,17.9,79,51.0,3.0,9.0,3.6,973.472574,1275135.0,9.0,7.3,0
530,52.2,366.0,0.64,39.0,226,18.2,78,46.0,3.42,39.0,3.1,986.13177,13133589.0,8.8,7.3,0
529,52.6,362.0,0.01,37.0,1275,18.7,78,44.0,3.62,37.0,2.9,125.998515,13569438.0,8.7,7.3,0
528,53.1,356.0,0.01,46.0,418,19.1,77,52.0,3.62,46.0,2.8,777.248751,149413.0,8.5,7.3,0
559,77.3,13.0,6.24,91.0,0,54.0,3,91.0,6.4,91.0,0.1,511.368479,15262754.0,1.1,13.5,0
558,77.3,16.0,6.1,91.0,0,54.7,3,96.0,6.51,97.0,0.1,4595.666327,15444969.0,1.0,13.7,0
557,77.8,11.0,6.06,91.0,0,55.4,3,97.0,6.48,97.0,0.1,4463.545867,15623635.0,1.0,13.9,0
556,77.9,1.0,6.37,91.0,1,56.1,2,96.0,7.34,96.0,0.1,4787.699532,15799542.0,1.0,14.0,0
555,78.0,97.0,6.32,91.0,0,56.8,2,94.0,6.93,93.0,0.1,621.828325,15973778.0,0.9,14.3,0
554,78.4,93.0,7.57,91.0,0,57.4,2,92.0,6.69,91.0,0.1,7615.3468,1614764.0,0.9,14.6,0
553,78.9,91.0,7.33,95.0,0,58.1,2,94.0,6.18,94.0,0.1,9484.681227,16319792.0,0.9,14.9,0
552,78.9,9.0,7.39,92.0,0,58.7,2,95.0,6.35,96.0,0.1,1526.87746,16491687.0,0.9,14.8,0
551,79.6,88.0,7.31,95.0,0,59.3,2,95.0,6.87,95.0,0.1,1781.3668,16661942.0,0.9,15.2,0
550,79.3,91.0,7.67,94.0,1,59.9,2,94.0,7.39,94.0,0.1,1243.32824,16829442.0,0.8,15.3,0
549,79.1,89.0,7.93,92.0,0,6.6,2,92.0,6.97,92.0,0.1,1286.17764,16993354.0,0.8,15.2,0
548,79.8,86.0,7.26,94.0,6,61.2,2,93.0,7.0,94.0,0.1,1475.69242,17153357.0,0.8,15.4,0
547,79.9,84.0,6.76,9.0,0,61.8,2,9.0,7.24,9.0,0.1,15431.9293,1739746.0,0.8,15.5,0
546,81.0,84.0,7.2,9.0,0,62.5,2,9.0,7.53,91.0,0.1,15941.39722,17462982.0,0.8,15.6,0
545,83.0,83.0,7.16,95.0,0,63.1,2,95.0,7.79,95.0,0.1,14817.37778,17613798.0,0.8,16.2,0
544,85.0,82.0,7.16,97.0,9,63.8,2,96.0,7.79,96.0,0.1,13653.2264,17762681.0,0.8,16.3,0
574,72.2,11.0,2.84,65.0,10000,21.2,558,86.0,4.56,86.0,0.1,153.1824,127185.0,5.7,9.6,0
573,72.7,16.0,2.91,9.0,10000,21.9,511,86.0,4.79,86.0,0.1,1148.5857,1284.0,5.5,9.7,0
572,73.1,13.0,2.96,75.0,10000,22.6,467,87.0,4.82,86.0,0.1,1288.642924,12884.0,5.3,9.9,0
571,73.5,11.0,3.04,79.0,10000,23.4,427,87.0,4.72,87.0,0.1,158.668462,129675.0,5.1,10.2,0
570,73.9,99.0,2.92,84.0,10000,24.1,392,87.0,4.66,87.0,0.1,1753.4178,13372.0,5.0,10.6,0
569,74.2,98.0,3.28,91.0,10000,24.9,360,94.0,4.52,93.0,0.1,299.229676,13112.0,4.8,11.0,0
568,74.4,96.0,3.88,92.0,10000,25.7,332,94.0,4.32,93.0,0.1,2695.366223,1317885.0,4.7,11.4,0
567,74.5,97.0,4.27,95.0,10000,26.5,308,99.0,4.59,97.0,0.1,3471.247547,1324655.0,4.5,11.9,0
566,74.9,93.0,4.88,99.0,10000,27.3,288,99.0,5.8,99.0,0.1,3838.434292,133126.0,4.4,12.2,0
565,75.0,92.0,5.75,99.0,10000,28.1,268,99.0,4.89,99.0,0.1,456.512487,133775.0,4.2,12.5,0
564,75.2,91.0,5.63,99.0,9943,29.0,251,99.0,5.3,99.0,0.1,5633.79616,134413.0,4.1,12.8,0
561,75.8,86.0,5.78,99.0,10000,31.9,198,99.0,5.55,99.0,0.1,7683.5238,136427.0,3.7,13.1,0
560,76.1,85.0,5.78,99.0,10000,32.9,183,99.0,5.55,99.0,0.1,869.211938,137122.0,3.6,13.5,0
591,71.4,167.0,4.66,78.0,1,46.7,21,82.0,5.91,79.0,0.1,2472.197831,443958.0,2.6,11.3,0
590,71.5,165.0,4.43,9.0,3,47.5,21,83.0,5.96,9.0,0.1,2395.856551,498899.0,2.5,11.4,0
589,71.8,163.0,4.45,78.0,139,48.2,20,83.0,5.67,81.0,0.1,2355.725857,41572491.0,2.5,11.5,0
588,72.4,15.0,4.25,92.0,0,49.0,19,92.0,5.92,92.0,0.1,2246.257472,42152151.0,2.5,11.6,0
587,72.8,148.0,4.26,89.0,0,49.8,19,89.0,5.37,89.0,0.1,274.249442,42724163.0,2.4,11.3,0
586,73.1,144.0,4.38,93.0,0,5.5,18,93.0,5.82,93.0,0.1,3386.256,43285634.0,2.4,11.1,0
585,73.1,147.0,4.53,93.0,0,51.3,17,94.0,6.11,93.0,0.1,379.78776,43835722.0,2.3,11.5,0
584,73.5,144.0,4.66,93.0,0,52.0,17,93.0,6.25,93.0,0.1,4674.21961,44374572.0,2.3,11.9,0
583,73.5,146.0,4.45,92.0,0,52.8,16,92.0,6.62,92.0,0.1,5433.7245,4491544.0,2.3,12.2,0
582,73.6,15.0,4.34,92.0,0,53.5,15,92.0,7.1,92.0,0.1,5148.422113,45416181.0,2.2,12.4,0
581,73.6,15.0,4.28,88.0,0,54.2,15,88.0,6.76,88.0,0.1,625.65544,4591897.0,2.2,12.8,0
580,74.2,144.0,4.37,85.0,6,55.0,14,85.0,6.64,85.0,0.1,7227.73968,4646646.0,2.2,13.0,0
579,74.3,143.0,4.44,92.0,1,55.7,13,91.0,6.93,91.0,0.1,7884.984429,46881475.0,2.1,13.2,0
578,74.4,145.0,4.41,91.0,1,56.4,13,91.0,6.84,91.0,0.1,83.5863,47342981.0,2.1,13.3,0
577,74.6,144.0,4.38,9.0,0,57.2,12,9.0,7.2,9.0,0.1,7913.383432,47791911.0,2.1,13.6,0
576,74.8,143.0,4.38,91.0,1,57.9,12,91.0,7.2,91.0,0.1,644.525556,48228697.0,2.1,13.6,0
607,59.5,272.0,0.09,91.0,0,17.3,2,9.0,3.56,9.0,0.1,375.8528566,542357.0,7.9,8.2,0
606,59.5,272.0,0.08,91.0,0,17.6,2,9.0,2.86,9.0,0.1,395.9319363,555888.0,7.8,8.5,0
605,59.5,271.0,0.08,91.0,0,18.0,2,98.0,3.39,89.0,0.1,433.2691451,569479.0,7.7,8.8,0
604,59.6,271.0,0.26,28.0,0,18.4,2,9.0,3.65,9.0,0.1,544.566526,583211.0,7.6,9.2,0
603,59.8,269.0,0.27,77.0,0,18.8,2,73.0,3.96,76.0,0.1,616.4197236,597228.0,7.5,9.5,0
602,60.0,266.0,0.24,68.0,912,19.2,2,67.0,4.32,68.0,0.1,621.93372,611627.0,7.5,9.7,0
601,63.0,262.0,0.25,69.0,85,19.6,2,69.0,4.57,69.0,0.1,648.38717,626425.0,7.4,9.9,0
598,61.3,251.0,0.17,83.0,1,21.1,2,84.0,3.82,83.0,0.1,778.5454199,673252.0,7.2,10.3,0
597,61.8,246.0,0.15,74.0,0,21.6,2,82.0,5.82,74.0,0.1,769.1742883,689692.0,7.1,10.5,0
596,62.2,241.0,0.12,83.0,3,22.1,2,85.0,6.1,83.0,0.2,829.7586885,76569.0,7.0,10.6,0
595,62.5,237.0,0.01,89.0,1,22.6,2,85.0,7.11,86.0,0.8,788.632653,723868.0,6.9,10.8,0
594,62.9,233.0,0.01,88.0,0,23.2,2,85.0,6.51,87.0,0.8,834.341949,7415.0,6.8,10.9,0
593,63.2,23.0,0.01,88.0,0,23.7,2,87.0,6.75,87.0,0.8,852.954379,759385.0,6.8,11.1,0
592,63.5,227.0,0.01,91.0,0,24.2,2,92.0,6.75,91.0,0.8,727.6463868,777424.0,6.7,11.1,0
623,52.9,399.0,2.26,91.0,1678,19.3,14,31.0,2.13,33.0,7.8,1228.829749,1396923.0,9.5,9.8,0
622,52.7,399.0,2.3,91.0,2152,19.8,14,32.0,2.44,31.0,7.6,1228.829749,1396923.0,9.4,9.7,0
619,54.1,48.0,2.58,91.0,3524,21.2,13,67.0,2.56,67.0,6.3,1228.829749,1396923.0,9.0,9.2,0
618,55.3,394.0,2.03,91.0,146,21.7,13,62.0,2.42,62.0,5.9,1228.829749,1396923.0,8.8,9.4,0
617,56.9,368.0,2.25,91.0,126,22.3,12,73.0,2.37,73.0,5.5,1228.829749,1396923.0,8.7,9.6,0
616,58.2,354.0,2.75,64.0,84,22.8,11,71.0,2.54,72.0,5.0,1228.829749,1396923.0,8.5,9.8,0
615,59.4,338.0,2.58,73.0,2,23.3,11,77.0,2.9,79.0,4.3,1228.829749,1396923.0,8.4,10.0,0
614,68.0,314.0,3.47,75.0,1,23.9,11,76.0,2.27,78.0,4.0,1228.829749,1396923.0,8.3,10.3,0
613,62.0,298.0,3.53,74.0,4,24.5,10,72.0,2.29,74.0,3.8,1228.829749,1396923.0,8.1,10.5,0
612,62.9,285.0,3.82,9.0,315,25.0,10,69.0,2.79,82.0,3.5,1228.829749,1396923.0,8.0,10.7,0
611,63.7,273.0,0.01,62.0,260,25.6,10,61.0,3.98,85.0,3.3,1228.829749,1396923.0,7.9,10.2,0
610,63.9,274.0,0.01,85.0,124,26.2,10,85.0,5.9,85.0,3.0,1228.829749,1396923.0,7.7,11.1,0
609,64.2,275.0,0.01,9.0,71,26.8,10,9.0,5.15,9.0,3.0,1228.829749,1396923.0,7.6,11.1,0
608,64.7,267.0,0.01,9.0,1359,27.4,10,9.0,5.15,9.0,2.8,1228.829749,1396923.0,7.5,11.1,0
640,77.6,98.0,4.34,89.0,0,45.4,1,9.0,7.12,88.0,0.1,388.363689,3925443.0,2.4,11.6,0
639,77.5,1.0,4.29,9.0,0,46.4,1,92.0,7.25,91.0,0.1,3981.52847,3996798.0,2.3,11.7,0
638,78.3,99.0,4.17,94.0,0,47.3,1,94.0,8.23,94.0,0.1,462.14965,46324.0,2.2,11.9,0
637,78.0,1.0,4.04,86.0,1,48.3,1,88.0,8.45,88.0,0.1,4167.71417,4125971.0,2.2,12.1,0
636,77.7,12.0,4.09,89.0,0,49.3,1,9.0,7.8,9.0,0.1,4425.57467,418738.0,2.1,12.2,0
635,78.6,97.0,4.1,9.0,1,5.3,1,91.0,7.74,91.0,0.1,4697.11135,4247841.0,2.0,12.4,0
634,78.0,16.0,4.15,88.0,0,51.4,1,89.0,7.82,89.0,0.1,5245.187372,438794.0,2.0,12.6,0
633,78.9,93.0,4.2,89.0,0,52.4,1,89.0,8.37,89.0,0.1,612.623418,4369469.0,1.9,12.8,0
632,78.9,99.0,4.22,89.0,0,53.4,1,89.0,9.1,9.0,0.1,6911.136136,442958.0,1.9,12.9,0
631,79.2,96.0,4.07,87.0,0,54.4,1,9.0,9.69,86.0,0.1,689.396224,4488263.0,1.9,13.1,0
630,78.1,16.0,3.58,89.0,0,55.5,1,93.0,9.66,88.0,0.1,8199.414621,454528.0,1.8,13.3,0
629,79.0,98.0,3.41,84.0,0,56.5,1,82.0,9.73,85.0,0.1,9186.59639,46474.0,1.8,13.4,0
628,79.2,97.0,3.34,91.0,0,57.5,1,9.0,9.56,91.0,0.1,9985.36959,4654122.0,1.8,13.6,0
627,79.4,96.0,3.42,94.0,0,58.5,1,95.0,9.47,95.0,0.1,1569.66631,47641.0,1.7,13.7,0
626,79.5,96.0,3.45,91.0,1,59.5,1,91.0,9.31,91.0,0.1,1647.44179,4757575.0,1.7,13.9,0
625,79.6,95.0,3.45,92.0,0,6.5,1,92.0,9.31,92.0,0.1,1146.36273,487852.0,1.7,14.2,0
656,74.7,127.0,12.73,95.0,9,54.7,0,94.0,7.66,93.0,0.1,4919.62869,4426.0,2.1,12.2,1
655,74.9,126.0,13.15,95.0,8,55.2,0,94.0,7.16,94.0,0.1,5245.421419,444.0,2.0,12.3,1
654,74.8,124.0,13.39,95.0,6,55.8,0,95.0,6.19,95.0,0.1,653.71637,444.0,2.0,12.6,1
653,74.7,122.0,13.78,95.0,19,56.3,0,95.0,6.35,94.0,0.1,785.881418,444.0,1.9,12.9,1
652,75.4,114.0,13.11,95.0,54,56.9,0,96.0,6.56,96.0,0.1,9365.742468,4439.0,1.9,13.3,1
651,75.2,116.0,11.59,95.0,2,57.5,0,96.0,6.89,96.0,0.1,1224.2459,4442.0,1.8,13.6,1
650,75.9,113.0,11.83,95.0,1,58.1,0,96.0,6.95,96.0,0.1,11363.41845,444.0,1.8,13.9,1
649,75.8,114.0,12.56,95.0,0,58.7,0,96.0,7.44,96.0,0.1,13546.69872,4436.0,1.8,14.3,1
648,76.0,116.0,12.06,97.0,51,59.4,0,96.0,7.7,96.0,0.1,15893.8656,443458.0,1.7,14.3,1
647,76.3,19.0,12.21,97.0,2,6.0,0,96.0,8.18,96.0,0.1,14157.14416,442978.0,1.7,14.2,1
646,76.6,16.0,12.1,97.0,7,6.6,0,97.0,8.25,97.0,0.1,1355.74586,4417781.0,1.6,14.2,1
645,77.0,14.0,12.19,97.0,12,61.3,0,96.0,7.8,96.0,0.1,14539.18421,428622.0,1.6,14.5,1
644,77.1,14.0,11.49,98.0,2,61.9,0,96.0,7.8,96.0,0.1,13235.97757,4267558.0,1.5,14.6,1
643,77.7,97.0,12.39,96.0,0,62.5,0,96.0,7.83,96.0,0.1,13574.749,4255689.0,1.5,14.9,1
642,77.8,97.0,12.14,95.0,0,63.1,0,95.0,7.8,95.0,0.1,13467.46827,4238389.0,1.5,15.1,1
641,78.0,95.0,12.14,94.0,206,63.7,0,94.0,7.8,94.0,0.1,11579.6674,42364.0,1.5,15.3,1
672,76.9,115.0,3.92,98.0,0,49.4,1,98.0,6.7,95.0,0.1,2741.11542,1396923.0,3.6,12.1,0
671,76.7,115.0,4.04,98.0,0,5.4,1,99.0,6.27,98.0,0.1,2832.188893,1396923.0,3.6,12.3,0
670,77.7,19.0,4.1,98.0,0,51.3,1,98.0,6.5,99.0,0.1,2994.339988,1396923.0,3.5,12.5,0
669,77.4,18.0,4.39,99.0,0,52.1,1,98.0,6.31,72.0,0.1,3192.669378,1396923.0,3.5,12.9,0
668,77.3,17.0,4.38,99.0,0,53.0,1,98.0,6.14,88.0,0.1,339.716256,1396923.0,3.4,13.2,0
667,77.2,19.0,4.48,95.0,0,53.8,1,99.0,9.39,89.0,0.1,3779.577,1396923.0,3.4,14.2,0
666,78.0,14.0,4.17,89.0,0,54.6,1,99.0,7.67,89.0,0.1,4669.6916,1396923.0,3.4,14.7,0
665,78.1,14.0,4.13,93.0,0,55.4,1,99.0,1.42,93.0,0.1,5184.494227,1396923.0,3.4,16.0,0
664,77.9,12.0,4.26,95.0,0,56.2,1,99.0,1.79,95.0,0.1,5376.447622,1396923.0,3.4,17.1,0
663,78.1,11.0,4.01,96.0,0,56.9,1,99.0,11.78,96.0,0.1,5484.7763,1396923.0,3.4,17.7,0
662,78.0,98.0,4.13,96.0,0,57.7,1,99.0,1.19,96.0,0.1,5676.14143,1396923.0,3.4,17.6,0
661,78.8,92.0,4.14,96.0,0,58.4,1,99.0,1.6,97.0,0.1,675.92436,1396923.0,3.4,16.5,0
660,78.7,96.0,4.16,96.0,0,59.2,1,98.0,8.59,99.0,0.1,6425.941119,1396923.0,3.4,15.7,0
659,78.7,96.0,4.18,96.0,0,59.9,1,99.0,9.48,99.0,0.1,676.15344,1396923.0,3.4,14.7,0
658,79.0,93.0,4.37,97.0,0,6.7,1,99.0,11.6,99.0,0.1,75.5199,1396923.0,3.4,14.0,0
657,79.1,92.0,4.37,99.0,0,61.4,1,99.0,11.6,99.0,0.1,762.261218,1396923.0,3.5,13.9,0
688,78.1,7.0,9.56,89.0,0,52.8,0,97.0,5.77,97.0,0.1,14672.8826,943286.0,0.9,12.5,1
687,78.2,69.0,10.16,89.0,0,53.3,0,97.0,5.78,97.0,0.1,1562.92433,96282.0,0.9,12.4,1
686,78.4,68.0,11.68,88.0,0,53.8,0,98.0,6.12,98.0,0.1,16372.29152,976966.0,0.9,12.5,1
685,78.5,66.0,10.62,88.0,0,54.3,0,98.0,6.83,98.0,0.1,2293.4789,993563.0,0.9,13.0,1
684,78.6,65.0,13.03,88.0,0,54.8,0,98.0,6.42,98.0,0.1,23932.49128,1141.0,0.9,13.4,1
683,78.7,65.0,11.41,88.0,1,55.3,0,98.0,6.37,98.0,0.1,25324.48666,127658.0,0.9,13.5,1
682,78.8,64.0,11.47,93.0,0,55.8,0,97.0,6.28,97.0,0.1,27169.99256,14559.0,0.9,13.4,1
681,78.9,63.0,11.56,93.0,0,56.3,0,97.0,6.5,97.0,0.1,31386.63265,163712.0,0.9,13.5,1
680,79.1,62.0,12.01,93.0,1,56.8,0,97.0,6.89,97.0,0.1,3539.7488,181563.0,0.9,13.7,1
679,79.3,6.0,10.8,96.0,0,57.3,0,99.0,7.4,99.0,0.1,3215.8159,19876.0,0.9,14.1,1
678,79.5,59.0,11.32,96.0,18,57.8,0,99.0,7.23,99.0,0.1,3818.46396,111267.0,0.9,14.6,1
677,79.7,57.0,10.69,96.0,0,58.3,0,99.0,7.54,99.0,0.1,32233.83942,1124835.0,0.9,13.8,1
676,80.0,56.0,10.55,96.0,1,58.7,0,99.0,7.44,99.0,0.1,28951.15556,113562.0,0.9,13.8,1
675,81.0,54.0,9.04,96.0,0,59.2,0,99.0,7.46,99.0,0.1,2797.96736,1143896.0,0.9,13.8,1
674,83.0,53.0,0.01,96.0,10,59.8,0,99.0,7.37,99.0,0.1,2734.88382,115239.0,0.9,14.0,1
673,85.0,52.0,0.01,97.0,0,6.3,0,97.0,7.37,97.0,0.1,2375.1127,116985.0,1.0,14.3,1
704,74.7,126.0,13.22,95.0,9,59.0,0,98.0,6.31,98.0,0.1,13560.72386,1167660.0,2.3,15.8,1
703,75.1,123.0,13.36,95.0,6,59.4,0,97.0,6.42,98.0,0.1,13560.72386,1167660.0,2.2,15.8,1
702,75.3,12.0,13.47,86.0,4,59.9,0,97.0,6.8,98.0,0.1,13560.72386,1167660.0,2.2,15.8,1
701,75.2,122.0,13.01,92.0,30,6.4,0,97.0,7.13,97.0,0.1,13560.72386,1167660.0,2.2,15.8,1
700,75.8,116.0,13.24,98.0,17,6.8,0,96.0,6.9,98.0,0.1,13560.72386,1167660.0,2.1,15.8,1
699,75.9,114.0,13.19,99.0,0,61.3,0,96.0,6.93,97.0,0.1,13560.72386,1167660.0,2.1,15.8,1
698,76.5,19.0,13.03,98.0,7,61.8,0,98.0,6.69,98.0,0.1,13560.72386,1167660.0,2.0,15.8,1
697,76.8,17.0,13.43,99.0,2,62.2,0,99.0,6.52,99.0,0.1,13560.72386,1167660.0,2.0,15.8,1
696,77.0,16.0,13.25,99.0,2,62.6,0,99.0,6.82,99.0,0.1,13560.72386,1167660.0,1.9,15.8,1
695,77.1,12.0,13.23,99.0,5,63.1,0,99.0,7.85,99.0,0.1,13560.72386,1167660.0,1.9,15.8,1
694,77.5,99.0,12.69,99.0,0,63.6,0,99.0,7.43,99.0,0.1,13560.72386,1167660.0,1.9,15.8,1
693,77.8,97.0,12.43,99.0,17,64.0,0,99.0,7.5,99.0,0.1,13560.72386,1167660.0,1.9,15.8,1
692,78.0,93.0,12.71,99.0,22,64.5,0,99.0,7.55,99.0,0.1,13560.72386,1167660.0,1.8,15.8,1
691,78.2,9.0,12.45,99.0,15,65.1,0,99.0,7.49,98.0,0.1,13560.72386,1167660.0,1.8,15.8,1
690,78.6,88.0,12.68,99.0,222,65.6,0,99.0,7.41,97.0,0.1,13560.72386,1167660.0,1.8,15.8,1
689,78.8,86.0,12.68,97.0,9,66.1,0,97.0,7.41,97.0,0.1,13560.72386,1167660.0,1.8,15.8,1
447,47.9,399.0,3.45,91.0,5729,19.4,95,66.0,6.0,65.0,7.1,1228.829749,1396923.0,8.1,11.7,0
446,47.8,399.0,3.15,9.0,5790,19.9,94,9.0,4.85,66.0,7.0,1228.829749,1396923.0,7.9,11.7,0
443,48.2,399.0,3.08,67.0,3466,21.5,91,76.0,5.24,67.0,6.5,1228.829749,1396923.0,7.3,11.7,0
442,48.7,399.0,3.11,76.0,115,22.1,90,87.0,5.39,76.0,6.1,1228.829749,1396923.0,7.2,11.7,0
441,49.4,399.0,2.65,77.0,11,22.6,89,76.0,5.87,77.0,5.8,1228.829749,1396923.0,7.0,11.7,0
440,49.9,399.0,2.58,76.0,5,23.2,87,75.0,6.35,76.0,5.3,1228.829749,1396923.0,6.8,11.7,0
439,54.0,399.0,2.69,74.0,12,23.8,85,58.0,6.21,74.0,4.1,1228.829749,1396923.0,6.6,11.7,0
438,51.0,399.0,2.92,81.0,183,24.4,84,77.0,6.41,81.0,3.7,1228.829749,1396923.0,6.5,11.7,0
437,51.5,399.0,3.15,85.0,441,25.0,84,81.0,6.32,85.0,3.3,1228.829749,1396923.0,6.3,11.7,0
436,51.7,399.0,3.13,62.0,628,25.6,83,58.0,6.42,62.0,3.3,1228.829749,1396923.0,6.1,11.7,0
435,52.0,399.0,3.24,82.0,137,26.2,82,83.0,6.14,82.0,2.9,1228.829749,1396923.0,5.9,11.7,0
434,52.3,399.0,3.15,9.0,48,26.8,81,79.0,5.81,9.0,2.4,1228.829749,1396923.0,5.8,11.7,0
433,52.8,47.0,0.01,76.0,50,27.4,80,76.0,5.72,76.0,2.0,1228.829749,1396923.0,5.6,11.7,0
432,53.3,397.0,0.01,83.0,65,28.0,79,81.0,5.72,83.0,1.9,1228.829749,1396923.0,5.5,11.7,0
720,65.4,192.0,3.52,91.0,0,25.2,25,93.0,5.73,56.0,0.1,1228.829749,1396923.0,6.0,11.7,0
719,66.6,177.0,2.53,91.0,0,25.7,21,98.0,5.73,62.0,0.1,1228.829749,1396923.0,5.9,11.7,0
718,67.6,167.0,3.08,91.0,0,26.2,18,99.0,5.73,64.0,0.1,1228.829749,1396923.0,5.9,11.7,0
717,68.1,165.0,3.13,27.0,0,26.7,15,99.0,5.73,68.0,0.1,1228.829749,1396923.0,5.8,11.7,0
716,68.4,165.0,3.13,98.0,0,27.2,14,99.0,5.73,72.0,0.1,1228.829749,1396923.0,5.7,11.7,0
715,68.5,165.0,3.21,92.0,0,27.7,13,97.0,5.73,79.0,0.1,1228.829749,1396923.0,5.7,11.7,0
714,68.5,165.0,3.28,96.0,0,28.2,12,98.0,5.73,89.0,0.1,1228.829749,1396923.0,5.6,11.7,0
713,68.5,166.0,3.13,92.0,3550,28.7,12,99.0,5.73,92.0,0.1,1228.829749,1396923.0,5.5,11.7,0
712,68.6,164.0,3.16,92.0,8,29.2,12,98.0,5.73,92.0,0.1,1228.829749,1396923.0,5.4,11.7,0
711,68.7,161.0,3.35,93.0,0,29.7,11,98.0,5.73,93.0,0.1,1228.829749,1396923.0,5.3,11.7,0
708,69.8,149.0,3.61,96.0,0,31.3,9,99.0,5.73,96.0,0.1,1228.829749,1396923.0,5.1,11.7,0
707,71.0,146.0,3.35,93.0,0,31.8,8,99.0,5.73,93.0,0.1,1228.829749,1396923.0,5.0,11.7,0
706,73.0,142.0,0.01,93.0,3,32.4,8,99.0,5.73,93.0,0.1,1228.829749,1396923.0,4.9,11.7,0
705,76.0,139.0,0.01,96.0,0,32.9,7,99.0,5.73,96.0,0.1,1228.829749,1396923.0,4.9,11.7,0
736,51.3,346.0,1.98,91.0,8282,14.9,332,42.0,1.45,9.0,2.5,1228.829749,1396923.0,12.4,11.7,0
735,51.8,34.0,1.9,91.0,8072,15.3,332,9.0,2.67,9.0,2.4,1228.829749,1396923.0,12.2,11.7,0
734,52.1,341.0,1.85,91.0,10000,15.7,331,9.0,2.59,38.0,2.4,1228.829749,1396923.0,12.1,11.7,0
733,52.8,332.0,1.83,91.0,10000,16.1,331,47.0,3.2,41.0,2.2,1228.829749,1396923.0,11.9,11.7,0
732,53.5,323.0,1.44,91.0,10000,16.5,330,52.0,3.34,54.0,2.1,1228.829749,1396923.0,11.7,11.7,0
731,54.3,314.0,1.43,91.0,10000,16.9,329,9.0,3.14,9.0,2.0,1228.829749,1396923.0,11.5,11.7,0
730,55.0,36.0,1.53,91.0,10000,17.3,327,62.0,3.39,62.0,2.0,1228.829749,1396923.0,11.3,11.7,0
729,55.7,299.0,1.52,9.0,10000,17.8,326,72.0,3.61,9.0,1.9,1228.829749,1396923.0,11.1,11.7,0
728,56.3,295.0,2.09,65.0,10000,18.2,324,64.0,4.46,65.0,1.8,1228.829749,1396923.0,1.8,11.7,0
727,56.7,292.0,2.13,72.0,57,18.6,323,78.0,5.61,72.0,1.7,1228.829749,1396923.0,1.6,11.7,0
726,57.4,283.0,1.81,9.0,5407,19.1,321,76.0,4.4,9.0,1.6,1228.829749,1396923.0,1.4,11.7,0
725,57.9,278.0,1.82,74.0,10000,19.6,319,77.0,3.53,74.0,1.6,1228.829749,1396923.0,1.2,11.7,0
722,59.3,266.0,0.01,9.0,10000,21.1,312,79.0,4.33,9.0,1.1,1228.829749,1396923.0,9.7,11.7,0
721,59.8,258.0,0.01,81.0,5020,21.6,308,78.0,4.33,81.0,1.1,1228.829749,1396923.0,9.5,11.7,0
752,76.9,12.0,11.69,95.0,14,52.2,0,97.0,8.7,97.0,0.1,3743.55917,5339616.0,1.3,16.5,1
751,77.0,12.0,11.56,95.0,11,52.8,0,97.0,9.1,97.0,0.1,3751.64946,5358783.0,1.3,16.2,1
750,77.0,14.0,11.34,95.0,32,53.3,0,98.0,9.33,98.0,0.1,33228.69291,5375931.0,1.2,16.6,1
749,77.3,11.0,11.54,95.0,0,53.9,0,96.0,9.51,96.0,0.1,4458.7764,539574.0,1.2,16.3,1
748,77.7,98.0,11.27,95.0,0,54.4,0,95.0,9.67,95.0,0.1,46511.6457,544523.0,1.2,16.5,1
747,78.1,92.0,11.28,95.0,2,55.0,0,93.0,9.77,93.0,0.1,48799.8237,5419432.0,1.2,16.6,1
746,78.1,93.0,11.02,95.0,27,55.4,0,93.0,9.92,93.0,0.1,5226.99311,5437272.0,1.2,16.9,1
745,78.4,93.0,10.99,95.0,2,55.9,0,87.0,9.99,87.0,0.1,58487.451,5461438.0,1.2,16.7,1
744,78.8,88.0,10.7,95.0,14,56.3,0,88.0,1.18,88.0,0.1,64322.6664,5493621.0,1.1,16.8,1
743,78.9,86.0,10.08,95.0,6,56.6,0,89.0,11.47,89.0,0.1,58163.29359,552395.0,1.1,16.8,1
742,79.2,84.0,10.28,95.0,5,57.0,0,9.0,11.8,9.0,0.1,5841.41122,5547683.0,1.1,16.8,1
741,79.7,79.0,10.47,95.0,84,57.4,0,91.0,1.87,91.0,0.1,61753.667,557572.0,1.1,16.9,1
740,80.0,76.0,9.26,95.0,2,57.7,0,94.0,1.98,94.0,0.1,5857.521,5591572.0,1.1,18.4,1
739,81.0,75.0,9.5,95.0,17,58.1,0,94.0,11.25,94.0,0.1,61191.19263,5614932.0,1.1,18.7,1
738,84.0,73.0,9.64,95.0,27,58.4,0,94.0,1.8,94.0,0.1,62425.5392,5643475.0,1.1,19.2,1
737,86.0,71.0,9.64,95.0,9,58.8,0,93.0,1.8,93.0,0.1,5314.64416,5683483.0,1.1,19.2,1
768,57.4,325.0,1.34,91.0,183,28.2,2,46.0,5.75,46.0,4.1,768.176767,717584.0,6.4,2.9,0
767,57.7,323.0,0.95,91.0,79,28.6,2,49.0,5.37,53.0,4.3,781.2322196,732711.0,6.3,2.9,0
766,57.9,322.0,1.03,91.0,50,29.0,2,62.0,5.45,62.0,4.3,792.15412,746221.0,6.2,3.3,0
765,58.0,325.0,1.02,91.0,37,29.4,2,68.0,6.22,68.0,4.2,819.974118,758615.0,6.1,3.5,0
764,58.1,326.0,1.18,91.0,71,29.8,2,64.0,6.76,64.0,4.0,864.184726,77752.0,6.0,3.7,0
760,62.0,289.0,0.49,88.0,143,31.3,2,89.0,8.5,89.0,3.3,1214.77118,822934.0,5.7,5.0,0
759,69.0,279.0,0.49,89.0,48,31.7,2,89.0,8.37,89.0,3.2,1253.657431,83684.0,5.7,5.3,0
758,61.3,273.0,0.44,88.0,7,32.2,2,88.0,8.84,88.0,3.1,1325.99724,851146.0,5.6,5.5,0
757,61.8,268.0,0.39,87.0,49,32.7,2,87.0,8.71,87.0,2.7,143.986898,865937.0,5.6,5.9,0
756,62.2,263.0,0.52,81.0,709,33.2,2,81.0,8.95,81.0,1.9,1536.15685,881185.0,5.6,6.3,0
755,62.7,256.0,0.53,82.0,28,33.8,2,82.0,9.14,82.0,2.1,1622.637974,896688.0,5.6,6.3,0
754,63.0,252.0,0.38,78.0,0,34.4,1,78.0,1.57,78.0,2.1,174.91511,912164.0,5.6,6.3,0
753,63.5,241.0,0.38,84.0,47,35.0,1,84.0,1.57,84.0,2.1,1862.167274,927414.0,5.6,6.3,0
785,72.0,176.0,6.58,68.0,253,43.1,9,71.0,5.9,78.0,2.5,282.4242,8562622.0,3.8,12.2,0
784,71.2,188.0,6.13,66.0,113,44.1,9,71.0,5.59,72.0,2.5,2862.154836,8697126.0,3.8,12.3,0
783,71.4,189.0,6.43,63.0,0,45.1,8,74.0,5.79,82.0,2.4,38.46578,8832285.0,3.7,12.3,0
782,73.0,22.0,6.32,79.0,0,46.1,8,65.0,5.53,79.0,2.3,2372.628827,896776.0,3.6,12.4,0
781,69.3,214.0,5.16,82.0,0,47.2,8,66.0,4.28,79.0,2.1,2421.9662,912998.0,3.6,12.5,0
780,69.7,28.0,5.71,87.0,0,48.2,8,86.0,4.26,87.0,2.0,3681.5993,9237566.0,3.5,12.6,0
779,72.3,178.0,6.2,84.0,0,49.3,8,88.0,4.34,89.0,1.8,3836.468771,9371338.0,3.5,12.6,0
778,72.9,164.0,6.05,81.0,0,5.4,8,86.0,4.34,85.0,1.6,4647.31359,954353.0,3.4,12.7,0
777,73.3,161.0,6.12,81.0,0,51.5,8,86.0,4.2,82.0,1.4,511.37937,963652.0,3.4,12.8,0
776,73.6,157.0,6.05,9.0,0,52.6,8,85.0,4.41,82.0,1.2,4952.67753,9767758.0,3.4,12.9,0
775,72.7,166.0,6.02,83.0,0,53.6,8,85.0,4.6,88.0,0.9,5451.6696,9897985.0,3.3,12.9,0
774,73.1,16.0,5.91,9.0,2,54.7,7,84.0,4.22,84.0,0.7,5759.643,12795.0,3.3,13.0,0
773,72.1,174.0,5.93,74.0,0,55.8,7,85.0,4.26,85.0,0.4,5968.876767,115495.0,3.3,13.1,0
772,73.4,157.0,5.93,9.0,0,56.8,7,82.0,4.12,83.0,0.3,627.55544,1281296.0,3.3,13.2,0
771,73.6,154.0,5.92,89.0,0,57.9,7,9.0,4.38,91.0,0.3,6268.692122,145844.0,3.3,13.2,0
770,73.9,152.0,5.92,81.0,0,58.9,7,87.0,4.38,85.0,0.3,6468.471648,1528394.0,3.3,13.2,0
801,72.8,163.0,3.99,36.0,0,43.6,11,83.0,3.38,87.0,0.3,1451.29776,12628596.0,1.6,12.4,0
800,73.4,158.0,4.13,69.0,2,44.3,10,9.0,3.86,89.0,0.3,193.741571,12852755.0,1.6,12.4,0
799,73.6,157.0,3.88,75.0,0,45.1,10,88.0,4.62,88.0,0.3,2183.966796,13726.0,1.5,12.5,0
798,74.4,151.0,3.69,82.0,0,45.8,10,97.0,6.46,87.0,0.3,244.46898,1328961.0,1.5,12.6,0
797,74.4,148.0,3.65,88.0,0,46.5,9,9.0,6.22,88.0,0.3,278.557892,1359647.0,1.5,12.7,0
796,74.2,151.0,3.54,92.0,0,47.2,9,89.0,5.87,92.0,0.3,321.942547,13735233.0,1.4,12.8,0
795,74.4,144.0,3.52,96.0,0,47.9,9,92.0,5.86,96.0,0.3,335.786541,1396748.0,1.4,12.8,0
794,74.7,14.0,3.63,94.0,0,48.6,9,95.0,5.94,96.0,0.2,359.71886,1425453.0,1.4,12.9,0
793,74.6,139.0,3.76,93.0,1,49.3,9,94.0,5.66,96.0,0.1,4274.95265,14447562.0,1.3,13.0,0
792,75.1,137.0,3.87,91.0,0,5.0,8,91.0,5.58,94.0,0.1,4255.56571,14691275.0,1.3,13.1,0
791,75.0,134.0,3.95,9.0,0,5.7,8,88.0,5.9,91.0,0.1,4657.32361,1493469.0,1.3,13.1,0
790,75.3,131.0,3.99,88.0,257,51.4,8,85.0,5.92,88.0,0.1,5223.351763,15177355.0,1.3,13.2,0
789,75.5,127.0,3.92,88.0,72,52.1,8,85.0,6.48,87.0,0.1,572.14313,15419666.0,1.3,13.3,0
788,76.0,121.0,3.77,87.0,0,52.8,8,87.0,7.29,87.0,0.1,674.9829,15661547.0,1.3,13.4,0
787,76.0,121.0,3.82,83.0,0,53.5,7,84.0,9.16,83.0,0.1,6432.216537,1593112.0,1.2,14.0,0
786,76.2,118.0,3.82,78.0,0,54.2,7,84.0,9.16,78.0,0.1,625.62224,16144368.0,1.2,14.0,0
817,68.8,171.0,0.14,98.0,2633,5.7,82,98.0,5.55,98.0,0.1,1228.829749,1396923.0,3.6,11.0,0
816,68.6,177.0,0.14,99.0,2150,51.2,78,99.0,5.75,99.0,0.1,1228.829749,1396923.0,3.5,11.1,0
815,68.7,177.0,0.15,97.0,653,51.8,75,97.0,5.97,97.0,0.1,1228.829749,1396923.0,3.4,11.2,0
814,68.6,178.0,0.15,98.0,164,52.3,72,98.0,5.41,98.0,0.1,1228.829749,1396923.0,3.3,11.3,0
813,69.0,176.0,0.16,97.0,80,52.9,70,97.0,5.21,97.0,0.1,1228.829749,1396923.0,3.3,11.2,0
812,69.4,174.0,0.16,98.0,77,53.5,68,98.0,5.6,98.0,0.1,1228.829749,1396923.0,3.2,11.4,0
811,69.5,175.0,0.18,98.0,953,54.2,66,98.0,5.24,98.0,0.1,1228.829749,1396923.0,3.2,11.5,0
810,69.7,171.0,0.21,98.0,1684,54.8,65,98.0,4.95,98.0,0.1,1228.829749,1396923.0,3.1,11.7,0
809,69.8,172.0,0.24,97.0,668,55.5,65,97.0,4.82,97.0,0.1,1228.829749,1396923.0,3.1,11.9,0
808,69.9,174.0,0.21,97.0,608,56.2,64,97.0,5.1,97.0,0.1,1228.829749,1396923.0,3.0,12.0,0
807,70.0,173.0,0.22,97.0,16,57.0,64,97.0,4.8,97.0,0.1,1228.829749,1396923.0,3.0,12.2,0
806,74.0,168.0,0.22,96.0,26,57.8,64,96.0,5.4,96.0,0.1,1228.829749,1396923.0,2.9,12.4,0
805,72.0,165.0,0.23,93.0,245,58.6,64,93.0,5.29,93.0,0.1,1228.829749,1396923.0,2.9,12.4,0
804,79.0,159.0,0.21,97.0,405,59.4,63,97.0,5.46,97.0,0.1,1228.829749,1396923.0,2.9,12.8,0
803,78.0,161.0,0.21,94.0,1314,6.2,62,94.0,5.64,94.0,0.1,1228.829749,1396923.0,2.8,13.1,0
802,79.0,159.0,0.21,93.0,5432,61.1,60,93.0,5.64,93.0,0.1,1228.829749,1396923.0,2.8,13.1,0
833,69.0,218.0,2.79,99.0,0,45.3,5,98.0,8.17,99.0,0.4,2238.4116,5867626.0,2.1,11.3,0
832,68.9,219.0,2.88,75.0,2,46.2,4,94.0,8.2,92.0,0.4,2338.772244,595962.0,2.1,11.6,0
831,73.0,24.0,2.97,81.0,0,47.0,4,81.0,7.9,81.0,0.4,248.4125,59433.0,2.0,11.8,0
830,69.9,29.0,3.1,94.0,0,47.8,4,93.0,7.61,94.0,0.3,2519.737387,5971535.0,2.0,12.0,0
829,70.0,215.0,2.9,9.0,0,48.6,3,9.0,7.3,9.0,0.3,2632.79942,6775.0,1.9,12.4,0
828,71.0,213.0,2.77,89.0,0,49.4,3,89.0,7.19,89.0,0.2,2835.281237,628961.0,1.9,12.7,0
827,75.0,211.0,2.77,96.0,0,5.1,3,96.0,6.68,96.0,0.2,362.951768,656478.0,1.8,12.9,0
826,71.2,23.0,2.83,99.0,0,5.8,3,99.0,6.32,99.0,0.3,334.83817,683475.0,1.8,12.9,0
825,71.7,194.0,2.68,98.0,0,51.4,3,98.0,6.21,98.0,0.3,357.347674,61131.0,1.8,13.4,0
824,71.4,23.0,2.55,91.0,0,52.1,2,91.0,6.83,91.0,0.3,3366.482133,6137276.0,1.7,12.8,0
823,72.0,191.0,2.36,89.0,0,52.8,2,89.0,6.91,89.0,0.3,3474.392445,6164626.0,1.7,12.9,0
822,72.0,197.0,2.37,89.0,0,53.4,2,9.0,6.81,89.0,0.3,3736.58713,619256.0,1.7,13.0,0
821,73.0,181.0,2.48,92.0,0,54.1,2,93.0,6.7,92.0,0.3,3827.786267,6221246.0,1.6,13.2,0
820,73.0,184.0,2.42,92.0,0,54.7,2,92.0,6.95,92.0,0.2,3895.664491,625777.0,1.6,13.2,0
819,73.3,181.0,2.52,93.0,0,55.4,2,93.0,6.77,94.0,0.2,3988.771871,6281189.0,1.6,13.2,0
818,73.5,178.0,2.52,91.0,0,56.1,2,92.0,6.77,91.0,0.2,4127.11775,6312478.0,1.6,13.2,0
849,52.7,336.0,4.46,91.0,0,18.3,4,41.0,2.73,34.0,1.9,172.68491,614323.0,1.7,0.0,0
848,53.1,334.0,5.07,91.0,1339,18.7,4,43.0,1.78,35.0,2.3,2283.87939,639762.0,1.6,8.0,0
847,53.5,334.0,6.01,91.0,24,19.1,4,44.0,2.5,36.0,2.9,2711.17114,66647.0,1.4,8.2,0
846,53.8,334.0,7.13,91.0,18,19.5,4,46.0,2.23,37.0,3.6,3577.176197,694611.0,1.2,8.4,0
845,54.1,336.0,6.28,91.0,38,19.8,4,48.0,2.4,38.0,4.4,685.34897,724817.0,1.0,8.5,0
841,55.4,338.0,8.34,91.0,436,21.3,4,55.0,2.31,42.0,6.3,22742.38159,868418.0,9.3,9.1,0
840,55.7,34.0,7.97,91.0,78,21.7,4,57.0,5.32,43.0,7.3,1653.2937,99111.0,9.2,9.1,0
839,56.1,339.0,9.93,91.0,0,22.1,4,59.0,3.84,44.0,7.2,17136.44568,95114.0,9.0,9.2,0
838,56.2,344.0,10.99,91.0,0,22.6,4,39.0,3.29,41.0,7.7,21451.88617,99429.0,8.9,9.2,0
837,56.7,337.0,11.89,91.0,1190,23.0,4,9.0,4.0,24.0,8.2,21557.6528,138593.0,8.7,9.2,0
836,57.4,327.0,10.72,91.0,321,23.5,4,9.0,3.73,9.0,5.7,2246.9938,183746.0,8.6,9.2,0
835,57.9,32.0,0.01,9.0,13,24.0,4,24.0,3.8,9.0,4.4,192.59733,1129424.0,8.5,9.2,0
834,58.2,32.0,0.01,16.0,1250,24.5,4,17.0,3.8,16.0,4.2,1347.31257,1175389.0,8.4,9.2,0
865,45.3,399.0,0.83,91.0,789,12.6,10,82.0,4.43,81.0,1.9,28.1969487,339281.0,1.2,3.9,0
864,58.1,345.0,0.61,91.0,204,12.8,10,89.0,3.95,86.0,2.0,215.139213,3497124.0,1.0,4.3,0
863,58.5,343.0,0.83,86.0,460,13.1,10,92.0,4.2,9.0,1.9,21.7687981,3614639.0,9.9,4.4,0
862,58.8,343.0,0.56,91.0,376,13.3,10,95.0,3.5,93.0,1.9,232.7945459,3738265.0,9.7,4.7,0
861,59.1,342.0,0.64,84.0,24,13.6,10,98.0,3.14,98.0,1.8,287.4222243,3858623.0,9.6,5.0,0
860,59.4,34.0,1.07,96.0,19,13.9,9,96.0,2.97,96.0,1.6,276.75896,39697.0,9.4,5.4,0
859,59.7,336.0,0.97,94.0,128,14.3,9,94.0,3.3,94.0,1.4,297.828588,466648.0,9.3,5.3,0
858,62.0,329.0,1.23,91.0,55,14.7,9,91.0,3.29,91.0,1.3,317.3294336,4153332.0,9.2,5.3,0
857,67.0,322.0,0.49,94.0,0,15.1,9,94.0,3.69,94.0,1.1,326.825642,4232636.0,9.1,5.2,0
856,61.4,311.0,0.63,92.0,82,15.5,9,92.0,3.3,92.0,1.0,43.7544499,431334.0,9.0,5.2,0
855,62.1,298.0,0.61,9.0,51,16.0,9,9.0,3.24,9.0,0.9,482.14994,43984.0,8.9,5.1,0
854,62.9,286.0,0.62,96.0,48,16.5,8,96.0,3.6,96.0,0.7,582.775532,447469.0,8.8,5.0,0
853,63.6,274.0,0.01,94.0,194,17.0,8,94.0,2.98,94.0,0.6,582.775532,447469.0,8.7,5.0,0
852,64.0,266.0,0.01,94.0,45,17.5,8,94.0,3.1,94.0,0.5,582.775532,447469.0,8.6,5.0,0
851,64.4,261.0,0.01,94.0,127,18.0,8,94.0,3.34,94.0,0.4,582.775532,447469.0,8.5,5.0,0
850,64.7,255.0,0.01,95.0,198,18.6,7,95.0,3.34,95.0,0.4,582.775532,447469.0,8.4,5.0,0
881,78.0,218.0,0.01,91.0,9,54.0,0,93.0,5.28,93.0,0.1,47.32827,1396985.0,2.5,14.4,0
880,78.0,225.0,0.01,91.0,0,54.3,0,94.0,4.85,94.0,0.1,4498.95727,1388115.0,2.4,15.0,0
879,71.2,211.0,11.48,91.0,0,54.6,0,94.0,4.84,94.0,0.1,538.347781,137935.0,2.3,15.4,0
878,71.9,199.0,11.64,91.0,0,54.9,0,95.0,4.92,94.0,0.1,7174.237415,13772.0,2.2,15.6,0
877,72.3,195.0,15.07,9.0,0,55.2,0,95.0,5.13,94.0,0.1,885.465115,136255.0,2.2,15.7,0
876,72.8,189.0,15.52,95.0,2,55.5,0,96.0,5.2,96.0,0.1,1338.31322,1354775.0,2.1,15.9,0
875,73.0,188.0,16.58,95.0,27,55.9,0,95.0,5.1,95.0,0.1,12595.4165,134681.0,2.1,16.1,0
874,73.0,189.0,17.87,95.0,1,56.3,0,95.0,5.16,95.0,0.1,16586.452,13468.0,2.0,16.1,0
873,74.2,167.0,16.99,94.0,0,56.7,0,95.0,6.6,95.0,0.1,1894.5485,13379.0,2.0,16.1,0
872,74.9,156.0,15.04,95.0,0,57.1,0,95.0,6.93,95.0,0.1,14726.31828,1334515.0,2.0,16.1,0
871,75.6,137.0,14.97,94.0,0,57.6,0,94.0,6.25,94.0,0.1,14638.6482,1331475.0,1.9,16.2,0
870,76.1,138.0,0.01,94.0,7,58.0,0,93.0,5.83,93.0,0.1,17454.84342,1327439.0,1.9,16.4,0
869,76.3,135.0,0.01,94.0,4,58.5,0,94.0,6.36,94.0,0.1,17421.8922,1322696.0,1.9,16.5,0
868,76.9,127.0,0.01,93.0,2,59.0,0,94.0,6.48,94.0,0.1,1929.7746,1317997.0,1.9,16.5,0
867,77.3,122.0,0.01,93.0,0,59.4,0,93.0,6.38,93.0,0.1,19941.45532,1314545.0,1.9,16.5,0
866,77.6,119.0,0.01,91.0,4,59.9,0,93.0,6.38,93.0,0.1,1774.9291,131547.0,1.9,16.5,0
897,51.2,391.0,0.88,91.0,1660,12.3,404,55.0,4.36,9.0,5.0,123.876257,66537331.0,11.9,3.9,0
896,52.5,372.0,0.85,91.0,2366,12.6,392,55.0,4.26,32.0,4.9,12.1789279,68492257.0,11.8,4.3,0
895,53.2,369.0,0.8,91.0,3332,12.9,377,55.0,4.73,35.0,4.6,111.3634356,7497192.0,11.7,4.9,0
894,54.0,363.0,0.79,91.0,228,13.2,360,55.0,4.64,37.0,4.4,118.8734466,72545144.0,11.6,5.2,0
893,55.0,354.0,0.86,91.0,73,13.5,342,54.0,4.23,9.0,4.1,135.7623858,7462445.0,11.5,5.4,0
892,56.0,343.0,0.99,91.0,357,13.8,323,56.0,4.2,44.0,3.7,161.6266248,7672783.0,11.5,5.8,0
891,57.2,328.0,1.22,91.0,1451,14.2,304,59.0,4.47,46.0,3.3,193.794956,7885689.0,11.4,6.6,0
890,58.5,39.0,1.06,47.0,1446,14.5,286,61.0,4.69,9.0,2.8,243.326822,8149.0,11.3,7.1,0
889,59.8,289.0,1.13,52.0,3511,14.9,270,63.0,4.28,54.0,2.4,325.3825543,83184892.0,11.2,7.6,0
888,68.0,274.0,1.17,56.0,1176,15.3,256,65.0,4.41,58.0,2.0,379.7566385,85416253.0,11.1,8.1,0
887,61.8,261.0,1.34,62.0,4235,15.6,243,69.0,6.86,61.0,1.7,341.39992,877267.0,11.0,8.1,0
886,62.6,249.0,1.32,65.0,3255,16.0,231,9.0,6.55,65.0,1.4,354.8463544,946756.0,1.9,8.2,0
885,63.3,241.0,1.84,69.0,4347,16.4,221,9.0,5.77,69.0,1.2,468.567249,92444183.0,1.7,8.4,0
884,63.7,237.0,1.86,72.0,5253,16.8,211,9.0,5.19,72.0,0.9,52.1535887,94887724.0,1.6,8.4,0
883,64.2,234.0,0.01,77.0,10000,17.2,202,75.0,4.88,77.0,0.6,571.1622759,97366774.0,1.5,8.4,0
882,64.8,225.0,0.01,77.0,10000,17.6,194,75.0,4.88,77.0,0.6,645.4637627,9987333.0,1.4,8.4,0
913,67.7,221.0,2.05,98.0,0,5.2,0,91.0,3.87,9.0,0.1,276.1338,811223.0,4.3,13.1,0
912,67.8,221.0,1.93,98.0,17,51.2,0,92.0,3.28,91.0,0.1,238.891729,814218.0,4.3,13.2,0
911,67.9,22.0,1.85,99.0,304,52.2,0,94.0,3.48,93.0,0.1,2259.55796,815691.0,4.2,13.3,0
910,68.0,22.0,1.76,99.0,305,53.2,0,95.0,3.35,94.0,0.1,2835.973972,816628.0,4.2,13.3,0
909,68.1,218.0,1.63,99.0,37,54.2,0,96.0,3.61,95.0,0.1,3332.918533,818354.0,4.2,13.4,0
908,68.3,214.0,2.02,99.0,0,55.1,0,97.0,3.61,96.0,0.1,3658.63832,821817.0,4.1,13.9,0
907,68.5,211.0,2.06,99.0,136,55.9,0,98.0,3.84,98.0,0.1,3749.939813,827411.0,4.1,14.0,0
906,68.6,29.0,2.09,99.0,0,56.6,0,99.0,3.74,99.0,0.1,478.82327,834812.0,4.1,14.2,0
905,68.7,26.0,1.95,99.0,0,57.3,0,99.0,3.68,99.0,0.1,4177.657789,84334.0,4.0,14.3,0
904,68.9,23.0,2.31,99.0,1,58.0,0,99.0,4.26,99.0,0.1,3369.48247,851967.0,4.0,14.5,0
903,69.1,2.0,2.25,99.0,0,58.7,0,99.0,4.23,99.0,0.1,3651.966784,85995.0,4.0,14.6,0
902,69.2,197.0,0.01,99.0,0,59.5,0,99.0,4.6,99.0,0.1,4353.121392,86786.0,4.0,14.7,0
901,69.4,195.0,0.01,99.0,0,6.2,0,99.0,4.16,99.0,0.1,4546.73854,873596.0,4.0,14.9,0
900,69.6,192.0,0.01,99.0,0,61.1,0,99.0,4.26,99.0,0.1,4763.68956,879715.0,4.0,15.0,0
899,69.7,19.0,0.01,99.0,0,61.9,0,99.0,4.49,99.0,0.1,546.3728,88586.0,4.0,15.2,0
898,69.9,188.0,0.01,99.0,0,62.7,0,99.0,4.49,99.0,0.1,4921.89629,892149.0,4.0,15.3,0
929,77.5,15.0,8.59,91.0,0,55.5,0,96.0,7.22,99.0,0.1,24253.2542,517629.0,0.9,17.3,0
928,78.0,1.0,8.94,91.0,1,56.1,0,95.0,7.43,98.0,0.1,24913.24452,51888.0,0.9,17.7,0
927,78.1,98.0,9.25,91.0,0,56.6,0,95.0,7.81,98.0,0.1,26834.2625,52598.0,0.9,18.0,0
926,78.4,98.0,9.31,91.0,0,57.1,0,96.0,8.15,98.0,0.1,32816.1688,521314.0,0.9,18.1,0
925,78.7,12.0,9.89,91.0,0,57.6,0,96.0,8.21,98.0,0.1,37636.11173,5228172.0,0.9,18.3,0
924,78.9,11.0,9.95,91.0,1,58.1,0,97.0,8.43,97.0,0.1,38969.17163,524696.0,0.9,17.1,0
923,79.2,96.0,10.15,91.0,0,58.6,0,97.0,8.38,97.0,0.1,4112.67651,5266268.0,0.9,17.2,0
922,79.3,96.0,10.45,91.0,0,59.0,0,97.0,8.9,99.0,0.1,48288.5491,528872.0,0.9,17.2,0
921,79.6,94.0,10.26,91.0,5,59.4,0,97.0,8.35,99.0,0.1,5341.31487,5313399.0,0.9,17.1,0
920,79.7,91.0,9.96,91.0,2,59.8,0,99.0,9.2,99.0,0.1,4717.15571,5338871.0,0.9,17.0,0
919,79.9,89.0,9.72,91.0,5,6.2,0,99.0,9.5,99.0,0.1,4622.41516,5363352.0,0.9,16.8,0
918,83.0,86.0,9.81,91.0,27,6.6,0,99.0,9.1,99.0,0.1,579.72415,5388272.0,0.9,16.9,0
917,84.0,82.0,9.24,91.0,0,61.0,0,99.0,9.3,99.0,0.1,47415.55987,5413971.0,0.9,17.0,0
916,87.0,79.0,8.97,91.0,2,61.4,0,98.0,9.55,98.0,0.1,49638.7713,5438972.0,0.9,17.0,0
915,89.0,78.0,8.8,91.0,0,61.7,0,98.0,9.68,98.0,0.1,49914.61864,5461512.0,0.9,17.0,0
914,81.1,76.0,8.8,91.0,2,62.1,0,97.0,9.68,97.0,0.1,4245.39744,5479531.0,0.9,17.0,0
945,78.8,13.0,13.63,26.0,10000,54.6,4,98.0,9.77,97.0,0.1,22465.64184,6912498.0,0.7,15.7,0
944,79.0,13.0,13.89,28.0,0,55.2,4,98.0,9.89,97.0,0.1,22527.31775,61357431.0,0.7,15.6,0
943,79.2,11.0,13.78,29.0,5185,55.8,4,97.0,1.22,97.0,0.1,24275.2426,6185267.0,0.7,15.5,0
942,79.3,99.0,13.49,28.0,0,56.4,4,96.0,1.43,97.0,0.1,29691.18158,62244884.0,0.6,15.4,0
941,82.0,94.0,13.18,35.0,4448,57.0,4,99.0,1.53,98.0,0.1,33874.74255,6274897.0,0.6,15.5,0
940,81.0,93.0,12.2,35.0,36,57.5,4,98.0,1.6,98.0,0.1,34879.72633,63179356.0,0.6,15.5,0
939,86.0,92.0,12.4,39.0,40,58.0,4,99.0,1.53,99.0,0.1,36544.5853,63621376.0,0.6,16.1,0
938,89.0,89.0,12.2,42.0,39,58.6,3,99.0,1.45,98.0,0.1,416.58397,6416229.0,0.6,16.1,0
937,89.0,88.0,11.9,47.0,604,59.1,3,98.0,1.57,98.0,0.1,45413.6571,6437499.0,0.6,16.1,0
936,81.1,88.0,11.8,51.0,1541,59.6,3,98.0,11.28,98.0,0.1,41631.13141,647744.0,0.6,16.0,0
935,81.3,86.0,11.7,65.0,5048,6.1,3,99.0,11.2,99.0,0.1,473.34279,6527512.0,0.6,16.0,0
934,81.7,83.0,11.8,74.0,10000,6.6,3,99.0,11.33,99.0,0.1,4381.288,65342776.0,0.6,16.1,0
933,81.5,83.0,11.5,78.0,0,61.1,3,99.0,11.44,99.0,0.1,4838.2444,6565979.0,0.6,16.1,0
932,82.0,81.0,11.1,74.0,272,61.6,3,99.0,11.56,99.0,0.1,42554.1225,6599857.0,0.6,16.2,0
931,82.2,79.0,11.5,83.0,267,62.0,3,98.0,11.54,98.0,0.1,42955.24287,66331957.0,0.6,16.2,0
930,82.4,78.0,11.5,86.0,157,62.5,3,98.0,11.54,98.0,0.1,36526.7711,6662468.0,0.7,16.3,0
961,61.0,296.0,8.87,91.0,15,28.1,3,44.0,2.89,45.0,8.6,4116.46693,1231122.0,8.0,12.2,0
960,59.8,37.0,9.29,91.0,5129,28.7,3,44.0,3.23,45.0,8.6,3976.14887,1262259.0,7.8,12.3,0
959,59.7,315.0,8.34,91.0,110,29.2,3,44.0,3.22,45.0,8.6,412.55271,129449.0,7.7,12.3,0
958,59.7,32.0,6.47,91.0,0,29.8,3,44.0,3.48,45.0,8.6,4892.11618,1328146.0,7.5,12.3,0
955,61.4,288.0,8.01,52.0,90,31.4,3,44.0,2.88,45.0,8.6,727.777345,1444844.0,7.1,12.4,0
954,61.6,291.0,9.02,75.0,0,31.9,3,78.0,2.86,81.0,8.6,8352.81711,1489193.0,6.9,12.4,0
953,61.6,298.0,8.75,82.0,3,32.4,3,81.0,2.54,82.0,8.6,194.2746,1536411.0,6.8,12.4,0
952,61.7,31.0,8.64,79.0,0,33.0,3,74.0,3.43,76.0,8.0,763.66223,1586754.0,6.7,12.4,0
951,62.3,294.0,8.85,67.0,1,33.5,3,68.0,3.41,67.0,7.0,8754.113376,16421.0,6.5,12.5,0
950,62.8,289.0,8.9,75.0,2,34.1,3,75.0,3.12,75.0,6.0,1716.2258,169711.0,6.4,12.5,0
949,63.5,276.0,8.3,82.0,2,34.6,3,9.0,3.13,82.0,4.9,9774.18117,1756817.0,6.3,12.5,0
948,64.6,255.0,8.86,79.0,122,35.2,3,77.0,3.98,79.0,3.7,9679.742995,1817271.0,6.2,12.5,0
947,65.5,237.0,0.01,9.0,33,35.8,3,68.0,3.44,9.0,2.8,9692.163874,1875713.0,6.1,12.6,0
946,66.0,229.0,0.01,9.0,27,36.3,3,79.0,3.44,9.0,2.7,7388.984144,193175.0,6.1,12.6,0
977,55.9,33.0,2.18,91.0,336,18.0,6,84.0,3.61,9.0,2.0,1228.829749,1396923.0,1.2,6.5,0
976,56.3,3.0,2.25,91.0,99,18.5,6,85.0,3.71,87.0,2.3,1228.829749,1396923.0,1.0,6.8,0
975,56.6,298.0,2.08,92.0,32,19.1,6,86.0,3.75,87.0,2.5,1228.829749,1396923.0,9.8,7.0,0
974,57.0,297.0,2.47,94.0,119,19.7,6,87.0,4.22,87.0,2.7,1228.829749,1396923.0,9.6,7.3,0
971,58.2,288.0,2.93,95.0,0,21.5,6,94.0,5.52,95.0,3.0,1228.829749,1396923.0,9.0,8.1,0
970,58.5,288.0,2.64,97.0,0,22.2,6,94.0,5.76,95.0,3.1,1228.829749,1396923.0,8.8,8.4,0
969,58.7,287.0,2.79,98.0,0,22.8,6,96.0,5.95,96.0,3.0,1228.829749,1396923.0,8.6,8.6,0
968,59.0,286.0,2.99,97.0,0,23.5,6,97.0,5.85,98.0,2.7,1228.829749,1396923.0,8.4,8.9,0
967,59.3,284.0,3.48,97.0,2,24.1,6,97.0,5.75,97.0,2.1,1228.829749,1396923.0,8.2,8.8,0
966,59.8,277.0,3.41,96.0,0,24.8,5,95.0,6.24,96.0,1.8,1228.829749,1396923.0,8.0,8.7,0
965,62.0,269.0,0.01,98.0,0,25.4,5,98.0,6.12,98.0,1.4,1228.829749,1396923.0,7.8,8.8,0
964,66.0,266.0,0.01,97.0,0,26.0,5,96.0,6.49,97.0,1.6,1228.829749,1396923.0,7.6,8.9,0
963,68.0,266.0,0.01,96.0,1,26.7,5,97.0,7.34,96.0,1.7,1228.829749,1396923.0,7.5,8.9,0
962,61.1,262.0,0.01,97.0,71,27.3,5,96.0,7.34,97.0,1.7,1228.829749,1396923.0,7.3,8.9,0
993,71.8,129.0,3.28,55.0,50,46.0,2,81.0,6.94,9.0,0.1,691.997711,44183.0,3.1,11.4,0
992,73.0,121.0,2.76,61.0,35,46.5,2,83.0,7.82,87.0,0.1,733.974142,43864.0,3.0,11.7,0
991,71.7,142.0,2.72,51.0,199,47.0,2,89.0,8.72,84.0,0.1,779.3845935,4357.0,2.9,11.8,0
990,72.7,132.0,3.36,48.0,216,47.5,2,74.0,8.49,75.0,0.1,928.18227,431.0,2.9,11.8,0
989,72.3,134.0,3.74,64.0,6847,48.1,1,66.0,8.53,78.0,0.1,127.367228,4245.0,2.8,12.0,0
988,73.9,128.0,4.7,79.0,1356,48.6,1,82.0,8.6,82.0,0.1,153.57521,419.0,2.8,12.2,0
987,73.9,126.0,6.18,84.0,334,49.2,1,89.0,8.39,88.0,0.1,1872.68416,4136.0,2.7,12.6,0
986,74.4,12.0,8.65,94.0,44,49.9,1,88.0,8.17,98.0,0.1,2492.12878,482.0,2.7,12.5,0
985,73.9,128.0,7.17,89.0,56,5.5,1,9.0,8.99,92.0,0.1,3174.9491,43.0,2.6,13.1,0
984,73.2,133.0,6.66,54.0,23,51.3,1,93.0,1.19,88.0,0.1,276.588512,3978.0,2.6,12.8,0
983,73.8,132.0,7.24,95.0,22,52.0,1,88.0,1.5,92.0,0.1,2964.47734,3926.0,2.6,13.3,0
982,73.9,127.0,8.14,89.0,64,52.8,1,88.0,9.38,94.0,0.1,3725.63221,3875.0,2.6,13.3,0
981,74.2,13.0,7.71,92.0,31,53.6,1,93.0,8.57,92.0,0.1,4142.869175,3825.0,2.6,13.4,0
980,74.5,128.0,5.91,96.0,7872,54.4,1,94.0,7.25,93.0,0.1,4274.376857,3776.0,2.7,13.5,0
979,74.5,125.0,6.13,91.0,3188,55.3,1,91.0,7.42,91.0,0.1,4429.6575,3727.0,2.7,13.5,0
978,74.4,129.0,6.13,94.0,431,56.2,1,91.0,7.42,94.0,0.1,3764.64912,37171.0,2.7,13.9,0
1009,78.0,95.0,12.91,84.0,0,55.1,4,94.0,1.1,9.0,0.1,23718.7467,8221158.0,1.2,16.2,1
1008,78.3,92.0,12.46,86.0,6024,55.6,4,96.0,1.15,93.0,0.1,23687.31689,82349925.0,1.2,16.2,1
1007,78.4,91.0,12.25,87.0,4657,56.1,4,97.0,1.4,93.0,0.1,2525.16445,82488495.0,1.2,16.3,1
1006,78.5,9.0,11.92,9.0,779,56.6,4,96.0,1.62,97.0,0.1,3359.95215,82534176.0,1.1,16.3,1
1005,79.1,86.0,11.83,88.0,121,57.1,3,96.0,1.37,96.0,0.1,34165.9343,8251626.0,1.1,16.4,1
1004,79.2,85.0,11.67,9.0,778,57.6,3,95.0,1.52,96.0,0.1,34696.6292,82469422.0,1.1,16.4,1
1003,79.6,84.0,11.76,87.0,2307,58.0,3,94.0,1.34,96.0,0.1,36447.87232,82376451.0,1.1,16.5,1
1002,79.8,82.0,11.5,86.0,567,58.5,3,95.0,1.18,96.0,0.1,41814.8191,82266372.0,1.1,16.6,1
1001,79.9,8.0,11.36,87.0,917,59.0,3,95.0,1.39,96.0,0.1,45699.19832,821197.0,1.1,16.6,1
1000,80.0,79.0,11.22,88.0,574,59.5,3,95.0,11.4,96.0,0.1,41732.7725,819237.0,1.1,16.7,1
999,81.0,76.0,11.2,88.0,780,59.9,3,94.0,11.25,95.0,0.1,41785.55691,8177693.0,1.1,16.7,1
998,85.0,74.0,11.2,88.0,1607,6.4,3,94.0,1.93,95.0,0.1,4681.32796,8274983.0,1.1,16.8,1
997,86.0,71.0,11.18,88.0,166,6.9,3,94.0,1.99,95.0,0.1,4465.24891,8425823.0,1.1,16.9,1
996,86.0,71.0,10.94,88.0,1771,61.4,3,94.0,11.16,95.0,0.1,4653.91143,864565.0,1.1,16.9,1
995,89.0,69.0,11.03,88.0,443,61.9,3,94.0,11.3,95.0,0.1,4792.65288,89825.0,1.1,17.0,1
994,81.0,68.0,11.03,88.0,2464,62.3,3,94.0,11.3,95.0,0.1,41176.88158,81686611.0,1.1,17.1,1
1025,57.2,38.0,1.6,91.0,10000,19.5,65,88.0,3.0,88.0,3.6,263.1124679,18938762.0,9.2,7.7,0
1022,57.9,38.0,1.53,9.0,1939,21.2,63,9.0,3.12,9.0,3.4,373.2815537,2446782.0,8.6,7.9,0
1021,58.3,34.0,1.46,9.0,60,21.8,62,81.0,3.96,9.0,3.2,423.1936389,2986536.0,8.4,7.7,0
1020,58.9,296.0,1.5,84.0,435,22.4,62,85.0,4.51,84.0,3.1,498.172394,215429.0,8.1,8.1,0
1019,59.4,288.0,1.7,84.0,420,23.0,62,84.0,4.64,84.0,2.9,922.9351677,22113425.0,7.9,8.7,0
1018,59.9,28.0,1.25,94.0,6,23.6,61,94.0,5.3,94.0,2.6,19.686718,227212.0,7.7,9.1,0
1017,63.0,275.0,1.78,93.0,82,24.2,61,92.0,4.85,93.0,2.2,1224.41554,2329864.0,7.5,9.8,0
1016,66.0,271.0,1.76,94.0,101,24.9,60,94.0,5.17,94.0,2.1,186.76538,2393831.0,7.3,10.4,0
1015,69.0,267.0,1.69,94.0,641,25.5,59,94.0,5.33,94.0,1.9,1312.67557,2451214.0,7.1,10.5,0
1014,61.2,263.0,1.64,91.0,120,26.1,58,91.0,4.81,91.0,1.3,1574.978653,25121796.0,6.9,10.9,0
1013,61.6,257.0,0.01,92.0,1613,26.7,56,91.0,4.79,92.0,0.9,1629.8222,2573349.0,6.7,11.2,0
1012,61.9,254.0,0.01,9.0,319,27.3,55,91.0,4.63,9.0,0.9,1814.492297,26346251.0,6.6,11.5,0
1011,62.1,253.0,0.01,98.0,124,28.0,54,93.0,3.56,98.0,0.8,1432.227943,26962563.0,6.4,11.7,0
1010,62.4,249.0,0.01,88.0,23,28.6,52,88.0,3.56,88.0,0.7,1361.11395,27582821.0,6.2,11.4,0
1041,78.2,84.0,8.48,89.0,56,57.4,1,89.0,7.6,89.0,0.1,1242.95373,18588.0,0.9,13.9,0
1040,78.7,83.0,8.62,9.0,12,58.0,1,9.0,8.47,91.0,0.1,12538.17883,1862132.0,0.9,14.2,0
1039,79.0,81.0,8.09,91.0,5,58.6,1,92.0,8.72,92.0,0.1,1411.31339,19222.0,0.8,14.6,0
1038,79.1,81.0,9.46,92.0,0,59.2,1,93.0,8.61,94.0,0.1,18477.57841,19287.0,0.8,15.2,0
1037,79.2,81.0,9.56,92.0,1,59.9,1,95.0,8.3,95.0,0.1,21955.149,1955141.0,0.8,15.3,0
1036,79.3,81.0,9.95,93.0,122,6.5,1,96.0,9.36,96.0,0.1,22551.73574,1987314.0,0.8,15.6,0
1035,79.7,77.0,9.42,94.0,0,61.2,1,98.0,9.34,98.0,0.1,2481.15781,112362.0,0.8,16.3,0
1034,79.4,8.0,9.67,95.0,2,61.8,0,99.0,9.41,99.0,0.1,28827.32636,1148473.0,0.8,16.4,0
1033,79.9,77.0,9.51,95.0,1,62.4,0,99.0,9.76,99.0,0.1,31997.2821,1177841.0,0.8,15.9,0
1032,80.0,78.0,9.08,95.0,2,63.1,0,99.0,9.76,99.0,0.1,2971.973,111717.0,0.8,16.2,0
1031,83.0,76.0,9.0,95.0,149,63.7,0,99.0,9.18,99.0,0.1,26917.75898,11121341.0,0.8,16.4,0
1030,85.0,76.0,8.02,95.0,40,64.3,0,99.0,9.77,99.0,0.1,25916.29353,1114899.0,0.8,16.7,0
1029,84.0,76.0,8.2,98.0,3,64.9,0,99.0,9.24,99.0,0.1,22242.68193,114511.0,0.8,16.8,0
1028,86.0,74.0,7.46,98.0,3,65.4,0,99.0,9.26,99.0,0.1,21874.8195,1965211.0,0.8,17.1,0
1027,88.0,73.0,7.53,96.0,1,66.0,0,99.0,8.8,99.0,0.1,21673.7817,1892413.0,0.8,17.2,0
1026,81.0,72.0,7.53,96.0,1,66.5,0,99.0,8.8,99.0,0.1,187.78991,182883.0,0.8,17.2,0
1057,74.0,182.0,9.4,91.0,0,37.7,0,97.0,6.62,97.0,0.1,5117.589923,1396923.0,4.3,14.1,0
1056,77.0,178.0,9.61,96.0,0,38.2,0,96.0,7.67,96.0,0.1,519.958715,1396923.0,4.2,14.3,0
1055,79.0,176.0,10.71,98.0,0,38.8,0,98.0,6.67,98.0,0.1,5292.232379,1396923.0,4.1,14.4,0
1054,71.1,173.0,9.75,97.0,0,39.4,0,98.0,5.89,97.0,0.1,5773.73577,1396923.0,4.0,14.6,0
1053,73.0,187.0,8.43,83.0,0,39.9,0,84.0,5.24,83.0,0.1,5836.17763,1396923.0,4.0,14.8,0
1051,71.7,167.0,9.06,91.0,0,41.1,0,91.0,5.99,91.0,0.1,6764.722867,1396923.0,3.9,15.1,0
1050,71.9,164.0,9.06,96.0,0,41.8,0,96.0,5.88,96.0,0.1,7322.596862,1396923.0,3.9,15.3,0
1049,72.1,162.0,8.92,99.0,0,42.4,0,99.0,5.76,99.0,0.1,7946.944346,1396923.0,3.8,15.4,0
1048,72.4,158.0,8.42,99.0,0,43.1,0,99.0,6.24,99.0,0.1,7395.88125,1396923.0,3.8,15.6,0
1047,72.6,154.0,7.91,97.0,0,43.9,0,94.0,6.41,97.0,0.1,7365.666659,1396923.0,3.8,15.8,0
1046,72.9,15.0,7.84,94.0,0,44.7,0,95.0,6.35,95.0,0.1,741.48438,1396923.0,3.8,15.8,0
1045,73.1,146.0,8.07,97.0,0,45.6,0,98.0,6.36,97.0,0.1,7583.1872,1396923.0,3.8,15.8,0
1044,73.3,144.0,8.25,97.0,0,46.5,0,98.0,6.15,97.0,0.1,7955.615985,1396923.0,3.8,15.8,0
1043,73.5,143.0,8.42,97.0,0,47.4,0,81.0,6.1,97.0,0.1,8569.776998,1396923.0,3.8,15.8,0
1042,73.6,142.0,8.42,92.0,0,48.4,0,99.0,6.1,92.0,0.1,9212.192824,1396923.0,3.8,15.8,0
1072,68.4,211.0,2.53,91.0,0,41.1,20,78.0,6.76,77.0,0.3,1568.376276,11924946.0,1.5,8.5,0
1071,69.3,21.0,2.41,91.0,0,41.7,20,82.0,6.71,82.0,0.3,171.771491,1228848.0,1.5,8.8,0
1070,69.4,24.0,2.45,91.0,0,42.4,19,84.0,6.88,84.0,0.4,1753.349471,125478.0,1.4,9.0,0
1069,69.6,21.0,2.4,91.0,0,43.1,18,88.0,6.77,87.0,0.4,1872.73783,12796925.0,1.4,9.3,0
1068,69.2,28.0,2.35,87.0,0,43.8,18,87.0,6.79,87.0,0.4,277.83438,139628.0,1.4,9.6,0
1067,69.7,24.0,2.38,89.0,0,44.5,17,9.0,7.7,89.0,0.4,2256.56724,133978.0,1.4,9.8,0
1066,75.0,192.0,2.4,85.0,0,45.2,16,85.0,6.86,85.0,0.4,2489.955836,137286.0,1.3,10.1,0
1065,79.0,19.0,2.21,95.0,0,45.9,15,96.0,6.65,95.0,0.4,2794.22189,146366.0,1.3,10.4,0
1064,76.0,198.0,2.14,92.0,0,46.5,15,92.0,6.79,92.0,0.4,2635.753474,1431628.0,1.3,10.4,0
1063,77.0,196.0,2.14,94.0,0,47.2,14,94.0,6.64,94.0,0.4,2825.5247,1463417.0,1.3,10.5,0
1062,71.1,193.0,2.16,88.0,0,47.9,14,88.0,6.28,88.0,0.4,3187.845296,14948919.0,1.2,10.5,0
1061,71.3,189.0,2.02,96.0,0,48.6,13,94.0,6.33,96.0,0.4,3299.65139,1527156.0,1.2,10.6,0
1060,71.4,189.0,1.93,85.0,0,49.3,13,84.0,6.3,85.0,0.4,3452.828934,15596214.0,1.2,10.7,0
1059,71.7,187.0,1.88,73.0,0,49.9,13,65.0,6.2,73.0,0.4,3687.763767,15923559.0,1.2,10.7,0
1058,71.9,186.0,1.88,74.0,0,5.6,12,9.0,6.2,74.0,0.4,3923.573344,16252429.0,1.2,10.7,0
1089,52.5,328.0,0.17,91.0,10000,16.6,60,47.0,3.46,46.0,3.0,34.516918,888546.0,1.3,4.8,0
1088,52.5,336.0,0.17,91.0,7408,16.9,58,52.0,3.65,9.0,3.0,315.83983,8971139.0,1.1,5.1,0
1087,52.9,337.0,0.21,91.0,2151,17.3,56,56.0,3.76,53.0,3.0,322.811171,9137345.0,9.9,5.5,0
1086,53.3,338.0,0.18,91.0,2497,17.7,55,61.0,3.45,57.0,2.9,37.1931781,939848.0,9.7,5.9,0
1085,54.0,334.0,0.34,91.0,10,18.1,53,65.0,3.14,9.0,2.8,386.3288283,949229.0,9.5,5.1,0
1084,54.7,327.0,0.21,91.0,99,18.5,51,59.0,2.82,59.0,2.7,33.424498,9679745.0,9.3,6.6,0
1083,55.6,317.0,0.16,91.0,4,19.0,49,53.0,3.2,57.0,2.6,296.68382,9881428.0,9.1,7.1,0
1082,56.4,36.0,0.19,57.0,3,19.4,48,46.0,3.8,63.0,2.4,49.456775,196727.0,8.9,7.6,0
1081,56.8,33.0,0.21,57.0,89,19.8,47,59.0,3.21,9.0,2.3,437.4467238,1323142.0,8.6,7.9,0
1078,58.1,29.0,0.22,63.0,11,21.2,43,63.0,4.73,63.0,2.0,459.2912,113517.0,8.0,8.4,0
1077,58.4,288.0,0.01,62.0,6,21.7,42,63.0,5.39,62.0,1.9,52.3485646,11281469.0,7.8,8.5,0
1076,58.8,284.0,0.01,63.0,53,22.2,41,63.0,5.49,63.0,1.0,54.169324,11536615.0,7.7,8.5,0
1075,58.1,299.0,0.01,51.0,175,22.7,41,42.0,5.64,51.0,0.5,561.997387,118559.0,7.5,8.6,0
1074,59.0,284.0,0.01,54.0,243,23.3,40,42.0,5.64,54.0,0.5,554.48766,1291533.0,7.3,8.8,0
1105,52.1,3.0,2.84,91.0,0,17.4,9,52.0,4.94,49.0,3.1,297.7519443,1243229.0,1.2,6.4,0
1104,52.5,32.0,2.55,91.0,126,17.9,9,56.0,5.4,53.0,3.6,39.486749,1267512.0,1.0,6.7,0
1103,52.8,35.0,2.47,91.0,298,18.5,8,61.0,5.84,57.0,4.1,321.481324,1293523.0,9.8,7.1,0
1102,53.0,38.0,2.16,91.0,1158,19.0,8,65.0,5.62,9.0,4.6,36.5718585,132122.0,9.6,7.4,0
1101,53.5,38.0,2.58,91.0,3526,19.6,8,69.0,5.41,64.0,5.0,393.3138244,135345.0,9.4,7.7,0
1098,55.0,32.0,2.98,91.0,1,21.3,7,76.0,6.1,74.0,5.7,481.694976,1445958.0,8.7,8.8,0
1097,55.6,297.0,2.64,91.0,12,21.9,7,77.0,6.5,77.0,6.0,583.5445622,148841.0,8.5,8.8,0
1096,56.3,288.0,2.55,9.0,0,22.5,7,78.0,6.81,9.0,6.0,544.222779,1517448.0,8.3,8.9,0
1095,56.7,287.0,3.21,83.0,26,23.1,7,82.0,6.7,83.0,5.9,543.957418,155588.0,8.0,8.9,0
1094,57.1,289.0,3.57,86.0,0,23.7,7,85.0,5.46,86.0,5.7,692.69989,1596154.0,7.8,9.0,0
1093,57.6,285.0,0.01,87.0,0,24.3,6,87.0,5.96,87.0,5.3,67.7518833,1638139.0,7.7,9.1,0
1092,58.1,279.0,0.01,87.0,0,25.0,6,87.0,6.14,87.0,4.5,61.566347,1681495.0,7.5,9.1,0
1091,58.4,282.0,0.01,87.0,1,25.6,6,87.0,5.59,87.0,3.4,642.6256154,1725744.0,7.3,9.2,0
1090,58.9,275.0,0.01,87.0,153,26.3,6,87.0,5.59,87.0,3.2,596.8717189,177526.0,7.1,9.2,0
1121,65.4,246.0,6.63,91.0,0,35.7,1,79.0,5.85,88.0,1.1,946.599372,75331.0,5.9,10.9,0
1120,65.4,247.0,6.71,85.0,0,36.4,1,9.0,5.82,85.0,1.7,925.582546,752263.0,5.9,10.9,0
1119,65.3,244.0,7.73,91.0,0,37.1,1,93.0,5.84,91.0,2.3,96.8674827,751884.0,5.9,11.0,0
1118,65.3,237.0,7.93,9.0,0,37.8,1,91.0,5.97,9.0,2.1,986.7958173,751857.0,5.8,11.1,0
1117,65.1,237.0,7.84,91.0,0,38.4,1,91.0,5.73,91.0,1.9,145.58861,751652.0,5.8,11.2,0
1116,65.0,238.0,7.35,93.0,0,39.0,1,93.0,5.83,93.0,1.8,198.455216,75946.0,5.7,11.4,0
1115,65.2,24.0,7.04,93.0,0,39.6,1,92.0,4.67,93.0,1.1,1945.6395,74961.0,5.7,11.7,0
1112,66.1,218.0,7.49,98.0,0,41.6,1,97.0,7.32,98.0,0.3,2716.35256,745693.0,5.6,10.5,0
1111,65.9,221.0,7.52,95.0,0,42.4,1,95.0,6.6,95.0,0.4,326.281212,746556.0,5.6,10.2,0
1110,65.6,229.0,7.56,93.0,0,43.2,1,93.0,6.8,93.0,0.4,3439.597513,7491.0,5.6,10.3,0
1109,65.8,22.0,7.57,97.0,0,44.1,1,97.0,6.57,97.0,0.3,3785.935665,75391.0,5.6,10.6,0
1108,65.9,218.0,7.56,98.0,0,45.0,1,98.0,5.1,98.0,0.3,3944.178173,75881.0,5.5,10.3,0
1107,66.0,217.0,7.64,98.0,0,45.9,1,97.0,5.25,98.0,0.3,43.82321,763393.0,5.5,10.3,0
1106,66.2,215.0,7.64,95.0,0,46.7,1,92.0,5.25,95.0,0.3,4136.689919,768514.0,5.5,10.3,0
1137,58.6,35.0,4.79,91.0,992,34.0,28,9.0,6.6,41.0,5.1,462.486524,85492.0,4.8,7.8,0
1136,58.9,35.0,6.22,91.0,159,34.8,27,52.0,5.63,45.0,5.0,413.7383164,8692567.0,4.7,7.9,0
1135,59.3,33.0,6.1,91.0,0,35.6,26,54.0,5.47,48.0,4.8,393.16327,8834733.0,4.6,8.0,0
1134,59.7,3.0,6.64,91.0,0,36.5,25,56.0,5.32,53.0,4.6,329.782946,8976552.0,4.5,8.1,0
1133,58.7,32.0,6.1,91.0,0,37.5,24,58.0,5.61,55.0,4.3,387.9429725,9119178.0,4.5,8.1,0
1132,65.0,29.0,5.57,91.0,0,38.5,24,9.0,4.41,9.0,3.9,465.311876,926344.0,4.4,8.2,0
1131,61.1,28.0,6.18,91.0,0,39.6,23,61.0,5.7,9.0,3.3,55.47626,949457.0,4.3,8.3,0
1129,62.1,259.0,5.95,91.0,0,41.8,22,64.0,5.92,63.0,2.4,674.7564147,97529.0,4.2,8.4,0
1128,62.5,251.0,5.85,91.0,0,43.0,21,65.0,6.68,65.0,2.0,668.297646,985287.0,4.1,8.5,0
1127,36.3,399.0,5.76,91.0,0,44.2,58,66.0,8.9,66.0,1.9,662.2795182,9999617.0,4.0,8.6,0
1126,62.3,259.0,5.68,91.0,0,45.3,20,67.0,1.41,68.0,1.5,74.9358452,114554.0,4.0,8.7,0
1125,62.3,259.0,5.68,91.0,0,46.5,20,67.0,9.88,67.0,0.8,766.8437623,128921.0,3.9,8.9,0
1124,62.7,253.0,5.68,68.0,0,47.7,19,67.0,8.1,68.0,0.5,81.265673,1431776.0,3.9,9.1,0
1123,63.1,245.0,0.01,48.0,0,48.8,19,55.0,7.56,48.0,0.5,83.1148117,1572466.0,3.9,9.1,0
1122,63.5,24.0,0.01,9.0,0,49.9,18,56.0,7.56,9.0,0.5,814.5463952,171161.0,3.9,9.1,0
1153,71.0,174.0,2.61,93.0,0,38.8,8,88.0,6.63,94.0,1.7,188.783165,6524283.0,2.8,9.8,0
1152,71.3,171.0,2.74,95.0,0,39.6,8,99.0,6.88,96.0,1.6,113.4546,669361.0,2.7,9.9,0
1150,71.9,166.0,3.04,91.0,0,41.2,7,92.0,8.29,92.0,1.4,1157.3427,733821.0,2.6,10.3,0
1149,72.2,165.0,3.02,93.0,0,42.0,7,94.0,7.89,94.0,1.2,1217.657961,724153.0,2.6,10.4,0
1148,72.5,163.0,3.23,97.0,0,42.8,6,98.0,7.81,98.0,0.9,1311.741714,737343.0,2.5,10.6,0
1147,72.8,161.0,3.23,94.0,0,43.5,6,94.0,7.63,95.0,0.8,1437.628785,754146.0,2.4,10.8,0
1146,73.0,16.0,3.16,93.0,0,44.3,6,94.0,7.89,94.0,0.7,1592.572182,777972.0,2.4,10.9,0
1145,73.2,159.0,3.14,92.0,0,45.1,5,93.0,8.4,93.0,0.6,1751.595857,7872658.0,2.3,11.1,0
1144,73.4,157.0,3.08,97.0,0,45.9,5,97.0,8.84,97.0,0.5,1815.489496,83521.0,2.3,11.3,0
1143,73.6,156.0,3.1,97.0,0,46.8,5,97.0,8.45,97.0,0.4,1932.85829,8194778.0,2.3,11.5,0
1142,73.9,153.0,3.1,97.0,0,47.6,5,97.0,8.57,97.0,0.4,212.584798,83516.0,2.2,11.7,0
1141,74.1,151.0,3.11,97.0,0,48.4,4,97.0,9.78,97.0,0.4,2178.38325,855646.0,2.2,11.6,0
1140,74.3,15.0,3.11,97.0,0,49.3,4,97.0,9.15,97.0,0.4,2136.77395,8657785.0,2.2,11.6,0
1139,74.5,149.0,2.87,97.0,0,5.2,4,97.0,8.72,97.0,0.3,2242.711912,889216.0,2.1,11.4,0
1138,74.6,147.0,2.87,97.0,0,51.0,4,97.0,8.72,97.0,0.3,2326.15856,896829.0,2.1,11.2,0
1169,71.7,193.0,12.22,95.0,1,56.1,1,99.0,7.6,99.0,0.1,4623.46712,121971.0,2.3,13.9,1
1168,72.3,185.0,13.18,95.0,20,56.6,1,99.0,7.11,99.0,0.1,527.85364,1187576.0,2.2,14.2,1
1167,72.5,184.0,13.29,95.0,0,57.1,1,98.0,7.47,99.0,0.1,665.6443,115868.0,2.2,14.6,1
1166,72.5,184.0,13.24,95.0,0,57.6,1,99.0,8.42,99.0,0.1,8396.25323,1129552.0,2.1,14.9,1
1165,72.9,18.0,13.28,95.0,0,58.2,1,99.0,8.8,99.0,0.1,1259.5266,117146.0,2.1,15.3,1
1164,72.9,182.0,12.94,95.0,2,58.8,1,99.0,8.28,99.0,0.1,11161.72441,18765.0,2.0,15.0,1
1163,73.4,177.0,13.16,95.0,1,59.3,1,99.0,8.1,99.0,0.1,11398.76584,17137.0,2.0,15.2,1
1162,73.5,176.0,12.55,95.0,0,59.9,1,99.0,7.51,99.0,0.1,13842.6549,15578.0,1.9,15.3,1
1161,74.1,165.0,11.64,95.0,0,6.5,1,99.0,7.33,99.0,0.1,15669.25929,138188.0,1.9,15.3,1
1160,74.2,162.0,11.46,95.0,1,61.1,1,99.0,7.55,99.0,0.1,12967.16543,12265.0,1.8,15.3,1
1159,74.5,156.0,10.78,95.0,0,61.7,1,99.0,7.85,99.0,0.1,1325.53379,123.0,1.8,15.3,1
1158,74.8,15.0,11.51,95.0,5,62.4,1,99.0,7.84,99.0,0.1,1448.87958,9971727.0,1.7,15.4,1
1157,75.0,146.0,11.27,95.0,2,63.0,1,99.0,7.74,99.0,0.1,12834.32349,992362.0,1.7,15.4,1
1156,75.5,139.0,10.88,95.0,1,63.6,1,99.0,7.53,99.0,0.1,13613.6147,989382.0,1.7,15.4,1
1155,75.6,137.0,0.01,95.0,0,64.2,0,99.0,7.4,99.0,0.1,14117.97668,9866468.0,1.7,15.8,1
1154,75.8,134.0,0.01,95.0,0,64.8,0,99.0,7.4,99.0,0.1,12365.6263,984328.0,1.6,15.6,1
1185,79.7,74.0,6.17,95.0,0,54.2,0,98.0,9.28,98.0,0.1,31813.37344,28125.0,1.0,16.8,1
1184,80.0,72.0,6.37,95.0,0,54.8,0,92.0,9.12,92.0,0.1,28585.9254,284968.0,1.0,17.1,1
1183,84.0,7.0,6.61,95.0,0,55.4,0,95.0,9.86,95.0,0.1,31996.2172,287523.0,1.0,17.2,1
1182,87.0,65.0,6.61,95.0,0,55.9,0,97.0,1.7,97.0,0.1,3944.999,289521.0,1.0,17.6,1
1181,88.0,65.0,6.79,95.0,0,56.5,0,99.0,9.59,99.0,0.1,46917.27216,29274.0,1.0,18.3,1
1180,81.0,62.0,7.05,95.0,0,56.9,0,95.0,9.21,95.0,0.1,56249.7555,296734.0,0.9,17.9,1
1179,81.1,61.0,7.2,95.0,0,57.4,0,97.0,8.96,97.0,0.1,5613.54115,33782.0,0.9,18.1,1
1178,81.3,59.0,7.53,95.0,0,57.8,0,97.0,8.75,97.0,0.1,68348.31817,311566.0,0.9,18.2,1
1177,81.4,58.0,8.49,95.0,0,58.1,0,98.0,8.8,98.0,0.1,55575.29196,317414.0,0.9,18.2,1
1176,81.6,55.0,10.22,95.0,0,58.5,0,96.0,9.12,96.0,0.1,4461.89251,318499.0,0.9,18.4,1
1175,81.8,53.0,8.25,95.0,0,58.9,0,96.0,8.86,96.0,0.1,41676.44527,31841.0,0.9,18.4,1
1174,82.1,51.0,8.13,95.0,0,59.3,0,95.0,8.65,95.0,0.1,46.217,31914.0,0.9,18.6,1
1173,82.5,5.0,7.81,95.0,0,59.7,0,89.0,8.68,89.0,0.1,44333.8518,32716.0,1.0,18.7,1
1172,82.4,5.0,7.31,95.0,0,6.2,0,91.0,8.75,91.0,0.1,4781.3888,323764.0,1.0,19.0,1
1171,82.5,49.0,7.45,95.0,0,6.6,0,9.0,8.86,9.0,0.1,52473.11356,327386.0,1.0,19.0,1
1170,82.7,49.0,7.45,95.0,0,61.0,0,92.0,8.86,92.0,0.1,5734.4436,33815.0,1.0,19.0,1
1201,62.5,224.0,0.93,91.0,10000,11.4,2500,57.0,4.26,58.0,0.3,438.864634,1535912.0,27.7,8.3,0
1200,62.9,222.0,1.0,91.0,10000,11.8,2400,58.0,4.5,59.0,0.3,447.138966,171477855.0,27.5,8.3,0
1199,63.3,219.0,1.1,91.0,10000,12.2,2300,58.0,4.4,59.0,0.3,466.2842,18987112.0,27.4,8.4,0
1198,63.7,216.0,1.19,91.0,10000,12.6,2200,57.0,4.3,61.0,0.3,541.1352279,11827848.0,27.3,8.6,0
1197,64.0,214.0,1.2,9.0,10000,13.0,2100,58.0,4.22,63.0,0.3,621.3183767,1126135777.0,27.2,9.2,0
1196,64.4,211.0,1.27,9.0,10000,13.5,2000,65.0,4.28,65.0,0.3,77.819,1144118674.0,27.2,9.4,0
1195,64.8,28.0,1.37,9.0,10000,13.9,2000,66.0,4.25,65.0,0.3,792.259698,1161977719.0,27.1,9.7,0
1194,65.2,26.0,1.59,9.0,10000,14.4,1900,67.0,4.23,64.0,0.3,118.166373,1179681239.0,27.1,9.9,0
1193,65.5,23.0,1.93,29.0,10000,14.9,1800,69.0,4.34,9.0,0.3,991.484634,119714696.0,27.0,10.2,0
1192,66.0,2.0,2.5,37.0,10000,15.4,1700,73.0,4.38,74.0,0.2,19.317765,121427132.0,27.0,10.5,0
1191,66.4,196.0,2.77,38.0,10000,15.9,1600,76.0,4.28,79.0,0.2,1345.77153,12398691.0,27.0,10.4,0
1190,66.8,193.0,3.0,44.0,10000,16.4,1500,79.0,4.33,82.0,0.2,1461.671957,124723629.0,26.9,10.8,0
1189,67.3,19.0,3.1,73.0,10000,17.0,1400,79.0,4.39,82.0,0.2,1446.98541,126365852.0,26.9,11.3,0
1188,67.6,187.0,3.11,9.0,10000,17.5,1300,82.0,4.53,83.0,0.2,1452.195373,127856227.0,26.8,11.5,0
1187,68.0,184.0,3.07,79.0,10000,18.1,1200,84.0,4.69,85.0,0.2,1573.11889,1293859294.0,26.8,11.6,0
1186,68.3,181.0,3.07,87.0,10000,18.7,1100,86.0,4.69,87.0,0.2,1613.18878,1395398.0,26.7,11.6,0
1217,66.3,188.0,0.06,65.0,3344,15.4,237,72.0,1.98,75.0,0.1,78.92744,21154429.0,11.0,10.7,0
1216,66.5,188.0,0.06,62.0,3825,16.0,229,77.0,2.23,76.0,0.1,747.9817455,2145652.0,11.0,10.6,0
1215,66.7,189.0,0.05,63.0,10000,16.7,222,9.0,2.27,9.0,0.1,899.5556857,2175859.0,11.0,10.6,0
1214,66.9,189.0,0.05,64.0,10000,17.5,215,9.0,2.53,71.0,0.1,164.59447,22545214.0,1.9,10.8,0
1213,65.3,213.0,0.06,64.0,10000,18.2,237,79.0,2.37,71.0,0.1,1148.56996,223614649.0,1.9,11.0,0
1212,67.2,19.0,0.06,65.0,10000,19.0,201,79.0,2.79,72.0,0.1,126.928834,22671273.0,1.9,11.1,0
1211,67.3,191.0,0.06,66.0,10000,19.7,194,78.0,2.91,72.0,0.1,1586.254,22983822.0,1.8,10.9,0
1209,67.7,189.0,0.07,82.0,10000,21.3,181,83.0,2.81,77.0,0.2,216.52766,236159276.0,1.7,11.7,0
1208,67.9,189.0,0.08,82.0,10000,22.1,174,85.0,2.83,78.0,0.3,2254.44566,23934478.0,1.7,11.7,0
1207,68.1,187.0,0.08,83.0,10000,22.9,167,82.0,2.74,81.0,0.3,3113.48635,242524123.0,1.6,12.1,0
1206,68.3,185.0,0.08,81.0,10000,23.8,161,81.0,2.71,81.0,0.3,3634.27685,24577511.0,1.6,12.3,0
1205,68.5,183.0,0.08,83.0,10000,24.7,154,84.0,2.9,83.0,0.3,3687.953996,248883232.0,1.5,12.6,0
1204,68.7,181.0,0.09,85.0,8419,25.6,148,86.0,2.93,85.0,0.3,362.663981,25232263.0,1.5,12.9,0
1203,68.9,179.0,0.09,78.0,10000,26.5,142,9.0,2.85,78.0,0.3,3491.595887,255131116.0,1.4,12.9,0
1202,69.1,176.0,0.09,78.0,10000,27.4,136,9.0,2.85,78.0,0.3,3336.16686,258162113.0,1.4,12.9,0
1233,73.0,15.0,0.01,99.0,10000,44.9,43,99.0,4.47,99.0,0.1,1228.829749,1396923.0,7.8,11.6,0
1232,78.0,146.0,0.01,94.0,9582,45.5,40,95.0,5.2,96.0,0.1,1228.829749,1396923.0,7.7,11.6,0
1231,71.2,142.0,0.01,99.0,9554,46.2,37,99.0,5.39,99.0,0.1,1228.829749,1396923.0,7.6,11.9,0
1230,75.0,154.0,0.01,98.0,10000,46.9,35,99.0,5.42,99.0,0.1,1228.829749,1396923.0,7.5,11.8,0
1229,71.8,139.0,0.01,95.0,3,47.6,33,98.0,5.89,99.0,0.1,1228.829749,1396923.0,7.4,11.8,0
1228,72.0,139.0,0.01,94.0,7,48.5,32,95.0,6.6,95.0,0.1,1228.829749,1396923.0,7.4,11.4,0
1227,72.2,139.0,0.02,98.0,220,49.4,30,99.0,5.95,98.0,0.1,1228.829749,1396923.0,7.4,11.4,0
1226,72.4,138.0,0.02,97.0,133,5.4,29,98.0,5.84,99.0,0.1,1228.829749,1396923.0,7.5,11.8,0
1225,72.7,135.0,0.02,99.0,127,51.4,28,99.0,6.28,99.0,0.1,1228.829749,1396923.0,7.6,12.1,0
1224,73.3,122.0,0.03,99.0,262,52.5,27,99.0,7.63,99.0,0.1,1228.829749,1396923.0,7.7,12.8,0
1223,74.1,16.0,0.03,99.0,538,53.6,26,99.0,8.2,99.0,0.1,1228.829749,1396923.0,7.8,12.9,0
1222,74.7,93.0,0.03,99.0,73,54.8,25,99.0,7.12,99.0,0.1,1228.829749,1396923.0,7.9,13.1,0
1221,75.1,85.0,0.01,98.0,332,56.0,24,99.0,6.98,99.0,0.1,1228.829749,1396923.0,8.0,13.6,0
1220,75.3,83.0,0.01,99.0,189,57.2,23,98.0,6.49,98.0,0.1,1228.829749,1396923.0,8.2,15.0,0
1219,75.4,83.0,0.01,99.0,99,58.5,22,99.0,6.89,99.0,0.1,1228.829749,1396923.0,8.3,14.9,0
1218,75.5,83.0,0.01,98.0,615,59.7,21,98.0,6.89,98.0,0.1,1228.829749,1396923.0,8.5,14.8,0
1249,70.0,144.0,0.2,67.0,726,49.5,37,83.0,4.36,9.0,0.1,1228.829749,23565413.0,5.6,8.6,0
1248,72.0,142.0,0.17,66.0,4088,5.1,37,9.0,4.36,78.0,0.1,1228.829749,24251649.0,5.6,8.7,0
1247,74.0,14.0,0.15,65.0,0,5.6,37,76.0,4.36,77.0,0.1,1228.829749,24939299.0,5.5,9.1,0
1246,66.5,213.0,0.07,63.0,0,51.3,37,73.0,4.36,75.0,0.1,1228.829749,25627626.0,5.5,9.4,0
1245,67.2,21.0,0.32,62.0,9081,51.9,37,69.0,5.61,74.0,0.1,1391.816923,2631669.0,5.4,9.8,0
1244,66.8,29.0,0.18,65.0,908,52.5,37,69.0,4.13,65.0,0.1,1849.63911,278426.0,5.4,10.1,0
1243,64.7,249.0,0.03,59.0,474,53.2,38,63.0,3.0,59.0,0.1,2351.812429,27697912.0,5.4,10.2,0
1242,65.9,227.0,0.14,56.0,230,53.8,38,74.0,3.69,57.0,0.1,3129.224922,2839433.0,5.4,10.2,0
1241,69.3,167.0,0.17,66.0,5494,54.5,38,71.0,3.93,69.0,0.1,4521.3247,29111417.0,5.4,10.3,0
1240,74.0,148.0,0.2,75.0,10000,55.2,39,78.0,4.65,78.0,0.1,3735.144836,29894652.0,5.4,10.3,0
1239,76.0,145.0,0.19,72.0,492,55.8,39,74.0,3.82,74.0,0.1,452.74948,376271.0,5.3,10.4,0
1238,77.0,144.0,0.17,77.0,15,56.5,39,9.0,3.32,79.0,0.1,5854.614497,3172753.0,5.3,10.4,0
1237,76.0,147.0,0.01,61.0,15,57.2,39,9.0,5.26,69.0,0.1,6651.12242,32776571.0,5.3,10.5,0
1236,69.5,17.0,0.01,66.0,669,57.8,39,9.0,5.92,68.0,0.1,6925.22446,33883145.0,5.3,10.3,0
1235,67.9,199.0,0.01,62.0,1317,58.5,39,67.0,5.54,64.0,0.1,673.74737,3568.0,5.3,10.1,0
1234,68.9,182.0,0.01,56.0,1433,59.1,38,63.0,5.54,58.0,0.1,4974.2693,36115649.0,5.3,10.1,0
1265,76.4,94.0,14.07,95.0,0,51.5,0,86.0,6.3,86.0,0.1,26241.91883,385174.0,0.3,16.2,1
1264,77.0,89.0,14.27,95.0,241,52.2,0,84.0,6.6,84.0,0.1,28223.55528,3866243.0,0.3,16.4,1
1263,77.4,88.0,14.17,95.0,243,52.9,0,83.0,6.85,83.0,0.1,32539.1937,3931947.0,0.3,16.5,1
1262,78.0,82.0,13.24,95.0,584,53.6,0,86.0,7.5,86.0,0.1,4117.15532,3996521.0,0.3,16.8,1
1261,78.3,82.0,13.32,95.0,334,54.4,0,89.0,7.34,89.0,0.1,47631.6377,47262.0,0.3,17.1,1
1260,78.7,78.0,13.31,95.0,95,55.1,0,9.0,7.27,9.0,0.1,5886.82789,4159914.0,0.3,17.5,1
1259,79.0,78.0,13.44,95.0,87,55.8,0,91.0,7.22,91.0,0.1,54326.9713,4273591.0,0.3,17.6,1
1258,79.5,75.0,13.59,95.0,64,56.6,0,92.0,7.57,92.0,0.1,61388.17457,4398942.0,0.3,17.6,1
1257,79.8,75.0,12.66,95.0,57,57.4,0,93.0,8.64,93.0,0.1,61235.415,4489544.0,0.3,17.9,1
1256,79.7,77.0,11.41,95.0,164,58.2,0,94.0,9.53,94.0,0.1,51983.78892,4535375.0,0.3,17.9,1
1255,86.0,68.0,11.88,46.0,443,58.9,0,94.0,8.76,94.0,0.1,48538.58776,456155.0,0.3,18.2,1
1254,84.0,7.0,11.72,95.0,285,59.7,0,95.0,8.15,95.0,0.1,52567.52568,4576794.0,0.3,18.5,1
1253,85.0,69.0,11.49,95.0,107,6.5,0,95.0,8.32,95.0,0.1,49231.36254,4586897.0,0.3,18.5,1
1252,81.0,67.0,10.49,95.0,51,61.3,0,96.0,8.1,96.0,0.1,5234.76736,4598294.0,0.3,18.6,1
1251,81.2,66.0,10.75,95.0,33,62.1,0,96.0,7.78,96.0,0.1,5553.32623,4617225.0,0.3,18.6,1
1250,81.4,64.0,10.75,95.0,4,62.8,0,95.0,7.78,95.0,0.1,6664.144,4676835.0,0.3,18.6,1
1281,78.9,76.0,2.53,98.0,36,58.3,1,93.0,7.13,93.0,0.1,2152.1432,6289.0,1.1,15.2,0
1280,79.3,74.0,2.53,96.0,19,58.7,1,93.0,7.61,92.0,0.1,236.19646,6439.0,1.1,15.1,0
1279,79.3,74.0,2.47,98.0,2,59.2,1,91.0,7.49,9.0,0.1,18431.15696,657.0,1.1,15.3,0
1278,79.7,71.0,2.32,98.0,124,59.6,1,93.0,7.44,93.0,0.1,18946.99942,66897.0,1.1,16.0,0
1277,81.0,69.0,2.23,99.0,116,6.1,1,95.0,7.35,95.0,0.1,19888.172,689.0,1.1,15.9,0
1276,80.0,71.0,2.41,96.0,2,6.6,1,95.0,7.44,93.0,0.1,2611.17931,6931.0,1.1,15.8,0
1275,84.0,68.0,2.23,96.0,9,61.1,1,94.0,7.38,95.0,0.1,2195.1769,7537.0,1.1,15.7,0
1274,84.0,68.0,2.33,99.0,539,61.6,1,95.0,7.37,95.0,0.1,258.637,7181.0,1.1,15.7,0
1273,81.0,65.0,2.47,99.0,931,62.1,1,94.0,7.33,94.0,0.1,29657.4421,7388.0,1.1,15.8,0
1272,81.5,63.0,2.55,98.0,5,62.6,1,96.0,7.46,96.0,0.1,27795.87671,74856.0,1.2,15.6,0
1271,81.7,61.0,2.63,97.0,23,63.0,1,95.0,7.36,95.0,0.1,3661.994,76236.0,1.2,15.7,0
1270,81.8,61.0,2.67,98.0,70,63.4,1,94.0,7.39,94.0,0.1,33657.15727,77658.0,1.2,15.8,0
1269,81.8,6.0,2.78,97.0,211,63.8,1,94.0,7.73,94.0,0.1,32569.59683,7915.0,1.2,15.9,0
1268,82.1,61.0,2.69,97.0,50,64.2,1,96.0,7.89,96.0,0.1,36393.66932,8595.0,1.2,15.9,0
1267,82.2,6.0,2.62,97.0,6,64.6,1,95.0,7.81,95.0,0.1,37582.84624,82157.0,1.2,16.0,0
1266,82.5,58.0,2.62,96.0,80,64.9,1,95.0,7.81,95.0,0.1,35729.37253,8381.0,1.2,16.0,0
1297,79.4,77.0,9.78,94.0,1457,55.0,3,97.0,7.91,87.0,0.1,251.2426,5694218.0,0.5,14.8,1
1296,79.8,75.0,9.69,95.0,0,55.7,3,96.0,8.11,93.0,0.1,24.819,569741.0,0.5,14.9,1
1295,80.0,72.0,9.25,95.0,9385,56.4,3,96.0,8.23,93.0,0.1,22196.5736,57597.0,0.5,15.2,1
1294,79.9,72.0,9.3,95.0,10000,57.0,3,97.0,8.17,96.0,0.1,27387.2258,5731323.0,0.5,15.4,1
1293,89.0,66.0,8.98,96.0,599,57.6,3,97.0,8.49,94.0,0.1,31174.56118,57685327.0,0.5,15.6,1
1292,88.0,66.0,8.65,96.0,135,58.2,2,97.0,8.71,95.0,0.1,31959.26215,57969484.0,0.5,15.8,1
1291,81.2,65.0,8.44,96.0,439,58.8,2,97.0,8.82,96.0,0.1,3341.7482,58143979.0,0.5,16.0,1
1290,81.3,63.0,8.37,97.0,321,59.4,2,97.0,8.48,97.0,0.1,37698.78573,5843831.0,0.5,16.1,1
1289,81.5,61.0,7.96,96.0,1617,59.9,2,96.0,8.89,96.0,0.1,464.18465,58826731.0,0.5,16.3,1
1288,81.6,61.0,7.25,96.0,351,6.5,2,96.0,9.41,96.0,0.1,36976.84512,5995365.0,0.5,16.3,1
1287,81.8,6.0,6.95,96.0,372,61.0,2,96.0,9.42,96.0,0.1,35849.37364,59277417.0,0.5,16.4,1
1286,82.0,6.0,6.98,96.0,5189,61.5,2,96.0,9.27,96.0,0.1,38334.68477,59379449.0,0.5,16.4,1
1285,82.0,6.0,7.49,96.0,376,62.1,2,96.0,9.28,97.0,0.1,34814.12436,59539717.0,0.5,16.6,1
1284,82.3,58.0,7.35,96.0,0,62.6,2,96.0,9.22,96.0,0.1,3537.27441,6233948.0,0.5,16.5,1
1283,82.5,57.0,7.56,95.0,0,63.1,2,95.0,9.25,95.0,0.1,35396.66517,678914.0,0.6,16.3,1
1282,82.7,56.0,7.56,93.0,159,63.6,2,93.0,9.25,93.0,0.1,349.14755,673582.0,0.6,16.3,1
1313,72.6,171.0,3.46,91.0,0,41.6,1,95.0,5.81,93.0,2.2,336.8742,2656864.0,2.0,11.4,0
1312,72.7,171.0,3.89,91.0,0,42.5,1,99.0,5.34,99.0,2.2,3394.878,267711.0,2.0,10.9,0
1311,73.0,167.0,3.76,91.0,0,43.5,1,99.0,4.86,99.0,2.3,3596.496282,2695446.0,2.0,11.7,0
1310,73.1,166.0,3.48,36.0,0,44.5,1,99.0,4.56,96.0,2.3,3465.221998,2712511.0,1.9,11.9,0
1309,73.3,165.0,3.67,98.0,0,45.4,1,97.0,4.8,98.0,2.3,3719.97351,2728777.0,1.9,11.1,0
1308,73.5,161.0,3.59,99.0,0,46.3,1,99.0,4.7,99.0,1.9,482.24762,2744673.0,1.9,12.4,0
1307,74.0,15.0,3.63,97.0,0,47.2,1,99.0,4.22,95.0,1.5,4313.1682,276279.0,1.9,12.5,0
1306,74.2,148.0,3.64,92.0,0,48.1,1,94.0,4.87,92.0,0.9,462.517913,2775467.0,1.9,12.5,0
1305,74.5,145.0,3.51,92.0,2,48.9,1,91.0,5.4,91.0,0.4,492.492378,279122.0,1.9,12.6,0
1304,74.7,142.0,3.33,9.0,0,49.7,1,9.0,5.16,9.0,0.6,4293.383274,28482.0,1.9,12.7,0
1303,75.0,138.0,3.55,94.0,0,5.5,1,94.0,5.3,94.0,0.5,4682.728424,281721.0,1.8,12.7,0
1302,75.2,139.0,3.58,92.0,1,51.2,1,93.0,5.21,92.0,0.6,513.549487,2829493.0,1.8,12.8,0
1301,75.3,138.0,3.65,96.0,0,52.0,1,96.0,5.66,96.0,0.5,521.33363,284992.0,1.8,12.8,0
1300,75.6,136.0,3.79,93.0,0,52.7,1,86.0,5.91,93.0,0.6,56.144952,285187.0,1.8,12.8,0
1299,75.8,133.0,3.83,92.0,0,53.5,1,93.0,5.36,92.0,0.5,4855.743789,286287.0,1.8,12.8,0
1298,76.2,125.0,3.83,91.0,0,54.2,1,91.0,5.36,91.0,0.5,4965.989857,2871934.0,1.8,12.8,0
1329,81.1,74.0,7.97,95.0,10000,22.2,5,98.0,7.53,85.0,0.1,38532.488,126843.0,1.6,14.5,1
1328,81.5,72.0,8.03,95.0,10000,22.5,5,81.0,7.75,95.0,0.1,33846.46564,127149.0,1.7,14.6,1
1327,81.8,7.0,7.87,95.0,10000,22.9,5,89.0,7.85,96.0,0.1,32289.3554,127445.0,1.7,14.7,1
1326,81.9,7.0,7.83,95.0,8286,23.4,5,97.0,8.0,97.0,0.1,3488.3992,127718.0,1.7,14.8,1
1325,82.1,68.0,7.7,95.0,8752,23.8,4,97.0,8.3,99.0,0.1,37688.72234,127761.0,1.7,14.8,1
1324,82.0,69.0,7.99,95.0,0,24.4,4,95.0,8.18,98.0,0.1,37217.64873,127773.0,1.7,14.9,1
1323,82.4,68.0,7.49,95.0,520,24.9,4,95.0,8.19,98.0,0.1,35433.98896,127854.0,1.7,14.9,1
1322,82.6,67.0,7.29,95.0,0,25.4,4,97.0,8.25,98.0,0.1,35275.22843,1281.0,1.8,15.0,1
1321,82.7,66.0,7.11,95.0,10000,25.9,4,98.0,8.6,98.0,0.1,39339.29757,12863.0,1.8,15.0,1
1320,83.0,64.0,7.09,95.0,741,26.4,4,99.0,9.51,97.0,0.1,4855.17564,12847.0,1.8,15.0,1
1319,83.0,62.0,6.9,95.0,450,26.9,4,98.0,9.58,97.0,0.1,4457.67639,1287.0,1.9,15.1,1
1318,82.5,64.0,7.39,95.0,434,27.4,4,96.0,1.7,97.0,0.1,48167.99727,127833.0,1.9,15.1,1
1317,83.3,58.0,7.39,95.0,228,27.8,3,99.0,1.17,97.0,0.1,4863.47665,127629.0,1.9,15.3,1
1316,83.5,56.0,7.55,95.0,229,28.2,3,99.0,1.25,96.0,0.1,4454.44746,127445.0,2.0,15.3,1
1315,83.5,57.0,0.01,95.0,462,28.6,3,99.0,1.23,96.0,0.1,3896.21151,127276.0,2.0,15.3,1
1314,83.7,55.0,0.01,95.0,35,29.0,3,99.0,1.23,96.0,0.1,34474.13736,127141.0,2.1,15.3,1
1345,71.7,133.0,0.49,93.0,32,54.0,4,94.0,9.65,91.0,0.1,1657.889256,51313.0,4.0,12.6,0
1344,71.9,131.0,0.55,97.0,61,54.8,4,97.0,9.9,99.0,0.1,1728.2659,5193482.0,4.0,12.7,0
1343,72.1,129.0,0.54,95.0,19,55.5,4,95.0,9.68,95.0,0.1,1812.288374,5287488.0,3.9,13.0,0
1342,72.3,127.0,0.54,97.0,76,56.3,4,97.0,9.15,97.0,0.1,1889.213962,5396774.0,3.9,13.2,0
1341,72.5,125.0,0.54,95.0,21,57.0,4,95.0,9.5,95.0,0.1,261.456882,5535595.0,3.9,13.5,0
1340,72.4,127.0,0.55,95.0,28,57.8,4,95.0,8.88,95.0,0.1,223.83787,5714111.0,3.9,13.8,0
1339,72.8,121.0,0.59,98.0,1,58.6,4,98.0,8.8,98.0,0.1,2537.349,5934232.0,3.9,13.7,0
1338,73.0,12.0,0.6,98.0,41,59.3,4,98.0,8.35,98.0,0.1,2762.86354,6193191.0,3.8,13.6,0
1337,73.1,119.0,0.61,97.0,2,6.1,4,98.0,8.78,97.0,0.1,3385.69665,6489822.0,3.8,13.6,0
1336,73.3,118.0,0.59,98.0,0,6.9,4,98.0,9.54,98.0,0.1,3492.1396,6821116.0,3.8,13.6,0
1335,73.4,117.0,0.51,98.0,0,61.7,4,98.0,8.42,98.0,0.1,3679.19275,718239.0,3.8,13.2,0
1334,73.6,116.0,0.43,98.0,0,62.4,4,98.0,8.39,98.0,0.1,387.324145,7574943.0,3.8,13.1,0
1333,73.7,115.0,0.41,98.0,3,63.2,4,98.0,8.0,98.0,0.1,387.753211,7992573.0,3.9,12.9,0
1332,73.9,114.0,0.4,98.0,120,64.0,4,98.0,7.23,98.0,0.1,3992.86717,8413464.0,3.9,13.1,0
1331,74.0,113.0,0.41,98.0,20,64.8,4,98.0,7.45,98.0,0.1,466.94775,88936.0,3.9,13.1,0
1330,74.1,112.0,0.41,99.0,0,65.6,4,99.0,7.45,99.0,0.1,496.99275,915932.0,4.0,13.1,0
1361,63.9,292.0,6.0,99.0,245,43.9,10,96.0,4.16,97.0,0.1,1229.958,14883626.0,2.7,12.1,0
1360,64.4,284.0,5.75,95.0,94,44.4,10,95.0,3.47,95.0,0.1,149.926751,14858335.0,2.6,12.3,0
1359,64.7,276.0,5.99,95.0,18,44.8,9,95.0,3.61,95.0,0.1,1658.31146,14858948.0,2.6,12.7,0
1358,64.4,282.0,6.58,99.0,24,45.3,9,99.0,3.7,99.0,0.1,268.123657,149918.0,2.5,13.1,0
1357,64.7,287.0,6.55,99.0,2204,45.8,9,99.0,3.95,82.0,0.1,2874.288291,1512985.0,2.5,13.5,0
1356,64.6,294.0,6.94,94.0,10000,46.3,9,99.0,4.7,98.0,0.1,3771.278957,1514729.0,2.4,13.9,0
1355,65.0,295.0,7.08,99.0,109,46.8,9,99.0,3.73,99.0,0.1,5291.57565,153884.0,2.4,14.3,0
1354,65.3,288.0,7.44,94.0,13,47.3,9,94.0,3.19,93.0,0.1,6771.414797,15484192.0,2.4,14.7,0
1353,66.6,258.0,7.6,99.0,20,47.9,9,99.0,3.65,99.0,0.1,8513.564645,15674.0,2.4,14.6,0
1352,67.8,235.0,6.64,99.0,0,48.5,8,99.0,4.13,98.0,0.1,7165.2775,169271.0,2.3,14.6,0
1351,67.8,236.0,6.83,99.0,4,49.2,8,98.0,4.42,99.0,0.1,97.649972,16321581.0,2.3,14.5,0
1350,68.5,224.0,6.63,99.0,127,49.9,7,99.0,4.6,99.0,0.1,11634.42422,165566.0,2.3,14.4,0
1349,69.1,214.0,6.82,95.0,55,5.6,7,98.0,4.32,99.0,0.1,12387.18982,16791425.0,2.4,14.7,0
1348,69.5,28.0,6.48,99.0,73,51.4,6,98.0,4.3,98.0,0.1,1389.8561,1735275.0,2.4,15.0,0
1347,69.9,22.0,6.29,95.0,321,52.3,5,95.0,4.36,95.0,0.1,1286.56511,17289224.0,2.4,15.0,0
1346,72.0,198.0,6.29,98.0,526,53.1,5,98.0,4.36,98.0,0.1,159.9817,17544126.0,2.4,15.0,0
1377,51.9,399.0,1.51,91.0,10000,14.4,121,9.0,4.68,82.0,8.6,43.9797132,3145483.0,9.2,8.4,0
1376,51.9,399.0,1.63,91.0,10000,14.7,120,77.0,4.62,9.0,8.6,41.7763612,32321482.0,9.0,8.4,0
1375,52.1,399.0,1.66,84.0,766,15.1,118,83.0,4.54,84.0,8.6,395.8493511,332149.0,8.9,8.5,0
1374,52.4,399.0,1.49,73.0,65,15.5,115,75.0,4.45,73.0,8.6,436.6875357,3413852.0,8.8,8.2,0
1373,53.0,399.0,1.43,73.0,20,15.9,112,73.0,4.29,73.0,8.6,458.8843551,3574931.0,8.7,8.9,0
1372,54.1,399.0,1.82,76.0,153,16.4,108,9.0,4.36,76.0,8.6,519.7999346,3648288.0,8.6,9.6,0
1371,55.3,388.0,1.76,9.0,1847,16.9,104,77.0,4.24,9.0,8.6,697.66385,37525.0,8.5,9.7,0
1370,56.8,356.0,1.97,81.0,1516,17.3,100,76.0,4.8,81.0,8.6,839.181117,388599.0,8.4,10.1,0
1369,57.9,339.0,1.71,88.0,1282,17.9,95,88.0,3.9,88.0,6.4,916.8992515,39148416.0,8.3,10.4,0
1368,59.1,317.0,1.86,88.0,1218,18.4,91,89.0,4.17,88.0,5.0,92.816252,423724.0,8.2,10.7,0
1367,63.0,294.0,1.73,9.0,95,18.9,89,9.0,3.97,9.0,4.3,967.34773,4135152.0,8.2,11.1,0
1366,61.2,278.0,1.8,96.0,2395,19.5,86,97.0,5.23,96.0,3.4,987.4453967,42486839.0,8.1,11.1,0
1363,62.9,255.0,0.01,92.0,354,21.3,79,93.0,5.72,92.0,2.9,1335.6458,462425.0,7.8,11.1,0
1362,63.4,249.0,0.01,89.0,95,22.0,75,83.0,5.72,89.0,2.8,1349.97144,47236259.0,7.8,11.1,0
1393,64.1,222.0,0.46,9.0,0,67.9,0,9.0,8.12,9.0,0.1,796.7937634,8446.0,0.2,10.0,0
1392,64.3,219.0,0.6,85.0,0,68.8,0,88.0,9.0,85.0,0.1,734.9492461,85858.0,0.2,10.4,0
1391,64.6,217.0,0.49,79.0,0,69.7,0,96.0,9.1,77.0,0.1,826.58554,87343.0,0.2,11.7,0
1390,64.7,215.0,0.5,73.0,0,7.6,0,79.0,9.98,9.0,0.1,115.3865,88895.0,0.2,11.6,0
1389,64.8,214.0,0.48,67.0,0,71.4,0,61.0,1.39,62.0,0.1,113.6286,9542.0,0.2,12.4,0
1388,64.9,213.0,0.6,9.0,0,72.1,0,74.0,1.6,79.0,0.1,1214.556667,92325.0,0.2,12.2,0
1387,65.0,212.0,0.76,88.0,0,72.8,0,86.0,1.93,86.0,0.1,1151.555618,9426.0,0.2,12.1,0
1386,65.0,211.0,0.68,96.0,0,73.4,0,93.0,13.66,94.0,0.1,1357.632211,96311.0,0.2,11.8,0
1385,65.1,21.0,0.46,83.0,0,74.1,0,74.0,12.23,82.0,0.1,1413.3234,9844.0,0.2,11.6,0
1384,65.2,28.0,0.54,86.0,0,74.6,0,84.0,12.24,86.0,0.1,1297.285141,1568.0,0.1,11.9,0
1383,65.3,27.0,0.48,91.0,0,75.2,0,95.0,1.52,91.0,0.1,1493.1651,12652.0,0.1,11.9,0
1382,65.5,26.0,0.53,95.0,0,75.7,0,95.0,1.42,99.0,0.1,1692.613277,14656.0,0.1,11.9,0
1381,65.7,24.0,0.01,94.0,0,76.2,0,92.0,1.37,94.0,0.1,1763.815497,16613.0,0.1,11.9,0
1380,65.8,22.0,0.01,95.0,0,76.7,0,91.0,1.15,95.0,0.1,1724.361737,18535.0,0.1,11.9,0
1379,66.1,2.0,0.01,75.0,0,77.1,0,79.0,1.21,75.0,0.1,1684.54274,11458.0,0.1,11.9,0
1378,66.3,198.0,0.01,82.0,0,77.6,0,9.0,1.21,78.0,0.1,1424.483611,11247.0,0.1,11.9,0
1409,73.2,96.0,0.01,95.0,6,64.0,1,94.0,2.51,98.0,0.1,18389.38433,1396923.0,3.2,14.1,0
1408,73.2,95.0,0.01,99.0,0,64.5,1,99.0,3.61,99.0,0.1,1654.96761,1396923.0,3.2,14.0,0
1407,73.3,94.0,0.01,99.0,0,65.0,1,99.0,3.56,99.0,0.1,17789.41981,1396923.0,3.2,13.9,0
1406,73.4,93.0,0.03,99.0,0,65.5,1,99.0,3.23,99.0,0.1,2271.56961,1396923.0,3.2,14.1,0
1405,73.5,91.0,0.02,94.0,23,65.9,1,98.0,2.76,98.0,0.1,26921.8278,1396923.0,3.2,14.4,0
1404,73.6,9.0,0.01,99.0,10,66.3,1,99.0,2.38,99.0,0.1,3549.26132,1396923.0,3.2,14.2,0
1403,73.6,89.0,0.01,99.0,0,66.7,1,99.0,2.25,99.0,0.1,42717.55725,1396923.0,3.2,14.1,0
1402,73.7,89.0,0.03,99.0,0,67.1,1,99.0,2.13,99.0,0.1,45793.97614,1396923.0,3.2,13.9,0
1401,73.8,88.0,0.03,99.0,0,67.5,1,99.0,1.93,99.0,0.1,55571.9986,1396923.0,3.3,13.8,0
1400,73.9,87.0,0.1,99.0,0,67.9,1,99.0,3.87,99.0,0.1,37567.3121,1396923.0,3.3,13.6,0
1399,74.0,86.0,0.01,99.0,13,68.4,1,98.0,2.76,98.0,0.1,38497.61696,1396923.0,3.3,13.5,0
1398,74.2,85.0,0.02,99.0,32,69.0,1,99.0,2.62,99.0,0.1,48268.5912,1396923.0,3.3,13.4,0
1397,74.3,84.0,0.01,98.0,27,69.5,1,98.0,2.57,98.0,0.1,51264.7134,1396923.0,3.4,13.2,0
1396,74.5,83.0,0.01,99.0,62,7.2,1,99.0,2.56,99.0,0.1,48399.9581,1396923.0,3.4,13.1,0
1395,74.6,82.0,0.01,96.0,55,7.8,1,94.0,3.4,95.0,0.1,42996.4812,1396923.0,3.4,13.0,0
1394,74.7,81.0,0.01,99.0,18,71.4,1,99.0,3.4,99.0,0.1,28975.418,1396923.0,3.5,13.3,0
1425,66.6,225.0,2.13,44.0,16,35.6,5,99.0,4.68,99.0,0.1,1228.829749,1396923.0,3.6,11.4,0
1424,67.2,217.0,2.62,57.0,17,36.0,5,99.0,4.79,99.0,0.1,1228.829749,1396923.0,3.6,11.8,0
1423,66.7,215.0,3.31,99.0,2,36.5,5,99.0,5.43,98.0,0.1,1228.829749,1396923.0,3.5,12.1,0
1422,66.6,217.0,3.52,99.0,6,37.0,4,98.0,5.43,98.0,0.1,1228.829749,1396923.0,3.5,12.2,0
1421,67.1,218.0,3.41,99.0,8,37.5,4,98.0,5.57,99.0,0.1,1228.829749,1396923.0,3.4,12.5,0
1420,66.9,224.0,2.81,97.0,53,38.0,4,98.0,5.82,98.0,0.1,1228.829749,1396923.0,3.4,12.4,0
1419,66.7,234.0,2.48,9.0,27,38.5,4,93.0,6.73,92.0,0.1,1228.829749,1396923.0,3.3,12.5,0
1418,67.2,229.0,2.77,94.0,40,39.0,4,94.0,6.87,94.0,0.1,1228.829749,1396923.0,3.3,12.6,0
1417,67.6,217.0,2.53,97.0,16,39.5,4,95.0,6.7,95.0,0.2,1228.829749,1396923.0,3.3,12.6,0
1414,69.4,188.0,3.28,96.0,222,41.4,4,94.0,6.18,96.0,0.2,1228.829749,1396923.0,3.2,12.1,0
1413,69.9,18.0,0.01,96.0,0,42.2,4,94.0,6.97,96.0,0.1,1228.829749,1396923.0,3.2,12.3,0
1412,77.0,174.0,0.01,97.0,1,43.0,4,97.0,6.68,97.0,0.1,1228.829749,1396923.0,3.3,12.5,0
1411,78.0,17.0,0.01,96.0,318,43.9,4,95.0,6.48,96.0,0.1,1228.829749,1396923.0,3.3,12.8,0
1410,71.1,166.0,0.01,97.0,10000,44.9,3,97.0,6.48,97.0,0.1,1228.829749,1396923.0,3.3,13.0,0
1441,58.1,278.0,5.16,91.0,332,12.3,20,57.0,3.41,51.0,0.1,1228.829749,1396923.0,1.5,8.0,0
1440,58.7,271.0,3.13,91.0,94,12.7,19,55.0,4.32,52.0,0.1,1228.829749,1396923.0,1.4,8.0,0
1439,59.3,265.0,3.33,91.0,2070,13.3,18,55.0,4.4,53.0,0.1,1228.829749,1396923.0,1.3,8.0,0
1438,59.8,259.0,3.41,9.0,1810,13.8,17,52.0,4.91,49.0,0.1,1228.829749,1396923.0,1.2,8.3,0
1437,64.0,252.0,3.53,45.0,1491,14.4,16,46.0,4.54,45.0,0.2,1228.829749,1396923.0,1.1,8.6,0
1436,61.0,246.0,3.68,49.0,295,14.9,16,9.0,4.32,49.0,0.2,1228.829749,1396923.0,1.0,8.7,0
1435,61.5,24.0,3.69,57.0,58,15.5,15,56.0,4.14,57.0,0.2,1228.829749,1396923.0,9.9,9.0,0
1434,62.1,234.0,5.0,9.0,1678,16.1,15,46.0,4.14,9.0,0.2,1228.829749,1396923.0,9.7,9.0,0
1433,62.6,228.0,5.1,61.0,174,16.7,14,9.0,2.77,61.0,0.2,1228.829749,1396923.0,9.6,9.2,0
1432,63.1,223.0,5.18,67.0,78,17.3,14,67.0,3.77,67.0,0.2,1228.829749,1396923.0,9.4,9.4,0
1431,63.6,218.0,5.95,74.0,153,18.0,13,76.0,2.75,74.0,0.3,1228.829749,1396923.0,9.3,9.6,0
1430,64.0,213.0,5.39,78.0,113,18.7,13,79.0,2.2,78.0,0.3,1228.829749,1396923.0,9.2,9.9,0
1429,64.4,28.0,0.01,79.0,32,19.4,12,78.0,2.12,79.0,0.3,1228.829749,1396923.0,9.1,10.2,0
1426,65.7,194.0,0.01,89.0,56,21.7,11,89.0,1.87,89.0,0.2,1228.829749,1396923.0,8.8,10.8,0
1457,71.0,218.0,7.13,95.0,0,55.4,0,96.0,6.0,96.0,0.1,3352.731296,236755.0,2.8,13.7,1
1456,69.9,228.0,6.68,96.0,1,55.7,0,97.0,6.17,97.0,0.1,3572.8513,233717.0,2.8,14.2,1
1455,73.0,219.0,7.44,98.0,0,56.0,0,98.0,6.29,97.0,0.1,4132.34927,231173.0,2.7,14.8,1
1454,78.0,29.0,8.24,98.0,0,56.3,0,98.0,6.15,98.0,0.1,5134.95694,2287955.0,2.6,15.2,1
1453,71.0,26.0,8.81,98.0,0,56.6,0,99.0,6.51,99.0,0.1,6351.8125,2263122.0,2.5,15.5,1
1452,76.0,216.0,9.92,99.0,2,57.0,0,99.0,6.37,99.0,0.1,7558.7426,2238799.0,2.5,15.9,1
1451,75.0,229.0,10.4,94.0,7,57.4,0,96.0,6.8,96.0,0.1,9667.9757,2218357.0,2.4,16.2,1
1450,78.0,221.0,12.12,91.0,0,57.7,0,94.0,7.1,94.0,0.1,1444.1589,22325.0,2.4,16.2,1
1449,71.9,199.0,11.84,93.0,3,58.1,0,94.0,6.63,94.0,0.1,16348.53121,2177322.0,2.3,16.3,1
1448,72.6,184.0,9.85,92.0,0,58.5,0,94.0,6.84,94.0,0.1,12219.37379,2141669.0,2.3,16.4,1
1447,72.8,18.0,9.8,91.0,0,58.9,0,92.0,6.55,92.0,0.1,11326.21947,297555.0,2.2,16.0,1
1446,73.6,169.0,10.14,89.0,1,59.4,0,92.0,6.1,92.0,0.1,1372.68947,25979.0,2.2,15.8,1
1445,73.8,163.0,10.21,9.0,3,59.8,0,91.0,5.91,91.0,0.1,13822.8559,234319.0,2.2,15.5,1
1444,74.1,161.0,10.37,94.0,0,6.2,0,94.0,5.67,94.0,0.1,1532.22924,212647.0,2.2,15.4,1
1443,74.4,156.0,0.01,92.0,36,6.7,0,92.0,5.88,92.0,0.1,15725.1374,1993782.0,2.2,16.0,1
1442,74.6,153.0,0.01,94.0,0,61.2,0,95.0,5.88,95.0,0.1,13666.58336,1977527.0,2.2,16.0,1
1473,72.7,112.0,2.26,83.0,5,57.9,1,83.0,1.86,83.0,0.1,5334.93329,3235366.0,4.9,14.9,0
1472,73.0,11.0,2.19,9.0,8,58.6,1,9.0,1.9,9.0,0.1,5253.122599,3359859.0,4.9,15.0,0
1471,73.2,17.0,1.98,77.0,36,59.1,1,77.0,1.5,77.0,0.1,5436.595223,3522837.0,4.8,15.2,0
1470,73.5,15.0,2.19,74.0,526,59.7,1,74.0,9.3,74.0,0.1,5425.6697,371464.0,4.8,14.8,0
1469,73.7,13.0,2.1,75.0,213,6.2,1,74.0,8.91,75.0,0.1,5424.22356,3863267.0,4.7,14.2,0
1468,73.9,11.0,1.94,77.0,618,6.8,1,74.0,8.42,77.0,0.1,5339.441291,3986852.0,4.7,13.7,0
1467,74.1,1.0,1.82,78.0,956,61.4,1,75.0,8.83,78.0,0.1,5372.65899,45735.0,4.7,13.2,0
1466,74.4,98.0,1.72,9.0,373,61.9,1,75.0,8.9,9.0,0.1,614.271115,486466.0,4.7,12.9,0
1465,74.5,98.0,1.67,81.0,24,62.5,1,75.0,8.7,81.0,0.1,712.775759,411147.0,4.7,13.1,0
1464,74.7,95.0,1.62,81.0,22,63.0,1,75.0,7.42,81.0,0.1,84.268878,4183156.0,4.7,13.2,0
1463,74.9,94.0,1.58,81.0,12,63.5,1,75.0,7.19,81.0,0.1,8763.826274,4337141.0,4.7,13.3,0
1462,75.0,93.0,1.57,81.0,9,64.0,1,75.0,7.12,81.0,0.1,8734.9653,4588368.0,4.7,13.2,0
1461,75.0,93.0,1.53,81.0,9,64.4,1,75.0,6.99,81.0,0.1,8787.94668,491644.0,4.8,13.3,0
1460,74.9,97.0,1.29,81.0,1761,64.9,1,75.0,6.63,81.0,0.1,846.285153,527612.0,4.8,13.3,0
1459,74.8,99.0,1.32,81.0,112,65.4,1,75.0,6.39,81.0,0.1,8161.4614,563279.0,4.8,13.3,0
1458,74.9,98.0,1.32,81.0,39,66.1,1,75.0,6.39,81.0,0.1,846.632851,5851479.0,4.9,13.3,0
1489,49.3,399.0,3.1,91.0,660,24.9,7,82.0,6.92,83.0,8.6,474.8197876,1868699.0,11.5,9.6,0
1488,47.8,399.0,2.86,91.0,217,25.4,7,78.0,7.53,78.0,8.6,437.819184,1885955.0,11.1,10.3,0
1487,46.4,399.0,2.95,91.0,0,25.9,7,84.0,6.91,84.0,8.6,47.89395,192312.0,1.6,10.4,0
1486,45.5,399.0,1.99,17.0,1,26.4,7,9.0,7.13,9.0,8.6,63.636279,191897.0,1.2,10.5,0
1485,44.8,399.0,1.8,9.0,31,26.9,7,89.0,6.96,9.0,8.6,781.5145936,1933728.0,9.7,10.7,0
1484,44.5,399.0,2.67,87.0,0,27.4,6,88.0,6.3,89.0,8.6,862.9463118,1949543.0,9.3,10.7,0
1483,45.3,399.0,2.61,91.0,1,27.9,6,88.0,7.12,89.0,8.6,915.775754,1965662.0,8.8,10.7,0
1482,46.2,399.0,2.69,9.0,2,28.3,6,87.0,8.47,88.0,8.6,918.432717,1982287.0,8.4,10.6,0
1481,47.8,399.0,2.75,88.0,0,28.8,6,86.0,8.85,88.0,8.6,934.428563,199993.0,8.0,10.7,0
1480,49.4,399.0,2.75,91.0,0,29.2,6,89.0,9.8,91.0,8.6,923.136931,21929.0,7.6,10.8,0
1479,51.1,399.0,2.71,93.0,2488,29.7,6,92.0,1.87,93.0,8.6,1173.26212,24551.0,7.2,10.9,0
1476,52.1,399.0,0.01,93.0,516,31.4,6,9.0,11.7,93.0,8.6,1196.1335,2117361.0,6.1,11.1,0
1475,52.1,399.0,0.01,93.0,0,32.0,6,9.0,1.62,93.0,8.6,1174.839214,2145785.0,5.8,10.8,0
1474,53.7,399.0,0.01,93.0,0,32.6,6,9.0,1.62,93.0,8.6,173.82893,2174645.0,5.5,10.7,0
1502,50.0,42.0,4.21,91.0,142,21.1,18,49.0,3.44,35.0,3.2,133.494518,3116233.0,8.7,10.3,0
1501,54.0,329.0,4.24,91.0,4,21.5,17,47.0,8.77,31.0,3.2,149.4452549,3176414.0,8.5,10.2,0
1500,55.3,316.0,4.19,91.0,8,22.0,16,66.0,8.4,9.0,3.1,168.648254,326123.0,8.3,10.1,0
1499,56.7,32.0,4.05,91.0,20,22.4,15,66.0,1.9,9.0,3.0,178.92799,3375838.0,8.1,10.0,0
1498,57.9,286.0,4.03,91.0,1,22.9,14,67.0,1.24,65.0,2.8,21.3733292,3512932.0,7.9,9.9,0
1497,58.6,281.0,3.88,64.0,1,23.4,14,79.0,11.83,75.0,2.4,232.61732,3662993.0,7.7,9.8,0
1496,59.2,277.0,3.75,64.0,6,24.0,13,84.0,14.39,81.0,2.1,33.667491,3811528.0,7.6,9.7,0
1495,59.7,272.0,3.64,47.0,2200,24.5,13,71.0,11.87,9.0,1.8,327.42597,3948125.0,7.4,9.6,0
1494,62.0,266.0,3.72,77.0,279,25.0,12,77.0,11.23,77.0,1.5,379.689583,47167.0,7.2,9.5,0
1493,67.0,261.0,0.01,9.0,43,25.6,12,9.0,1.19,9.0,1.2,415.361958,4181563.0,7.0,9.6,0
1492,61.1,258.0,0.01,76.0,0,26.1,11,75.0,9.25,76.0,1.1,454.1222236,4286291.0,6.8,9.8,0
1491,58.1,329.0,0.01,9.0,34,26.7,11,49.0,1.4,9.0,0.9,458.4651734,439737.0,6.7,9.9,0
1490,61.4,259.0,0.01,52.0,1060,27.3,11,52.0,1.4,52.0,0.9,452.38717,4499621.0,6.5,9.9,0
1521,78.0,148.0,0.01,92.0,0,52.8,3,94.0,3.41,94.0,0.1,7145.628494,1396923.0,5.7,15.5,0
1520,71.0,147.0,0.01,93.0,633,53.4,3,94.0,4.6,94.0,0.1,6269.58123,1396923.0,5.6,15.7,0
1519,71.1,146.0,0.01,91.0,3890,54.0,3,93.0,4.57,93.0,0.1,375.442638,1396923.0,5.6,15.8,0
1518,71.3,144.0,0.01,96.0,0,54.6,3,95.0,4.6,95.0,0.1,4676.96753,1396923.0,5.6,16.0,0
1517,71.5,141.0,0.01,99.0,2771,55.3,3,97.0,3.46,97.0,0.1,586.8364,1396923.0,5.5,15.9,0
1516,71.9,138.0,0.01,97.0,292,56.0,3,98.0,2.71,98.0,0.1,8171.361651,1396923.0,5.5,15.7,0
1515,72.2,134.0,0.01,98.0,1,56.7,3,98.0,2.51,98.0,0.1,9344.987518,1396923.0,5.5,15.4,0
1514,72.5,132.0,0.01,98.0,59,57.4,3,98.0,2.63,98.0,0.1,1138.56661,1396923.0,5.5,15.1,0
1513,72.6,132.0,0.01,98.0,8,58.2,2,98.0,2.4,98.0,0.1,14396.4865,1396923.0,5.5,14.8,0
1512,72.7,132.0,0.01,98.0,329,59.0,2,98.0,3.16,98.0,0.1,1296.97353,1396923.0,5.6,14.6,0
1511,72.8,132.0,0.01,98.0,0,59.9,2,98.0,3.5,98.0,0.1,1212.56217,1396923.0,5.6,14.3,0
1510,71.3,161.0,0.01,98.0,0,6.9,2,98.0,4.77,98.0,0.1,562.549434,1396923.0,5.6,14.0,0
1509,72.9,133.0,0.01,98.0,320,61.8,2,98.0,4.3,98.0,0.1,562.549434,1396923.0,5.6,13.7,0
1508,72.9,134.0,0.01,96.0,0,62.8,2,96.0,4.33,96.0,0.1,562.549434,1396923.0,5.7,13.4,0
1507,72.4,143.0,0.01,94.0,372,63.8,2,94.0,4.97,94.0,0.1,562.549434,1396923.0,5.7,13.4,0
1506,72.7,138.0,0.01,97.0,82,64.8,2,97.0,4.97,97.0,0.1,562.549434,1396923.0,5.8,13.4,0
1537,71.6,2.0,9.87,98.0,19,56.9,0,92.0,6.46,94.0,0.1,3297.35471,3499536.0,3.4,14.0,1
1536,71.2,21.0,10.2,95.0,7,57.2,0,97.0,6.26,95.0,0.1,353.147337,347818.0,3.3,14.7,1
1535,71.4,22.0,11.0,94.0,103,57.5,0,97.0,6.4,95.0,0.1,4146.987928,344367.0,3.3,15.3,1
1534,71.6,22.0,11.29,95.0,1,57.8,0,91.0,6.46,94.0,0.1,555.535669,3415213.0,3.2,15.8,1
1533,71.6,24.0,12.1,94.0,1,58.1,0,9.0,5.67,94.0,0.1,676.966998,337775.0,3.1,16.3,1
1532,78.0,222.0,12.3,95.0,1,58.4,0,93.0,5.83,94.0,0.1,7863.1629,3322528.0,3.0,16.2,1
1531,76.0,229.0,12.7,95.0,1,58.7,0,94.0,6.2,94.0,0.1,924.642548,326999.0,3.0,16.4,1
1530,72.0,24.0,13.4,96.0,0,59.0,0,95.0,6.22,95.0,0.1,12297.91535,3231294.0,2.9,16.4,1
1529,71.1,224.0,13.3,96.0,1,59.3,0,96.0,6.61,96.0,0.1,14961.56818,3198231.0,2.9,16.5,1
1528,72.2,192.0,12.4,95.0,0,59.7,0,98.0,7.53,98.0,0.1,11837.3913,3162916.0,2.8,16.6,1
1527,72.4,188.0,12.9,94.0,2,6.0,0,95.0,7.9,95.0,0.1,11984.86857,397282.0,2.8,16.8,1
1526,72.8,18.0,12.66,95.0,7,6.5,0,92.0,6.86,92.0,0.1,14357.73679,328115.0,2.7,16.7,1
1525,73.0,176.0,15.14,93.0,0,6.9,0,93.0,6.67,93.0,0.1,14341.836,2987773.0,2.7,16.5,1
1524,73.0,178.0,15.04,93.0,35,61.4,0,93.0,6.59,93.0,0.1,15712.82376,2957689.0,2.7,16.4,1
1523,73.4,169.0,15.19,94.0,11,61.9,0,93.0,6.55,93.0,0.1,16554.97139,2932367.0,2.6,16.5,1
1522,73.6,165.0,15.19,94.0,50,62.4,0,93.0,6.55,93.0,0.1,14252.42853,29491.0,2.6,16.5,1
1553,77.8,98.0,13.14,77.0,0,54.0,0,99.0,7.48,99.0,0.1,48735.99549,4363.0,1.0,13.5,1
1552,78.0,96.0,12.89,86.0,0,54.6,0,99.0,7.4,99.0,0.1,48179.4285,441525.0,1.0,13.4,1
1551,78.3,95.0,12.91,95.0,0,55.2,0,99.0,8.27,99.0,0.1,5293.64115,446175.0,1.0,13.5,1
1550,78.6,92.0,12.61,95.0,1,55.8,0,99.0,7.67,98.0,0.1,65445.8853,45163.0,1.0,13.6,1
1549,78.7,92.0,12.42,94.0,0,56.4,0,99.0,8.2,99.0,0.1,75716.3518,45895.0,1.0,13.5,1
1548,78.8,9.0,11.84,95.0,0,57.0,0,99.0,7.95,99.0,0.1,8289.69641,465158.0,1.0,13.5,1
1547,79.4,85.0,11.98,95.0,8,57.5,0,99.0,7.75,99.0,0.1,89739.7117,472637.0,0.9,13.5,1
1546,79.7,82.0,11.75,87.0,0,57.9,0,96.0,6.8,99.0,0.1,1618.4928,479993.0,0.9,13.5,1
1545,80.0,8.0,11.53,94.0,1,58.4,0,96.0,7.34,99.0,0.1,114293.8433,48865.0,0.9,13.5,1
1544,83.0,76.0,11.42,95.0,0,58.8,0,96.0,8.11,99.0,0.1,13198.6693,497783.0,0.9,13.5,1
1543,86.0,73.0,11.36,94.0,0,59.2,0,96.0,7.68,99.0,0.1,14965.361,56953.0,0.9,13.7,1
1542,88.0,72.0,11.5,95.0,6,59.6,0,96.0,7.34,99.0,0.1,115761.577,518347.0,0.9,13.9,1
1541,81.1,7.0,11.34,94.0,2,6.1,0,99.0,7.18,99.0,0.1,16749.136,53946.0,0.9,13.9,1
1540,81.4,68.0,11.02,94.0,0,6.5,0,99.0,7.1,99.0,0.1,113751.85,54336.0,0.9,13.9,1
1539,81.7,65.0,11.12,94.0,0,6.9,0,99.0,6.94,99.0,0.1,119172.7418,556319.0,1.0,13.9,1
1538,82.0,63.0,11.12,94.0,0,61.3,0,99.0,6.94,99.0,0.1,1199.8223,56964.0,1.0,13.9,1
1569,57.9,283.0,1.16,91.0,10000,13.9,68,58.0,5.8,57.0,0.6,245.939659,1576686.0,8.7,8.0,0
1568,58.7,276.0,1.05,91.0,9357,14.3,65,9.0,5.17,9.0,0.7,278.555732,1626932.0,8.6,8.2,0
1567,59.3,271.0,0.9,51.0,10000,14.7,63,61.0,5.29,62.0,0.7,262.2859481,16765117.0,8.5,8.3,0
1566,59.9,268.0,0.93,61.0,10000,15.0,60,65.0,4.81,66.0,0.7,316.7998965,17279141.0,8.3,8.5,0
1565,64.0,267.0,0.81,71.0,10000,15.4,58,74.0,4.89,78.0,0.6,245.1235876,1782997.0,8.2,8.7,0
1564,69.0,265.0,0.72,81.0,0,15.8,56,9.0,5.3,85.0,0.6,274.819723,18336724.0,8.1,8.9,0
1563,61.4,263.0,0.68,82.0,2,16.3,54,83.0,5.11,85.0,0.6,292.157443,1888268.0,8.0,9.0,0
1562,61.9,261.0,0.71,84.0,0,16.7,51,83.0,4.98,84.0,0.6,377.8482928,19433523.0,7.9,9.1,0
1561,62.3,259.0,0.68,77.0,3,17.1,49,77.0,4.5,77.0,0.5,47.733254,19996469.0,7.8,9.4,0
1560,62.8,254.0,0.91,77.0,0,17.6,47,76.0,4.7,77.0,0.5,415.6893226,2569121.0,7.7,9.7,0
1559,63.3,248.0,1.03,9.0,1,18.0,45,9.0,4.86,9.0,0.5,412.739341,2115164.0,7.6,10.2,0
1558,63.8,241.0,0.97,73.0,0,18.5,43,73.0,4.24,73.0,0.4,454.963464,21743949.0,7.5,10.2,0
1557,64.3,235.0,0.87,9.0,2,19.0,42,71.0,3.46,9.0,0.4,443.9611,22346573.0,7.4,10.2,0
1556,64.7,23.0,0.87,74.0,6,19.5,40,73.0,4.15,74.0,0.4,461.723722,22961146.0,7.3,10.3,0
1585,43.1,399.0,1.18,91.0,304,14.1,84,73.0,6.7,75.0,8.6,153.2594872,11376172.0,8.0,10.7,0
1584,43.5,399.0,1.15,91.0,150,14.4,80,86.0,5.7,9.0,8.6,146.7615397,11695863.0,7.9,10.1,0
1583,44.0,67.0,1.1,64.0,92,14.8,75,79.0,4.82,64.0,8.6,29.9798977,1213711.0,7.7,10.4,0
1582,44.6,399.0,1.08,84.0,167,15.2,70,85.0,6.35,84.0,8.6,26.152517,12336687.0,7.6,10.3,0
1581,45.1,399.0,1.11,89.0,1116,15.5,65,94.0,7.82,89.0,8.6,274.2256294,1267638.0,7.5,10.0,0
1580,46.0,66.0,1.04,93.0,184,15.9,62,94.0,8.2,93.0,8.6,28.3673842,1339711.0,7.4,9.7,0
1579,47.1,399.0,1.18,99.0,1,16.2,61,99.0,8.99,99.0,8.6,297.6971211,13429262.0,7.3,9.6,0
1578,48.5,399.0,1.18,87.0,143,16.6,59,88.0,9.31,87.0,8.6,32.2227274,1384969.0,7.1,9.7,0
1577,50.0,399.0,1.27,91.0,20,16.9,58,92.0,1.7,91.0,8.6,372.842678,14271234.0,7.0,9.6,0
1576,51.5,399.0,1.16,93.0,21,17.3,56,93.0,1.18,93.0,8.6,42.7379657,1471462.0,6.9,9.9,0
1575,52.9,399.0,1.08,93.0,10000,17.6,54,86.0,1.5,93.0,8.6,458.8681744,1516795.0,6.8,10.2,0
1574,54.1,399.0,1.23,97.0,26,18.0,50,97.0,11.67,97.0,8.6,512.125451,15627618.0,6.7,10.6,0
1573,55.3,42.0,0.01,96.0,11,18.4,46,95.0,12.6,96.0,8.3,374.51882,169735.0,6.6,10.7,0
1572,56.7,394.0,0.01,89.0,1,18.8,42,89.0,1.96,89.0,6.3,332.922339,16577147.0,6.5,10.7,0
1571,57.6,377.0,0.01,91.0,3,19.2,40,87.0,11.38,91.0,5.1,354.7253961,1768838.0,6.5,10.7,0
1570,58.3,365.0,0.01,88.0,0,19.6,38,88.0,11.38,88.0,4.8,362.6575444,1757367.0,6.4,10.8,0
1601,72.4,149.0,0.54,97.0,6187,26.0,5,98.0,3.4,98.0,0.1,445.17471,2318568.0,9.8,11.6,0
1600,72.7,144.0,0.53,95.0,2198,27.0,5,95.0,3.4,96.0,0.1,3915.11546,2369897.0,9.7,11.9,0
1599,72.9,14.0,0.49,95.0,408,27.9,4,94.0,3.4,94.0,0.1,4167.364387,24198811.0,9.5,12.0,0
1598,73.1,138.0,0.48,95.0,632,28.8,4,96.0,3.95,96.0,0.1,4463.675893,2468873.0,9.3,12.1,0
1597,73.2,137.0,0.49,94.0,5729,29.8,4,95.0,3.74,95.0,0.1,4955.477743,2517419.0,9.2,12.7,0
1595,73.6,134.0,0.42,95.0,564,31.6,4,95.0,3.65,95.0,0.1,6222.982955,26143566.0,8.8,12.7,0
1594,73.7,133.0,0.43,96.0,394,32.5,4,97.0,3.61,97.0,0.1,7269.17114,26625845.0,8.7,12.3,0
1593,73.8,132.0,0.47,97.0,334,33.4,4,97.0,3.47,97.0,0.1,8513.629541,2711169.0,8.5,12.5,0
1592,74.0,131.0,0.47,96.0,153,34.4,4,97.0,3.97,97.0,0.1,7326.744435,2765383.0,8.3,12.6,0
1591,74.1,131.0,0.49,96.0,73,35.3,4,96.0,3.99,96.0,0.1,971.356987,28112289.0,8.2,12.8,0
1590,74.3,13.0,0.51,96.0,1569,36.3,4,96.0,3.89,96.0,0.1,145.1262,28635128.0,8.0,13.0,0
1589,74.5,129.0,0.53,97.0,1868,37.4,4,97.0,4.1,97.0,0.1,1779.49641,2917456.0,7.9,12.9,0
1588,74.6,128.0,0.53,96.0,195,38.5,4,97.0,4.2,97.0,0.1,1882.27842,2976724.0,7.8,12.9,0
1587,74.8,126.0,0.52,96.0,221,39.5,4,97.0,4.17,97.0,0.1,11183.96191,322817.0,7.6,13.0,0
1617,69.6,139.0,1.83,96.0,20,15.2,0,98.0,8.0,98.0,0.1,2182.99711,286.0,14.8,11.3,0
1616,78.0,129.0,1.98,98.0,0,15.6,0,97.0,5.84,98.0,0.1,298.67598,292.0,14.7,11.8,0
1615,71.8,124.0,1.95,98.0,926,16.2,0,98.0,5.78,98.0,0.1,32.37239,297.0,14.6,12.0,0
1614,72.7,112.0,1.75,98.0,75,16.7,0,98.0,5.9,98.0,0.1,3432.247841,34.0,14.6,11.8,0
1613,73.4,16.0,1.6,97.0,37,17.3,0,96.0,5.89,96.0,0.1,3853.33348,312.0,14.5,12.2,0
1612,74.3,93.0,1.47,98.0,1395,18.0,0,98.0,9.52,98.0,0.1,3488.493769,321.0,14.4,12.1,0
1611,75.0,88.0,1.62,98.0,47,18.7,0,98.0,7.37,98.0,0.1,4428.522898,333.0,14.3,12.0,0
1610,75.4,82.0,1.78,98.0,20,19.5,0,98.0,6.64,98.0,0.1,52.862285,349.0,14.3,11.9,0
1608,76.3,75.0,1.59,98.0,6,21.2,0,98.0,9.22,98.0,0.1,597.1659,36.0,14.1,11.8,0
1607,76.7,73.0,1.83,97.0,0,22.1,0,97.0,7.93,96.0,0.1,633.79498,367.0,14.0,11.6,0
1606,77.3,67.0,1.92,96.0,0,23.1,0,96.0,8.11,96.0,0.1,6497.55443,377.0,13.9,11.8,0
1605,77.6,65.0,0.01,99.0,0,24.1,0,99.0,9.16,99.0,0.1,6541.7465,385.0,13.8,12.1,0
1604,77.9,64.0,0.01,99.0,0,25.1,0,99.0,11.16,99.0,0.1,7112.33575,393.0,13.7,12.4,0
1603,78.2,62.0,0.01,99.0,0,26.2,0,99.0,13.73,99.0,0.1,7716.2415,41.0,13.6,12.7,0
1602,78.5,61.0,0.01,99.0,0,27.4,0,99.0,13.73,99.0,0.1,8395.785198,49163.0,13.6,12.7,0
1633,49.8,37.0,0.47,91.0,1578,15.6,111,53.0,6.29,43.0,2.5,269.3483829,196769.0,11.0,4.4,0
1632,55.0,34.0,0.51,91.0,4464,16.1,110,56.0,6.39,49.0,2.4,36.8473237,11293258.0,1.8,4.6,0
1631,51.2,31.0,0.53,91.0,717,16.5,108,65.0,6.32,61.0,2.3,334.22416,11638929.0,1.5,4.9,0
1630,52.0,299.0,0.54,79.0,232,17.0,106,67.0,6.25,63.0,2.2,391.791281,125128.0,1.3,5.2,0
1629,52.8,296.0,0.49,73.0,172,17.5,103,9.0,6.28,69.0,2.0,439.3572924,1239196.0,1.1,5.5,0
1628,53.6,29.0,0.55,83.0,33,18.0,101,78.0,6.34,77.0,1.9,487.942556,12798763.0,9.9,5.8,0
1627,54.3,288.0,0.53,9.0,128,18.5,98,79.0,6.56,78.0,1.8,521.6425796,1322764.0,9.7,6.1,0
1626,55.0,282.0,0.55,74.0,2,19.0,96,76.0,6.97,74.0,1.7,595.6368319,1367566.0,9.4,6.4,0
1625,55.5,278.0,0.57,74.0,98,19.6,94,74.0,6.74,74.0,1.6,689.6784228,14138216.0,9.2,5.8,0
1622,56.8,271.0,0.61,66.0,24,21.3,90,72.0,6.59,66.0,1.5,835.88998,1554989.0,8.5,7.5,0
1621,57.2,27.0,0.01,66.0,341,21.9,88,72.0,6.47,66.0,1.5,777.3476868,16667.0,8.3,7.7,0
1620,57.3,275.0,0.01,69.0,221,22.5,86,9.0,6.58,69.0,1.6,777.659139,16477818.0,8.1,8.0,0
1619,57.8,272.0,0.01,73.0,290,23.2,85,74.0,6.86,73.0,1.6,825.5729915,16962846.0,7.9,8.2,0
1618,58.2,266.0,0.01,64.0,215,23.8,84,66.0,6.86,64.0,1.5,729.725338,1746795.0,7.7,8.4,0
1649,77.5,8.0,5.59,95.0,2,62.3,0,94.0,6.83,94.0,0.1,1139.5651,3987.0,0.8,13.8,1
1648,77.8,79.0,5.62,95.0,2,62.8,0,95.0,7.11,95.0,0.1,1121.78636,39328.0,0.7,13.7,1
1647,78.2,75.0,5.73,95.0,7,63.4,0,95.0,7.86,95.0,0.1,11843.9392,395969.0,0.7,13.8,1
1646,78.5,71.0,6.7,89.0,4,63.9,0,94.0,8.6,94.0,0.1,13689.98999,398582.0,0.7,13.8,1
1645,78.7,69.0,6.53,85.0,4,64.5,0,89.0,8.46,89.0,0.1,1519.5497,41268.0,0.7,14.2,1
1644,79.0,67.0,6.41,85.0,6,65.0,0,94.0,8.83,92.0,0.1,15835.34667,43834.0,0.7,14.8,1
1643,79.3,66.0,8.84,86.0,1,65.6,0,83.0,8.93,85.0,0.1,16671.5672,4538.0,0.7,14.8,1
1642,79.6,65.0,7.45,82.0,2,66.1,0,76.0,8.36,74.0,0.1,19375.5696,46724.0,0.7,14.4,1
1641,80.0,64.0,7.14,86.0,1,66.6,0,72.0,8.15,72.0,0.1,21928.767,49379.0,0.7,14.6,1
1640,82.0,63.0,7.38,86.0,1,67.1,0,73.0,8.33,73.0,0.1,2675.58259,412477.0,0.8,14.4,1
1639,83.0,62.0,7.91,75.0,0,67.6,0,76.0,8.3,76.0,0.1,2187.79469,41458.0,0.8,14.6,1
1638,87.0,59.0,6.91,82.0,3,68.0,0,96.0,9.6,96.0,0.1,22821.847,416268.0,0.8,14.8,1
1637,81.0,58.0,7.67,93.0,0,68.4,0,99.0,9.95,99.0,0.1,2193.8836,419455.0,0.8,14.1,1
1636,81.1,57.0,8.58,94.0,0,68.8,0,99.0,9.89,99.0,0.1,2393.1888,423374.0,0.8,14.2,1
1635,81.4,55.0,8.49,9.0,0,69.2,0,99.0,9.75,99.0,0.1,2618.92599,427364.0,0.8,14.3,1
1634,81.7,54.0,8.49,95.0,2,69.6,0,97.0,9.75,97.0,0.1,23819.4636,431874.0,0.8,14.6,1
1666,60.0,23.0,0.03,91.0,0,21.1,11,58.0,5.26,51.0,1.1,477.476124,279359.0,1.9,6.4,0
1665,61.0,229.0,0.01,91.0,1398,21.7,12,75.0,4.34,75.0,1.2,464.229758,279729.0,1.7,6.5,0
1664,62.0,228.0,0.02,91.0,883,22.3,12,91.0,5.31,89.0,1.2,46.9542322,2873228.0,1.5,6.5,0
1663,63.0,226.0,0.01,91.0,3611,22.9,12,75.0,4.53,76.0,1.3,528.586613,2957117.0,1.3,6.6,0
1662,64.0,224.0,0.01,91.0,5039,23.6,12,68.0,4.7,9.0,1.3,62.547286,342823.0,1.0,6.7,0
1661,66.0,223.0,0.01,42.0,127,24.2,12,71.0,4.21,71.0,1.3,697.7451989,31372.0,9.8,7.2,0
1660,69.0,221.0,0.01,68.0,22,24.8,12,68.0,3.21,68.0,1.3,944.134851,322653.0,9.6,7.2,0
1659,61.2,219.0,0.02,74.0,11,25.5,12,75.0,3.54,75.0,1.3,113.3128,3312665.0,9.4,7.4,0
1658,61.4,217.0,0.02,74.0,4,26.1,12,73.0,3.23,74.0,1.3,1167.535689,347541.0,9.2,7.2,0
1657,61.7,215.0,0.01,64.0,322,26.8,12,63.0,3.79,64.0,1.2,146.83851,356288.0,8.9,7.1,0
1656,62.0,214.0,0.01,64.0,1292,27.4,12,52.0,3.28,64.0,1.2,123.383675,369543.0,8.7,7.6,0
1655,62.2,212.0,0.01,75.0,234,28.1,12,73.0,2.87,75.0,1.2,1393.261593,3717672.0,8.5,7.7,0
1654,62.5,29.0,0.01,9.0,35,28.8,12,9.0,3.36,9.0,1.2,1364.283745,383239.0,8.3,7.8,0
1653,62.7,28.0,0.01,9.0,62,29.4,12,9.0,3.63,9.0,1.1,145.57838,394617.0,8.1,8.2,0
1682,71.0,177.0,4.6,88.0,0,25.3,0,88.0,3.78,88.0,0.1,3861.32414,1186873.0,8.1,12.1,0
1681,71.5,177.0,4.38,92.0,0,25.8,0,93.0,3.87,92.0,0.1,3792.182152,1196287.0,8.0,12.2,0
1680,71.5,179.0,4.14,88.0,0,26.4,0,88.0,4.24,88.0,0.1,3957.51296,124621.0,7.9,12.5,0
1679,71.5,174.0,4.08,97.0,777,26.9,0,99.0,4.15,99.0,0.1,4623.347642,121337.0,7.9,12.6,0
1678,71.9,168.0,4.16,98.0,28,27.5,0,98.0,4.29,98.0,0.1,5229.876738,12213.0,7.8,12.8,0
1677,72.1,168.0,3.94,97.0,7,28.0,0,97.0,4.47,97.0,0.1,5116.45424,1228254.0,7.7,13.0,0
1676,71.8,165.0,3.73,97.0,3,28.6,0,98.0,4.38,97.0,0.1,5695.969327,1233996.0,7.6,13.4,0
1675,72.9,161.0,3.24,97.0,13,29.1,0,96.0,4.24,97.0,0.1,6574.654338,123963.0,7.5,13.5,0
1674,72.7,166.0,2.49,99.0,12,29.7,0,99.0,4.6,99.0,0.1,83.635,1244121.0,7.4,13.6,0
1671,73.6,158.0,3.03,98.0,2,31.3,0,98.0,5.2,98.0,0.1,9197.26972,125244.0,7.1,14.1,0
1670,73.9,154.0,0.01,98.0,0,31.8,0,98.0,4.76,98.0,0.1,9291.227619,1255882.0,7.1,14.3,0
1669,74.1,147.0,0.01,98.0,0,32.3,0,98.0,4.82,98.0,0.1,9637.265,1258653.0,7.0,14.7,0
1668,74.2,148.0,0.01,97.0,0,32.8,0,98.0,4.81,97.0,0.1,1153.93822,126934.0,7.0,14.7,0
1667,74.6,146.0,0.01,97.0,0,33.3,0,98.0,4.81,97.0,0.1,9252.11724,126265.0,6.9,15.2,0
1698,74.8,129.0,4.99,97.0,30,52.4,66,97.0,4.98,97.0,0.1,672.92113,11719673.0,2.0,11.4,0
1697,75.0,126.0,4.86,97.0,3,53.2,62,97.0,5.35,97.0,0.1,731.378864,136768.0,1.9,11.6,0
1696,75.0,127.0,4.77,97.0,0,54.1,58,98.0,5.52,97.0,0.1,716.8219,1435568.0,1.9,11.6,0
1695,75.0,127.0,4.88,98.0,44,54.9,55,98.0,6.2,98.0,0.1,6751.998987,1564453.0,1.9,11.9,0
1694,75.4,124.0,4.9,98.0,64,55.7,52,98.0,6.11,98.0,0.1,7199.59665,16995583.0,1.8,12.1,0
1693,75.3,126.0,4.93,98.0,6,56.4,49,98.0,6.4,98.0,0.1,7986.798439,18472228.0,1.8,12.2,0
1692,75.8,125.0,5.11,98.0,23,57.2,47,98.0,5.83,98.0,0.1,8767.92258,1192378.0,1.8,12.2,0
1691,76.0,123.0,5.35,98.0,0,57.9,45,98.0,5.92,98.0,0.1,933.341687,111836346.0,1.7,12.3,0
1690,75.6,127.0,5.36,97.0,0,58.7,43,96.0,6.6,96.0,0.1,9689.52887,11366189.0,1.7,12.3,0
1689,75.7,13.0,5.27,95.0,0,59.4,42,95.0,6.6,95.0,0.1,7748.12331,11555228.0,1.7,12.5,0
1688,75.6,127.0,5.21,93.0,0,6.1,40,95.0,6.39,95.0,0.1,8959.581416,117318941.0,1.6,12.5,0
1687,76.1,124.0,5.3,98.0,3,6.8,39,97.0,6.4,97.0,0.1,9834.472689,119917.0,1.6,12.6,0
1686,76.3,123.0,5.29,99.0,0,61.5,38,99.0,6.21,99.0,0.1,982.532572,1282837.0,1.6,12.7,0
1685,76.6,12.0,5.23,82.0,0,62.1,37,83.0,6.3,83.0,0.1,1298.86766,122535969.0,1.6,12.9,0
1684,76.6,122.0,5.26,84.0,3,62.8,36,87.0,6.3,87.0,0.1,1452.27766,1242216.0,1.6,13.1,0
1683,76.7,122.0,5.26,82.0,0,63.5,35,87.0,6.3,87.0,0.1,9143.128494,12589949.0,1.5,13.3,0
1714,67.0,185.0,2.23,87.0,0,61.5,0,85.0,7.88,85.0,0.1,1228.829749,1396923.0,0.3,0.0,0
1713,67.2,183.0,2.82,81.0,0,62.0,0,79.0,8.58,75.0,0.1,1228.829749,1396923.0,0.3,10.1,0
1712,66.2,21.0,2.78,85.0,0,62.4,0,84.0,8.2,84.0,0.1,1228.829749,1396923.0,0.2,10.2,0
1711,67.5,18.0,3.15,89.0,0,62.8,0,88.0,9.69,92.0,0.1,1228.829749,1396923.0,0.2,10.4,0
1710,67.7,179.0,2.02,9.0,0,63.2,0,82.0,1.64,78.0,0.1,1228.829749,1396923.0,0.2,10.5,0
1709,67.9,178.0,1.9,91.0,0,63.6,0,94.0,12.11,94.0,0.1,1228.829749,1396923.0,0.2,10.7,0
1708,68.0,176.0,1.73,84.0,0,64.1,0,81.0,11.92,67.0,0.1,1228.829749,1396923.0,0.2,10.9,0
1707,68.2,175.0,1.64,9.0,0,64.7,0,79.0,11.99,79.0,0.1,1228.829749,1396923.0,0.2,11.0,0
1706,68.4,174.0,1.97,89.0,0,65.2,0,88.0,12.94,85.0,0.1,1228.829749,1396923.0,0.2,11.2,0
1705,68.5,172.0,2.06,89.0,0,65.8,0,81.0,13.44,91.0,0.1,1228.829749,1396923.0,0.2,11.4,0
1704,68.7,171.0,1.76,88.0,0,66.4,0,85.0,13.83,85.0,0.1,1228.829749,1396923.0,0.2,11.5,0
1703,68.9,169.0,1.89,83.0,0,67.0,0,83.0,13.76,84.0,0.1,1228.829749,1396923.0,0.2,11.7,0
1702,69.0,168.0,2.98,82.0,0,67.5,0,81.0,12.77,81.0,0.1,1228.829749,1396923.0,0.2,11.7,0
1701,69.2,166.0,1.67,83.0,0,68.1,0,81.0,13.38,81.0,0.1,1228.829749,1396923.0,0.2,11.7,0
1700,69.4,164.0,1.58,81.0,140,68.7,0,76.0,13.71,77.0,0.1,1228.829749,1396923.0,0.2,11.7,0
1699,69.4,166.0,1.58,78.0,0,69.4,0,71.0,13.71,72.0,0.1,1228.829749,1396923.0,0.2,11.7,0
1731,62.8,274.0,2.79,93.0,925,38.5,3,94.0,4.92,94.0,0.1,474.2133361,2397436.0,2.6,8.9,0
1730,63.2,266.0,2.87,95.0,10000,39.1,3,95.0,5.45,95.0,0.1,524.145924,2419776.0,2.5,9.4,0
1729,63.8,263.0,2.43,98.0,1205,39.8,2,98.0,5.81,98.0,0.1,571.51883,2443659.0,2.4,10.1,0
1727,64.0,284.0,1.75,98.0,0,41.3,2,99.0,5.99,99.0,0.1,797.8377432,2496832.0,2.3,11.2,0
1726,64.5,274.0,2.75,98.0,0,42.1,2,99.0,5.9,99.0,0.1,998.8226671,2526446.0,2.3,11.8,0
1725,65.0,271.0,2.91,98.0,26,43.0,2,98.0,4.68,99.0,0.1,1334.651896,255812.0,2.2,12.7,0
1724,65.9,26.0,3.79,98.0,12,43.9,2,99.0,5.6,95.0,0.1,1634.81431,259167.0,2.2,13.0,0
1723,67.4,225.0,4.26,96.0,31,44.9,2,95.0,5.58,96.0,0.1,2139.625631,2628131.0,2.2,13.4,0
1722,66.9,235.0,4.61,97.0,8,45.9,2,96.0,5.29,95.0,0.1,1717.898761,2668289.0,2.2,13.8,0
1721,66.3,25.0,5.8,96.0,7,46.9,2,96.0,4.7,96.0,0.1,265.353659,271265.0,2.2,14.3,0
1720,67.3,235.0,0.01,99.0,0,48.0,2,99.0,4.45,99.0,0.1,3769.595255,2761516.0,2.2,14.6,0
1719,67.8,231.0,0.01,99.0,0,49.2,2,99.0,4.22,99.0,0.1,4368.82248,2814226.0,2.2,14.7,0
1718,68.1,227.0,0.01,98.0,0,5.4,1,98.0,4.21,98.0,0.1,4385.379355,286917.0,2.2,14.7,0
1717,68.4,225.0,0.01,99.0,0,51.5,1,99.0,4.73,99.0,0.1,4181.583321,2923896.0,2.2,14.8,0
1716,68.8,222.0,0.01,99.0,10000,52.7,1,99.0,4.73,99.0,0.1,3944.1839,2976877.0,2.2,14.8,0
1747,73.0,144.0,0.01,91.0,0,51.9,0,9.0,7.32,9.0,0.1,1627.42893,6495.0,2.6,0.0,0
1746,73.3,136.0,0.01,91.0,0,52.7,0,9.0,8.23,9.0,0.1,199.583957,67389.0,2.5,0.0,0
1745,73.4,136.0,0.01,91.0,0,53.5,0,9.0,8.33,9.0,0.1,216.243274,69828.0,2.5,0.0,0
1744,73.5,134.0,0.01,91.0,0,54.2,0,9.0,8.91,9.0,0.1,2789.1735,612267.0,2.4,0.0,0
1743,73.5,134.0,0.01,91.0,0,55.0,0,9.0,8.45,9.0,0.1,338.199535,613353.0,2.3,12.6,0
1742,73.6,133.0,2.695,91.0,0,55.7,0,9.0,8.46,9.0,0.1,3674.617924,614261.0,2.3,12.8,0
1741,73.8,13.0,5.38,9.0,0,56.5,0,9.0,8.1,9.0,0.1,4383.59597,61525.0,2.2,13.2,0
1740,74.2,125.0,4.98,9.0,0,57.2,0,92.0,6.74,92.0,0.1,5957.145693,615875.0,2.1,13.6,0
1739,74.6,121.0,6.17,93.0,0,57.8,0,95.0,6.13,95.0,0.1,7325.73474,616969.0,2.1,14.2,0
1738,75.0,117.0,6.45,87.0,0,58.5,0,91.0,6.7,92.0,0.1,6698.79439,618294.0,2.0,14.6,0
1737,75.3,115.0,6.56,9.0,5,59.1,0,93.0,6.9,94.0,0.1,6682.281158,619428.0,2.0,15.0,0
1736,75.4,113.0,6.56,91.0,5,59.7,0,95.0,6.92,95.0,0.1,7318.742449,6279.0,1.9,15.1,0
1735,75.6,11.0,0.01,9.0,0,6.2,0,94.0,7.25,94.0,0.1,6586.71929,6261.0,1.9,15.1,0
1734,75.8,19.0,0.01,9.0,0,6.7,0,94.0,6.43,94.0,0.1,7186.429787,62127.0,1.8,15.1,0
1733,75.9,17.0,0.01,87.0,0,61.3,0,91.0,6.42,91.0,0.1,7378.345289,62181.0,1.8,15.1,0
1732,76.1,16.0,0.01,82.0,0,61.8,0,89.0,6.42,89.0,0.1,6461.192554,622159.0,1.8,15.1,0
1763,68.6,16.0,0.45,43.0,7368,44.8,32,95.0,4.18,95.0,0.1,1332.382358,28849621.0,6.7,8.0,0
1762,69.0,155.0,0.46,84.0,2724,45.7,30,93.0,4.44,96.0,0.1,1336.775376,29181832.0,6.7,8.5,0
1761,69.5,15.0,0.46,92.0,6000,46.5,29,94.0,5.31,94.0,0.1,1413.757176,29512368.0,6.6,8.8,0
1760,69.9,146.0,0.58,9.0,10000,47.3,28,91.0,5.25,91.0,0.1,1721.973863,29843937.0,6.6,9.3,0
1759,72.0,142.0,0.56,95.0,6399,48.2,27,97.0,5.22,97.0,0.1,1948.812275,3179285.0,6.5,9.6,0
1758,77.0,137.0,0.47,96.0,0,49.1,26,98.0,5.6,98.0,0.1,213.755559,35217.0,6.5,9.8,0
1757,71.0,133.0,0.58,95.0,1217,49.9,25,97.0,5.23,97.0,0.1,2191.478567,3869346.0,6.4,10.0,0
1756,71.4,128.0,0.56,95.0,2248,5.8,25,95.0,5.48,95.0,0.1,2494.353552,31225881.0,6.4,10.0,0
1755,71.8,123.0,0.51,97.0,1455,51.7,24,99.0,5.41,99.0,0.1,2884.94776,31596855.0,6.4,10.3,0
1754,72.3,116.0,0.62,98.0,834,52.7,23,99.0,5.67,99.0,0.1,2861.5545,31989897.0,6.4,10.5,0
1753,72.8,11.0,0.56,98.0,633,53.6,23,99.0,5.86,99.0,0.1,2834.2472,3249639.0,6.3,10.7,0
1752,73.3,14.0,0.54,98.0,982,54.6,22,98.0,5.99,99.0,0.1,339.91616,32858823.0,6.3,11.2,0
1751,73.6,99.0,0.55,99.0,668,55.5,22,99.0,6.15,99.0,0.1,294.746728,33333789.0,6.3,11.6,0
1750,73.9,97.0,0.45,99.0,92,56.5,21,99.0,5.94,99.0,0.1,3111.762887,33824769.0,6.4,12.1,0
1749,74.1,96.0,0.43,99.0,10,57.5,21,99.0,5.91,99.0,0.1,3154.513484,3431882.0,6.4,12.1,0
1748,74.3,95.0,0.43,99.0,17,58.5,20,99.0,5.91,99.0,0.1,2847.285569,3483322.0,6.4,12.1,0
1779,49.0,43.0,1.14,91.0,7375,16.5,136,69.0,6.16,9.0,8.6,277.6486591,1867687.0,4.2,5.4,0
1778,49.5,48.0,2.09,25.0,7085,16.9,132,72.0,5.64,73.0,8.6,256.4414872,18588758.0,4.1,5.8,0
1777,49.8,399.0,2.16,76.0,7155,17.3,127,76.0,6.45,76.0,8.6,262.884551,19139658.0,4.0,6.2,0
1776,51.0,399.0,1.68,76.0,10000,17.7,124,67.0,6.39,85.0,8.6,283.8911588,19716598.0,4.0,6.7,0
1775,54.0,399.0,1.54,76.0,9396,18.1,120,69.0,5.91,83.0,8.6,336.3318145,231275.0,3.9,7.0,0
1774,58.0,399.0,1.23,75.0,10000,18.5,117,71.0,6.87,9.0,8.6,369.1545359,29237.0,3.9,7.3,0
1773,51.2,399.0,1.2,75.0,183,18.9,113,73.0,6.51,78.0,8.6,385.7567141,21547463.0,3.8,7.9,0
1772,52.1,399.0,1.03,75.0,267,19.3,108,75.0,5.25,75.0,8.6,422.1461573,22188387.0,3.8,8.2,0
1771,53.2,45.0,1.48,75.0,4,19.7,104,74.0,4.91,75.0,8.6,53.127719,22846758.0,3.7,8.8,0
1767,54.8,48.0,1.19,76.0,145,21.3,90,73.0,5.58,76.0,6.9,566.513873,2567666.0,3.6,9.2,0
1766,55.3,46.0,1.16,78.0,8,21.8,87,78.0,5.9,78.0,5.1,65.985681,26434372.0,3.6,9.1,0
1765,56.7,375.0,0.01,79.0,9,22.2,84,79.0,6.98,79.0,4.1,623.2871141,27212382.0,3.6,9.1,0
1764,57.6,355.0,0.01,9.0,79,22.6,81,9.0,6.98,9.0,3.9,528.3125597,281691.0,3.6,9.1,0
1795,62.1,243.0,0.35,91.0,845,13.6,100,88.0,1.84,82.0,0.4,193.187484,4695462.0,13.3,7.5,0
1794,62.5,239.0,0.38,91.0,2519,14.1,98,77.0,1.8,73.0,0.4,138.9249275,46627994.0,13.3,7.6,0
1793,62.8,235.0,0.41,91.0,736,14.6,96,84.0,2.5,79.0,0.4,143.77651,471422.0,13.3,7.6,0
1792,63.2,231.0,0.4,9.0,830,15.2,93,86.0,1.97,78.0,0.5,219.782326,47624894.0,13.3,7.7,0
1791,63.5,228.0,0.44,39.0,1329,15.7,90,92.0,1.97,82.0,0.5,219.8156688,487377.0,13.3,7.8,0
1790,63.9,224.0,0.28,62.0,314,16.4,87,86.0,1.83,73.0,0.5,247.24276,48482614.0,13.2,7.9,0
1789,64.2,22.0,0.28,75.0,760,17.0,83,82.0,1.78,82.0,0.6,296.97284,48846474.0,13.2,8.0,0
1788,64.5,217.0,0.26,85.0,1088,17.6,78,84.0,1.68,86.0,0.6,41.451,49171586.0,13.2,8.1,0
1787,59.2,296.0,0.3,85.0,333,18.3,96,85.0,1.87,85.0,0.6,643.951373,49479752.0,13.2,8.2,0
1786,65.2,211.0,0.28,91.0,329,19.1,69,9.0,2.5,9.0,0.6,741.777116,49869.0,13.1,8.5,0
1785,65.4,29.0,0.3,92.0,190,19.8,65,9.0,1.92,9.0,0.5,987.7365832,5155896.0,13.1,8.8,0
1783,65.9,25.0,0.55,58.0,2175,21.3,58,87.0,2.22,84.0,0.5,1171.58257,5986514.0,13.0,9.1,0
1782,66.2,22.0,0.7,75.0,1010,22.1,55,76.0,2.16,75.0,0.4,1168.83947,51448196.0,12.9,9.1,0
1781,66.4,21.0,0.01,88.0,122,22.9,52,88.0,2.28,88.0,0.3,1262.893782,51924182.0,12.9,9.1,0
1780,66.6,199.0,0.01,89.0,6,23.8,50,89.0,2.28,89.0,0.3,1194.59137,5243669.0,12.8,9.1,0
1811,57.4,41.0,5.73,91.0,469,24.5,4,9.0,6.11,79.0,8.6,257.99557,1899257.0,15.7,11.5,0
1810,56.5,399.0,5.09,91.0,416,25.1,4,79.0,6.18,78.0,8.6,1834.29486,1933596.0,15.2,11.7,0
1809,55.7,399.0,5.09,91.0,1278,25.8,4,78.0,6.17,77.0,8.6,1713.47594,1962147.0,14.7,11.8,0
1808,55.0,399.0,5.28,91.0,262,26.5,4,82.0,6.52,79.0,8.6,2482.36862,1986535.0,14.2,11.7,0
1807,54.7,399.0,4.8,91.0,4,27.2,4,81.0,6.47,81.0,8.6,3288.257373,29228.0,13.7,11.7,0
1806,55.1,399.0,4.89,91.0,4,27.9,4,86.0,7.32,86.0,8.6,3573.146387,232196.0,13.1,11.6,0
1805,57.0,399.0,4.94,91.0,3,28.7,4,74.0,7.2,86.0,8.6,3881.29535,255734.0,12.6,11.4,0
1804,60.0,356.0,5.12,91.0,21,29.4,4,81.0,6.99,86.0,8.6,422.51968,279915.0,12.0,11.3,0
1802,62.4,36.0,7.99,91.0,4076,31.0,4,83.0,8.5,83.0,8.6,4153.497885,21374.0,1.9,11.4,0
1801,63.0,299.0,7.58,83.0,3138,31.8,4,83.0,7.89,83.0,6.2,5191.58381,217317.0,1.4,11.4,0
1800,64.3,268.0,7.84,82.0,79,32.5,4,85.0,8.78,82.0,4.7,56.971392,2215621.0,9.9,11.5,0
1799,65.8,232.0,0.01,84.0,86,33.3,4,84.0,8.24,84.0,3.7,5749.44752,2263934.0,9.5,11.5,0
1798,66.1,232.0,0.01,89.0,1028,34.1,3,89.0,8.53,89.0,2.5,5488.131712,231652.0,9.0,11.6,0
1797,65.9,242.0,0.01,88.0,477,34.9,3,88.0,8.93,88.0,2.2,5421.343953,237992.0,8.6,11.7,0
1796,65.8,248.0,0.01,92.0,212,35.7,3,92.0,8.93,92.0,2.1,4737.66996,2425561.0,8.2,11.7,0
1828,62.5,238.0,0.08,91.0,9397,11.4,62,74.0,5.43,74.0,0.1,231.42554,2374911.0,18.5,8.9,0
1827,63.2,23.0,0.09,91.0,10000,11.9,58,73.0,5.36,72.0,0.1,248.6183539,24161777.0,18.3,9.0,0
1826,63.1,238.0,0.19,91.0,6749,12.4,54,72.0,5.6,72.0,0.1,246.375621,24566342.0,18.2,8.6,0
1825,64.3,22.0,0.2,9.0,10000,12.9,50,76.0,5.48,78.0,0.1,253.72412,2495623.0,18.0,9.2,0
1824,64.7,218.0,0.21,27.0,10000,13.4,47,9.0,5.82,9.0,0.2,287.4156,2539449.0,17.8,9.3,0
1823,65.4,28.0,0.2,41.0,5023,13.9,44,78.0,5.72,75.0,0.2,317.89198,2564287.0,17.6,9.4,0
1822,66.0,21.0,0.2,69.0,2838,14.4,41,91.0,5.7,89.0,0.2,348.6314534,2594618.0,17.4,9.6,0
1821,66.6,194.0,0.2,82.0,1415,14.9,38,82.0,5.84,82.0,0.2,393.8843518,26214847.0,17.2,10.0,0
1820,67.0,189.0,0.21,82.0,2089,15.4,35,82.0,6.44,82.0,0.2,473.844449,26475859.0,17.0,10.1,0
1819,67.5,183.0,0.22,89.0,189,15.9,32,93.0,6.41,89.0,0.2,48.7299,2674113.0,16.9,10.5,0
1818,68.0,178.0,0.24,82.0,190,16.4,30,83.0,6.43,82.0,0.2,592.1835216,2723137.0,16.7,11.1,0
1817,68.4,172.0,0.27,92.0,2359,16.9,27,92.0,6.73,92.0,0.2,692.1166842,27327147.0,16.5,12.0,0
1816,68.9,167.0,0.26,9.0,3362,17.4,25,9.0,5.89,9.0,0.2,681.7925868,27649925.0,16.3,12.3,0
1815,69.3,162.0,0.27,92.0,1861,18.0,24,92.0,5.69,92.0,0.1,688.6172788,2798531.0,16.1,12.3,0
1814,69.6,158.0,0.01,92.0,1279,18.5,22,92.0,5.8,92.0,0.1,76.2386977,28323241.0,15.9,12.4,0
1813,69.2,165.0,0.01,91.0,1599,19.1,21,9.0,5.8,91.0,0.1,743.7653489,28656282.0,15.7,12.2,0
1844,78.1,84.0,10.06,95.0,1019,51.8,1,97.0,7.42,97.0,0.1,25921.12794,15925513.0,1.1,16.5,1
1843,78.3,82.0,9.95,95.0,0,52.6,1,97.0,7.79,97.0,0.1,26584.12169,164618.0,1.1,16.7,1
1842,78.4,81.0,9.68,95.0,3,53.4,1,97.0,8.34,97.0,0.1,28817.32321,16148929.0,1.1,16.9,1
1841,78.7,8.0,9.56,95.0,4,54.2,1,98.0,8.46,98.0,0.1,35245.1647,1622532.0,1.1,16.5,1
1840,79.2,77.0,9.56,95.0,11,55.0,1,98.0,8.52,98.0,0.1,39954.64222,16281779.0,1.0,16.5,1
1839,79.4,72.0,9.69,95.0,4,55.8,1,96.0,9.6,96.0,0.1,41577.169,16319868.0,1.0,16.4,1
1838,79.8,71.0,9.79,95.0,1,56.5,1,96.0,9.36,96.0,0.1,44453.97119,1634611.0,1.0,16.5,1
1837,82.0,68.0,9.53,95.0,10,57.3,1,97.0,9.36,97.0,0.1,51241.31562,16381696.0,1.0,16.6,1
1836,83.0,68.0,9.62,95.0,109,57.9,1,97.0,9.57,97.0,0.1,56928.8248,16445593.0,1.0,16.8,1
1835,86.0,65.0,9.23,95.0,15,58.6,1,97.0,1.29,97.0,0.1,519.349,1653388.0,1.0,16.9,1
1834,88.0,64.0,9.33,95.0,15,59.3,1,97.0,1.48,97.0,0.1,5338.25483,16615394.0,1.0,17.0,1
1833,81.1,63.0,8.96,9.0,51,59.9,1,97.0,1.53,97.0,0.1,5354.6536,1669374.0,1.0,17.2,1
1832,81.1,62.0,9.05,9.0,10,6.5,1,97.0,11.1,97.0,0.1,49474.7561,16754962.0,1.0,18.1,1
1831,81.4,6.0,8.68,51.0,2632,61.0,1,97.0,11.4,97.0,0.1,51574.48942,1684432.0,1.0,18.1,1
1830,81.7,58.0,0.01,92.0,140,61.6,1,96.0,1.9,96.0,0.1,52157.4687,168658.0,1.0,18.1,1
1829,81.9,57.0,0.01,94.0,7,62.1,1,95.0,1.9,95.0,0.1,44292.88473,16939923.0,1.0,18.1,1
1860,78.6,87.0,8.91,9.0,65,58.9,0,82.0,7.47,9.0,0.1,13641.1272,1167660.0,0.3,17.2,1
1859,78.5,83.0,8.75,9.0,65,59.6,0,82.0,7.58,9.0,0.1,13882.85683,1167660.0,0.3,17.4,1
1858,78.7,83.0,9.13,89.0,21,6.3,0,84.0,7.89,9.0,0.1,16874.31232,1167660.0,0.3,17.5,1
1857,79.1,82.0,8.91,89.0,66,6.9,0,86.0,7.71,9.0,0.1,21913.7817,1167660.0,0.3,18.2,1
1856,79.2,79.0,9.15,88.0,33,61.5,0,87.0,7.89,89.0,0.1,2542.39935,1167660.0,0.3,18.4,1
1855,79.9,78.0,9.31,87.0,20,62.1,0,89.0,8.25,89.0,0.1,2775.89515,1167660.0,0.3,18.9,1
1854,79.9,76.0,9.34,87.0,20,62.6,0,89.0,8.65,89.0,0.1,2667.86452,1167660.0,0.3,19.1,1
1853,81.0,76.0,9.19,88.0,25,63.2,0,88.0,8.35,88.0,0.1,3259.73471,1167660.0,0.3,19.2,1
1852,81.0,75.0,9.49,9.0,0,63.8,0,89.0,1.7,89.0,0.1,31287.77865,1167660.0,0.3,19.5,1
1851,85.0,73.0,9.24,93.0,198,64.3,0,92.0,11.21,92.0,0.1,282.94193,1167660.0,0.3,19.3,1
1850,89.0,71.0,9.62,9.0,43,64.8,0,93.0,11.2,93.0,0.1,33691.34837,1167660.0,0.3,20.3,1
1849,86.0,72.0,9.47,95.0,597,65.3,0,95.0,11.24,95.0,0.1,38426.5581,1167660.0,0.3,19.7,1
1848,81.1,7.0,9.2,93.0,68,65.9,0,93.0,11.53,93.0,0.1,3997.25624,1167660.0,0.3,19.5,1
1847,81.3,69.0,9.18,93.0,8,66.4,0,92.0,11.17,92.0,0.1,42889.88141,1167660.0,0.3,19.3,1
1846,81.5,67.0,9.07,93.0,280,66.9,0,93.0,11.3,93.0,0.1,4453.24673,1167660.0,0.4,19.2,1
1845,81.6,66.0,8.7,92.0,10,67.5,0,92.0,11.3,92.0,0.1,3821.8937,1167660.0,0.4,19.2,1
1876,73.0,192.0,3.61,83.0,0,42.8,5,85.0,5.39,83.0,0.4,116.2743,526796.0,2.2,10.1,0
1875,73.0,193.0,3.51,87.0,0,43.5,5,89.0,5.26,87.0,0.4,143.6758,5175.0,2.2,10.4,0
1874,75.0,197.0,3.5,85.0,0,44.2,5,85.0,5.71,85.0,0.4,11.147277,5171734.0,2.2,10.7,0
1873,76.0,198.0,3.77,86.0,0,44.9,5,86.0,6.12,86.0,0.3,115.565314,524879.0,2.1,11.0,0
1872,71.0,194.0,3.81,79.0,0,45.7,4,9.0,6.13,79.0,0.3,191.55157,53973.0,2.1,11.0,0
1871,71.2,194.0,3.7,86.0,0,46.4,4,87.0,6.11,86.0,0.3,1175.116225,5379328.0,2.0,11.0,0
1870,73.0,17.0,3.69,88.0,0,47.1,4,88.0,6.33,88.0,0.3,124.992617,545211.0,2.0,11.0,0
1869,72.5,173.0,3.83,93.0,0,47.9,4,93.0,6.91,93.0,0.2,1344.31871,552216.0,2.0,11.0,0
1868,72.5,169.0,3.64,97.0,0,48.6,3,97.0,6.98,97.0,0.2,1518.85386,559456.0,1.9,11.1,0
1867,73.2,163.0,3.36,98.0,0,49.4,3,99.0,6.82,98.0,0.2,1464.497754,5666581.0,1.9,11.3,0
1866,73.2,154.0,3.38,98.0,0,5.2,3,99.0,6.58,98.0,0.1,1526.497938,5737723.0,1.9,11.4,0
1865,74.5,147.0,3.39,98.0,0,5.9,3,99.0,6.39,98.0,0.1,1682.957924,58782.0,1.8,11.5,0
1864,73.9,157.0,3.63,98.0,0,51.7,3,99.0,8.4,98.0,0.1,1792.3845,587718.0,1.8,11.5,0
1863,73.9,157.0,3.58,98.0,0,52.4,3,99.0,8.43,98.0,0.1,1847.19849,5945747.0,1.8,11.5,0
1862,74.5,148.0,3.55,98.0,0,53.2,3,99.0,9.4,98.0,0.1,1975.46477,613997.0,1.8,11.6,0
1861,74.8,145.0,3.55,98.0,0,54.0,2,99.0,9.4,98.0,0.1,295.966488,68235.0,1.8,11.7,0
1892,50.0,284.0,0.1,91.0,10000,13.6,128,41.0,6.1,34.0,1.5,158.455972,11352973.0,12.8,2.8,0
1891,56.0,283.0,0.11,91.0,10000,13.9,127,42.0,7.1,36.0,1.6,165.257247,11771976.0,12.7,2.9,0
1890,51.4,282.0,0.1,91.0,10000,14.3,124,43.0,6.55,39.0,1.6,177.828384,12262.0,12.5,2.9,0
1889,52.1,28.0,0.1,91.0,10000,14.6,121,44.0,6.23,41.0,1.6,215.8548,1265687.0,12.3,3.0,0
1888,52.9,279.0,0.11,91.0,10000,15.0,118,45.0,6.61,43.0,1.6,232.5661574,1312712.0,12.1,3.1,0
1887,53.7,278.0,0.11,91.0,2183,15.4,114,46.0,7.15,45.0,1.6,25.383731,13618449.0,11.9,3.5,0
1886,54.5,277.0,0.11,91.0,59,15.7,110,52.0,7.39,51.0,1.5,258.463873,1413264.0,11.6,3.7,0
1885,55.2,276.0,0.1,91.0,282,16.1,106,57.0,6.94,57.0,1.4,292.55962,14668338.0,11.4,3.8,0
1884,56.0,272.0,0.12,91.0,1317,16.5,102,68.0,6.76,67.0,1.3,354.8185998,15228525.0,11.2,4.0,0
1883,57.1,263.0,0.11,71.0,801,16.9,99,71.0,6.98,71.0,1.1,341.2894618,15813913.0,11.0,4.2,0
1882,58.2,252.0,0.12,9.0,372,17.3,95,75.0,6.36,9.0,0.9,348.151511,16425578.0,1.7,4.5,0
1881,59.4,241.0,0.15,75.0,771,17.7,93,9.0,6.66,75.0,0.7,375.5819866,1764636.0,1.5,4.8,0
1880,63.0,232.0,0.01,71.0,272,18.1,90,71.0,6.11,71.0,0.7,391.515524,17731634.0,1.3,5.1,0
1879,69.0,227.0,0.01,67.0,1224,18.5,89,56.0,5.9,67.0,0.6,416.14838,18426372.0,1.0,5.3,0
1878,61.4,223.0,0.01,68.0,1142,18.9,88,67.0,5.82,68.0,0.5,43.646498,19148219.0,9.8,5.3,0
1877,61.8,22.0,0.01,65.0,7693,19.3,87,65.0,5.82,65.0,0.4,358.99731,19896965.0,9.6,5.4,0
1908,47.1,45.0,9.23,91.0,10000,16.9,943,31.0,2.84,29.0,4.9,379.1193264,1223529.0,14.3,7.6,0
1907,47.4,48.0,9.58,91.0,10000,17.3,936,36.0,3.25,27.0,5.1,351.7996666,125463434.0,14.1,8.0,0
1906,47.7,49.0,9.61,91.0,10000,17.8,928,9.0,2.43,25.0,5.3,459.4572117,12866671.0,13.8,7.7,0
1905,48.1,41.0,9.75,91.0,10000,18.3,918,42.0,4.5,29.0,5.4,512.65719,131972533.0,13.5,8.1,0
1904,48.5,47.0,9.76,91.0,10000,18.8,907,43.0,4.33,33.0,5.4,648.815852,135393616.0,13.2,8.5,0
1903,49.2,4.0,9.71,18.0,10000,19.3,893,45.0,4.11,36.0,5.4,87.8938738,138939478.0,12.9,8.9,0
1902,49.8,396.0,9.66,27.0,704,19.9,879,46.0,3.66,9.0,5.3,119.743286,14261494.0,12.6,9.0,0
1900,59.0,386.0,9.3,41.0,9960,21.0,848,9.0,4.0,53.0,5.0,1383.893354,1534739.0,12.0,9.2,0
1899,51.6,376.0,9.05,63.0,1272,21.6,832,66.0,4.24,63.0,4.9,197.661422,15442181.0,11.7,9.3,0
1898,52.0,374.0,8.9,49.0,8491,22.2,817,54.0,3.47,54.0,4.8,2327.3267,158578261.0,11.3,9.5,0
1897,52.3,375.0,8.75,46.0,10000,22.8,802,48.0,3.69,48.0,4.7,2527.9423,16287776.0,11.0,9.6,0
1896,52.7,374.0,8.54,42.0,6447,23.5,788,42.0,3.3,42.0,4.4,2755.297787,167297284.0,1.7,9.7,0
1895,53.2,367.0,8.3,46.0,10000,24.1,773,46.0,3.7,46.0,3.9,2996.96432,17182933.0,1.4,9.8,0
1894,53.6,362.0,0.01,49.0,6855,24.7,759,49.0,3.67,49.0,3.9,3221.678128,1764652.0,1.1,10.0,0
1893,54.5,344.0,0.01,49.0,10000,25.4,747,49.0,3.67,49.0,3.7,2655.157977,181181744.0,9.8,10.0,0
1925,78.5,85.0,5.67,95.0,0,53.3,0,91.0,8.27,9.0,0.1,38146.71539,449967.0,0.8,17.1,1
1924,78.8,82.0,5.49,95.0,4,54.0,0,91.0,8.65,91.0,0.1,38549.58934,4513751.0,0.8,17.5,1
1923,78.9,81.0,5.89,95.0,5,54.6,0,93.0,9.62,93.0,0.1,4361.1538,4538159.0,0.8,17.1,1
1922,79.4,78.0,6.04,95.0,8,55.3,0,92.0,9.85,92.0,0.1,5111.65445,4564855.0,0.8,17.1,1
1921,79.8,77.0,6.22,95.0,7,55.9,0,92.0,9.44,92.0,0.1,5757.26916,459191.0,0.8,17.5,1
1920,81.0,73.0,6.37,95.0,0,56.5,0,91.0,8.89,91.0,0.1,66775.3944,4623291.0,0.8,17.6,1
1919,84.0,7.0,6.47,95.0,0,57.0,0,94.0,8.43,94.0,0.1,74114.69715,466677.0,0.8,17.5,1
1918,85.0,67.0,6.6,95.0,0,57.5,0,93.0,8.58,93.0,0.1,85128.65759,479153.0,0.7,17.6,1
1917,86.0,67.0,6.75,95.0,4,58.0,0,94.0,8.4,94.0,0.1,9688.5961,4768212.0,0.7,17.6,1
1916,89.0,67.0,6.68,95.0,2,58.5,0,94.0,9.49,94.0,0.1,817.77681,4828726.0,0.7,17.4,1
1915,81.0,66.0,6.59,95.0,3,58.9,0,93.0,9.26,93.0,0.1,87646.75346,4889252.0,0.7,17.4,1
1914,81.1,67.0,6.53,95.0,39,59.4,0,94.0,9.14,94.0,0.1,1574.9861,495388.0,0.7,17.6,1
1913,81.3,61.0,6.21,95.0,4,59.8,0,95.0,9.16,95.0,0.1,11563.727,518573.0,0.7,17.6,1
1912,81.5,62.0,6.21,95.0,8,6.3,0,94.0,9.39,94.0,0.1,1291.435,579623.0,0.8,17.5,1
1911,81.6,61.0,6.06,95.0,3,6.8,0,93.0,9.72,93.0,0.1,975.49856,5137232.0,0.8,17.7,1
1910,81.8,59.0,5.97,95.0,14,61.2,0,95.0,9.72,95.0,0.1,7455.24654,518867.0,0.8,17.7,1
1941,72.6,138.0,0.38,99.0,15,45.9,1,99.0,3.7,99.0,0.1,861.18596,1396923.0,7.2,10.4,0
1940,72.9,134.0,0.55,99.0,15,46.5,1,99.0,3.8,99.0,0.1,8476.61511,1396923.0,7.1,10.7,0
1939,73.3,13.0,0.54,99.0,5,47.3,1,99.0,3.18,99.0,0.1,8629.11774,1396923.0,7.1,11.0,0
1938,73.6,127.0,0.56,99.0,1,48.1,1,99.0,3.17,99.0,0.1,969.8126,1396923.0,7.1,11.2,0
1937,74.0,122.0,0.61,99.0,18,48.9,1,99.0,2.98,99.0,0.1,1129.28886,1396923.0,7.1,11.5,0
1936,74.3,118.0,0.63,99.0,25,49.5,1,99.0,2.59,99.0,0.1,12376.97936,1396923.0,7.0,11.5,0
1935,74.7,115.0,0.58,99.0,13,5.1,1,98.0,2.31,98.0,0.1,1448.55,1396923.0,7.0,11.6,0
1934,74.9,113.0,0.57,99.0,24,5.6,1,97.0,2.43,99.0,0.1,1585.13226,1396923.0,7.0,11.5,0
1933,75.2,19.0,0.57,99.0,18,51.1,1,97.0,2.1,99.0,0.1,2275.3536,1396923.0,6.9,11.9,0
1932,75.4,18.0,0.56,98.0,19,51.5,1,96.0,2.83,98.0,0.1,16784.34616,1396923.0,6.9,12.4,0
1931,75.6,16.0,0.56,99.0,3,51.8,1,99.0,2.74,99.0,0.1,1928.74739,1396923.0,6.9,13.5,0
1930,75.8,15.0,0.54,99.0,5,52.0,1,99.0,2.49,99.0,0.1,2986.36,1396923.0,6.9,13.6,0
1929,76.0,14.0,0.51,98.0,13,52.3,1,99.0,2.52,98.0,0.1,22134.916,1396923.0,7.0,13.7,0
1928,76.2,12.0,0.46,98.0,0,52.8,1,99.0,2.76,98.0,0.1,21268.7564,1396923.0,7.0,13.7,0
1927,76.4,11.0,0.4,99.0,0,53.5,1,99.0,3.55,99.0,0.1,2458.45226,1396923.0,7.1,13.7,0
1926,76.6,99.0,0.4,99.0,0,54.6,1,99.0,3.55,99.0,0.1,16627.36433,1396923.0,7.1,13.7,0
1957,62.8,19.0,0.02,91.0,2064,16.4,495,65.0,2.79,62.0,0.1,533.8624114,138523285.0,22.2,5.3,0
1956,63.0,189.0,0.01,91.0,3849,16.9,483,68.0,2.61,65.0,0.1,51.6568157,14161437.0,22.0,5.4,0
1955,63.2,187.0,0.01,91.0,3903,17.4,474,71.0,2.76,68.0,0.1,499.8633,144654143.0,21.8,5.5,0
1954,63.5,185.0,0.01,63.0,4740,17.9,466,69.0,2.61,67.0,0.1,563.594342,1477341.0,21.6,5.6,0
1953,63.7,183.0,0.01,65.0,4248,18.4,461,65.0,2.56,65.0,0.1,649.848233,15783.0,21.4,5.6,0
1952,62.9,2.0,0.04,9.0,2981,18.9,459,78.0,2.91,77.0,0.1,711.4699463,15399667.0,21.2,6.1,0
1951,64.2,179.0,0.03,78.0,7641,19.5,458,77.0,3.4,78.0,0.1,873.772727,15793993.0,21.0,6.5,0
1948,64.8,175.0,0.03,78.0,863,21.3,460,9.0,2.94,71.0,0.1,16.63999,1674958.0,2.5,7.3,0
1947,65.1,172.0,0.04,82.0,4321,21.9,461,82.0,3.2,82.0,0.1,14.142268,1756182.0,2.2,7.5,0
1946,65.5,167.0,0.04,74.0,4386,22.5,459,75.0,3.1,74.0,0.1,1226.215314,174184265.0,2.0,7.5,0
1945,65.7,165.0,0.04,72.0,8046,23.2,456,72.0,2.76,72.0,0.1,1261.28967,177911533.0,19.8,7.6,0
1944,66.0,163.0,0.04,72.0,8749,23.9,450,72.0,2.7,72.0,0.1,1272.44161,181712595.0,19.6,7.7,0
1943,66.2,162.0,0.01,72.0,1370,24.7,442,72.0,2.61,72.0,0.1,1316.98966,185546257.0,19.4,7.8,0
1942,66.4,161.0,0.01,72.0,386,25.4,433,72.0,2.61,72.0,0.1,1431.244865,18938513.0,19.2,8.1,0
1974,75.7,121.0,5.58,91.0,0,45.9,2,99.0,7.76,98.0,0.2,46.29935,33347.0,2.4,12.1,0
1973,75.5,124.0,5.43,98.0,0,46.9,2,95.0,7.72,99.0,0.1,446.372833,389684.0,2.3,12.4,0
1972,75.7,125.0,5.52,98.0,0,47.8,2,99.0,8.3,99.0,0.2,4126.14671,3149265.0,2.3,12.6,0
1971,75.5,126.0,5.52,98.0,0,48.6,2,95.0,7.6,98.0,0.1,4267.13578,329174.0,2.2,12.8,0
1970,75.8,123.0,5.69,95.0,0,49.5,2,92.0,8.9,95.0,0.2,4591.892776,3269541.0,2.2,12.8,0
1969,75.8,122.0,5.53,92.0,0,5.3,2,88.0,7.48,92.0,0.1,4916.54886,333465.0,2.1,12.9,0
1968,76.2,125.0,5.72,88.0,0,51.1,2,98.0,7.0,88.0,0.1,5348.518399,339195.0,2.1,12.9,0
1967,76.4,124.0,6.16,85.0,0,51.9,2,84.0,6.31,85.0,0.2,668.8667,345387.0,2.1,12.9,0
1966,76.5,127.0,6.74,86.0,0,52.7,2,86.0,6.75,86.0,0.1,6973.9284,3516268.0,2.0,12.8,0
1965,76.8,127.0,6.87,85.0,0,53.4,2,85.0,7.56,85.0,0.1,7429.628274,3579385.0,2.0,12.8,0
1964,76.5,122.0,6.94,94.0,0,54.2,2,95.0,8.5,94.0,0.1,7937.259931,3643222.0,2.0,12.8,0
1963,77.3,121.0,6.9,87.0,4,54.9,1,91.0,7.5,87.0,0.1,927.723171,377782.0,2.0,12.9,0
1962,77.2,12.0,6.95,85.0,0,55.6,1,87.0,7.25,85.0,0.1,1589.82713,3772938.0,1.9,12.8,0
1961,77.5,118.0,6.89,9.0,0,56.3,1,81.0,8.9,9.0,0.1,11685.97983,3838462.0,1.9,12.9,0
1960,77.6,119.0,6.74,9.0,0,57.1,1,9.0,8.3,9.0,0.1,12593.7374,393986.0,1.9,13.0,0
1959,77.8,118.0,6.74,73.0,0,57.8,1,72.0,8.3,73.0,0.1,13134.4367,3969249.0,1.9,13.0,0
1990,58.9,335.0,0.73,57.0,7135,37.5,14,51.0,3.98,59.0,1.1,631.9468526,5572222.0,1.6,6.2,0
1989,59.1,331.0,0.68,59.0,4023,38.2,14,52.0,6.68,55.0,1.3,539.41528,5716152.0,1.5,6.6,0
1988,59.3,327.0,0.61,9.0,10000,38.9,14,54.0,7.69,61.0,1.4,511.665773,5862316.0,1.5,6.9,0
1987,59.6,321.0,0.59,67.0,3863,39.6,14,62.0,6.79,68.0,1.4,588.3582595,61724.0,1.5,7.2,0
1985,64.0,37.0,0.84,63.0,1222,41.1,15,61.0,6.42,72.0,1.5,77.5773486,631479.0,1.4,7.9,0
1984,68.0,299.0,0.64,71.0,1,41.9,14,67.0,5.92,72.0,1.5,854.346921,647272.0,1.4,8.2,0
1983,61.1,295.0,0.71,61.0,0,42.7,14,72.0,4.4,71.0,1.4,956.668952,6627922.0,1.4,8.6,0
1982,61.4,29.0,0.81,59.0,0,43.4,14,76.0,4.6,63.0,1.3,1178.72469,6787187.0,1.4,8.9,0
1981,61.6,288.0,0.82,66.0,0,44.2,14,79.0,4.36,73.0,1.1,1166.66337,6947447.0,1.4,9.2,0
1980,61.8,286.0,0.79,56.0,0,44.9,14,72.0,4.18,67.0,1.1,1366.879112,718239.0,1.4,9.6,0
1979,62.0,285.0,0.88,66.0,0,45.7,13,69.0,4.94,72.0,1.0,177.867119,7269348.0,1.3,9.9,0
1978,62.2,284.0,0.01,68.0,0,46.4,13,81.0,4.55,74.0,1.0,271.318741,743836.0,1.3,9.9,0
1977,62.4,281.0,0.01,73.0,12,47.2,13,9.0,4.78,79.0,0.8,229.95364,7592865.0,1.3,10.0,0
1976,62.7,278.0,0.01,67.0,2299,47.9,13,64.0,4.26,73.0,0.7,2182.716565,7755785.0,1.3,10.0,0
1975,62.9,275.0,0.01,67.0,38,48.6,12,74.0,4.26,73.0,0.6,2182.716565,7919825.0,1.3,10.0,0
2006,79.0,172.0,6.78,91.0,0,39.1,5,86.0,8.1,86.0,0.1,1545.626423,5327.0,2.5,11.6,0
2005,71.2,17.0,6.66,91.0,0,39.8,5,9.0,7.61,89.0,0.1,1417.26582,546624.0,2.5,11.8,0
2003,71.7,166.0,6.64,86.0,0,41.3,4,86.0,5.99,86.0,0.1,1174.779347,56795.0,2.4,12.7,0
2002,71.9,165.0,6.2,9.0,0,42.0,4,92.0,5.78,92.0,0.2,148.527976,57374.0,2.3,12.1,0
2001,72.1,163.0,6.38,92.0,0,42.8,4,96.0,6.7,96.0,0.2,157.145691,5795494.0,2.3,12.3,0
2000,72.3,161.0,5.61,92.0,0,43.5,4,98.0,6.43,98.0,0.2,189.71539,5882796.0,2.2,12.1,0
1999,72.5,159.0,5.61,86.0,0,44.2,4,95.0,6.41,95.0,0.1,2312.192926,5966159.0,2.2,12.0,0
1998,72.7,157.0,6.14,87.0,0,44.9,4,85.0,7.6,89.0,0.1,359.992184,647117.0,2.1,11.9,0
1997,73.0,155.0,5.39,85.0,0,45.6,3,81.0,9.14,85.0,0.1,2599.596259,6127837.0,2.1,12.1,0
1996,73.2,152.0,5.65,89.0,0,46.4,3,85.0,9.1,89.0,0.1,3225.591754,629877.0,2.1,12.4,0
1995,73.4,15.0,5.79,89.0,0,47.1,3,84.0,9.42,89.0,0.1,3988.11894,6293783.0,2.1,12.3,0
1994,73.6,148.0,5.36,87.0,0,47.9,3,83.0,1.33,87.0,0.1,3855.537735,6379219.0,2.0,12.3,0
1993,73.8,148.0,5.03,86.0,0,48.6,3,9.0,1.49,86.0,0.2,4479.95858,646574.0,2.0,12.3,0
1992,73.9,147.0,0.01,87.0,0,49.4,3,83.0,9.81,87.0,0.2,4712.822736,6552584.0,2.0,12.3,0
1991,74.0,146.0,0.01,93.0,0,5.2,3,89.0,9.81,93.0,0.2,419.367724,6639119.0,2.0,12.3,0
2022,71.4,154.0,4.59,91.0,1,45.4,24,93.0,4.83,98.0,0.5,1996.719689,25914879.0,1.4,13.5,0
2021,72.4,142.0,4.22,91.0,0,46.1,22,9.0,4.98,9.0,0.5,1981.243653,26261363.0,1.4,13.4,0
2020,72.6,144.0,4.03,91.0,0,46.7,20,95.0,4.94,95.0,0.4,259.192958,2661467.0,1.4,13.9,0
2019,72.1,152.0,4.5,65.0,0,47.4,19,95.0,4.6,94.0,0.4,218.25997,26937738.0,1.3,13.3,0
2018,72.2,151.0,4.27,92.0,0,48.1,18,81.0,4.56,86.0,0.4,2448.143899,27273194.0,1.3,12.8,0
2017,72.8,148.0,4.44,94.0,0,48.8,16,66.0,4.72,77.0,0.4,2754.7829,276141.0,1.3,13.0,0
2016,74.2,134.0,4.22,94.0,0,49.5,15,94.0,4.47,94.0,0.4,3171.49856,27949944.0,1.2,13.0,0
2015,74.0,133.0,4.29,93.0,0,5.2,15,93.0,4.6,93.0,0.3,3611.2147,28292724.0,1.2,13.2,0
2014,73.9,138.0,4.85,93.0,1,5.8,14,93.0,4.73,93.0,0.3,428.87811,2864198.0,1.2,13.2,0
2013,73.8,14.0,4.69,93.0,0,51.5,13,92.0,5.36,93.0,0.3,4166.93387,29157.0,1.2,13.3,0
2012,73.7,14.0,4.72,93.0,0,52.2,12,92.0,5.3,93.0,0.2,522.493191,29373646.0,1.1,13.3,0
2011,74.5,133.0,4.83,91.0,0,52.9,12,91.0,4.93,91.0,0.2,5771.565878,29759989.0,1.1,13.4,0
2010,74.9,129.0,5.14,95.0,0,53.6,11,94.0,5.18,95.0,0.1,6387.785281,3158966.0,1.1,13.4,0
2009,75.3,125.0,5.38,88.0,0,54.2,11,71.0,5.23,88.0,0.1,6583.116248,3565716.0,1.1,13.4,0
2008,75.3,125.0,0.01,88.0,0,54.9,10,78.0,5.47,88.0,0.1,6491.5245,3973354.0,1.1,13.4,0
2007,75.5,123.0,0.01,9.0,4,55.6,10,88.0,5.47,9.0,0.1,63.343259,31376671.0,1.1,13.4,0
2038,66.8,219.0,4.73,9.0,7120,17.8,90,74.0,3.21,78.0,0.1,138.91977,77991569.0,1.0,11.4,0
2037,66.8,221.0,4.54,45.0,7360,18.3,89,76.0,3.0,79.0,0.1,957.287441,79665315.0,1.0,11.4,0
2036,66.8,221.0,4.42,42.0,7003,18.7,89,77.0,2.79,79.0,0.1,1.68135,813526.0,1.0,11.4,0
2035,67.2,217.0,4.44,52.0,10000,19.2,87,85.0,3.25,84.0,0.1,11.553196,8331954.0,1.0,11.6,0
2034,67.3,218.0,4.45,48.0,3025,19.6,86,85.0,3.23,88.0,0.1,179.3715,84678493.0,1.0,11.6,0
2031,67.5,216.0,4.19,87.0,530,21.1,80,87.0,3.94,87.0,0.1,1672.685433,8929349.0,1.0,11.4,0
2030,67.5,217.0,4.21,88.0,341,21.6,78,91.0,4.5,91.0,0.1,1919.466195,9751864.0,1.0,11.5,0
2029,68.0,219.0,4.42,85.0,1469,22.1,76,86.0,4.41,87.0,0.1,1825.341521,9222879.0,1.0,11.7,0
2028,67.9,218.0,4.85,77.0,6368,22.6,74,78.0,4.37,79.0,0.1,2129.499242,93726624.0,1.0,11.4,0
2027,68.0,218.0,4.96,87.0,6538,23.1,72,87.0,4.29,87.0,0.1,2352.518156,9527794.0,1.0,11.5,0
2026,68.1,217.0,5.02,88.0,1536,23.7,71,88.0,4.46,88.0,0.1,2581.818554,96866642.0,1.0,11.6,0
2025,68.1,219.0,4.61,89.0,2920,24.3,69,84.0,4.56,89.0,0.1,276.289146,9848132.0,1.0,11.7,0
2024,68.4,214.0,4.52,67.0,10000,24.8,68,77.0,4.71,67.0,0.1,2842.938353,112249.0,1.0,11.7,0
2023,68.5,211.0,4.52,9.0,619,25.4,66,79.0,4.71,9.0,0.1,2878.33837,11716359.0,1.0,11.7,0
2054,73.7,153.0,8.4,99.0,77,53.1,4,98.0,5.5,98.0,0.1,4492.72764,38258629.0,2.5,14.6,1
2053,74.2,149.0,7.74,95.0,133,53.6,3,98.0,5.86,98.0,0.1,4981.198619,3824876.0,2.5,14.7,1
2052,74.5,145.0,8.02,98.0,34,54.0,3,98.0,6.32,99.0,0.1,5196.932921,3823364.0,2.5,15.0,1
2051,74.7,142.0,9.06,97.0,48,54.5,3,98.0,6.22,99.0,0.1,5693.52416,382457.0,2.4,15.3,1
2050,74.9,143.0,9.19,98.0,11,55.0,3,99.0,6.19,99.0,0.1,6681.178818,38182222.0,2.4,15.5,1
2049,75.0,144.0,9.5,98.0,13,55.5,3,99.0,6.2,99.0,0.1,821.251569,38165445.0,2.3,14.8,1
2048,75.2,144.0,10.4,98.0,120,56.0,3,99.0,6.17,99.0,0.1,94.7726,38141267.0,2.3,15.0,1
2047,75.3,144.0,10.9,98.0,40,56.6,3,99.0,6.28,99.0,0.1,1126.31852,381256.0,2.2,15.0,1
2046,75.5,14.0,11.4,98.0,0,57.2,3,96.0,6.88,99.0,0.1,141.44688,38125759.0,2.2,15.0,1
2045,75.7,136.0,10.7,98.0,115,57.8,3,96.0,7.12,99.0,0.1,11527.59323,3815163.0,2.1,15.1,1
2044,76.3,13.0,10.59,98.0,13,58.4,2,96.0,6.88,99.0,0.1,12599.52486,3842794.0,2.1,15.1,1
2043,76.7,128.0,10.93,98.0,0,59.1,2,96.0,6.7,99.0,0.1,13893.18768,3863255.0,2.0,15.4,1
2042,76.8,125.0,10.81,97.0,71,59.7,2,95.0,6.62,99.0,0.1,13145.1484,3863164.0,2.0,15.3,1
2041,77.1,12.0,11.63,96.0,84,6.4,2,95.0,6.4,99.0,0.1,1378.54911,384196.0,2.0,15.4,1
2040,77.3,12.0,10.71,96.0,0,61.1,2,94.0,6.35,98.0,0.1,14341.675,3811735.0,1.9,16.4,1
2039,77.5,117.0,10.71,96.0,0,61.7,2,92.0,6.35,98.0,0.1,12565.9876,37986412.0,1.9,16.4,1
2070,76.6,11.0,11.89,58.0,45,5.1,1,96.0,9.14,96.0,0.1,1152.39681,1289898.0,0.8,15.5,1
2069,76.9,11.0,12.22,9.0,0,5.9,1,96.0,9.1,97.0,0.1,11729.14616,1362722.0,0.8,15.7,1
2068,77.2,17.0,12.0,82.0,8,51.7,1,96.0,9.15,98.0,0.1,12882.28897,1419631.0,0.8,15.9,1
2067,77.3,15.0,14.21,94.0,8,52.5,1,96.0,9.54,99.0,0.1,15772.7334,1458821.0,0.7,15.8,1
2066,78.0,99.0,13.45,94.0,5,53.3,1,95.0,9.84,95.0,0.1,1845.5881,1483861.0,0.7,15.9,1
2065,77.7,11.0,13.33,94.0,7,54.1,1,93.0,9.98,93.0,0.1,18784.9485,15333.0,0.7,15.4,1
2064,78.5,96.0,13.11,97.0,0,54.9,0,97.0,9.67,97.0,0.1,19821.44463,1522288.0,0.7,15.4,1
2063,78.7,94.0,12.57,97.0,0,55.7,0,96.0,9.62,97.0,0.1,2278.5845,1542964.0,0.7,15.4,1
2062,79.0,92.0,12.35,97.0,1,56.5,0,97.0,9.9,97.0,0.1,24815.6884,1558177.0,0.7,15.8,1
2061,79.3,9.0,12.03,96.0,3,57.3,0,96.0,1.42,96.0,0.1,2363.97161,1568247.0,0.7,16.0,1
2060,79.6,88.0,12.25,97.0,5,58.1,0,97.0,1.44,98.0,0.1,22538.6548,15731.0,0.7,16.0,1
2059,82.0,85.0,11.92,97.0,2,58.8,0,97.0,1.7,97.0,0.1,23196.18375,155756.0,0.7,16.2,1
2058,83.0,81.0,11.96,98.0,23,59.5,0,98.0,9.74,98.0,0.1,2577.4264,1514844.0,0.7,16.3,1
2057,86.0,79.0,10.0,98.0,1,6.2,0,98.0,9.55,98.0,0.1,21618.73534,1457295.0,0.7,16.3,1
2056,89.0,78.0,9.88,98.0,0,6.9,0,98.0,9.5,98.0,0.1,2277.53613,14162.0,0.7,16.8,1
2055,81.1,76.0,9.88,98.0,8,61.6,0,98.0,9.5,98.0,0.1,1922.681,135876.0,0.7,16.6,1
2086,76.2,88.0,0.5,89.0,46,62.4,0,91.0,2.18,9.0,0.1,29986.2915,1396923.0,4.8,13.0,0
2085,76.3,87.0,0.76,93.0,23,63.3,0,93.0,2.56,93.0,0.1,2843.63635,1396923.0,4.8,12.6,0
2084,76.4,85.0,0.87,98.0,34,64.1,0,96.0,2.71,96.0,0.1,2999.65492,1396923.0,4.8,12.2,0
2083,76.5,85.0,1.0,93.0,24,64.7,0,93.0,4.14,92.0,0.1,34176.98183,1396923.0,4.8,12.8,0
2082,76.6,84.0,1.11,97.0,29,65.0,0,95.0,3.61,96.0,0.1,41818.35256,1396923.0,4.8,13.5,0
2081,76.6,84.0,1.18,97.0,74,65.1,0,98.0,3.1,97.0,0.1,51488.49529,1396923.0,4.8,13.7,0
2080,76.6,83.0,1.28,96.0,144,65.0,0,95.0,2.58,96.0,0.1,6256.55926,1396923.0,4.9,13.7,0
2079,76.7,83.0,1.24,94.0,361,65.1,0,97.0,2.31,94.0,0.1,675.61258,1396923.0,4.9,12.6,0
2078,76.8,82.0,1.37,97.0,0,65.2,0,98.0,1.87,97.0,0.1,82967.37228,1396923.0,5.0,11.7,0
2077,77.0,79.0,1.11,99.0,112,65.6,0,98.0,2.63,99.0,0.1,61478.23813,1396923.0,5.0,11.8,0
2076,77.3,76.0,1.16,97.0,295,66.0,0,98.0,2.9,97.0,0.1,736.22784,1396923.0,5.0,12.0,0
2075,77.5,74.0,1.16,93.0,101,66.5,0,92.0,1.93,93.0,0.1,85948.746,1396923.0,5.1,12.4,0
2074,77.8,72.0,1.13,93.0,160,67.0,0,93.0,2.16,92.0,0.1,88564.82298,1396923.0,5.1,13.4,0
2073,77.9,7.0,1.2,97.0,73,67.7,0,99.0,2.15,97.0,0.1,8834.87958,1396923.0,5.1,13.4,0
2072,78.1,69.0,1.15,89.0,46,68.4,0,99.0,2.19,89.0,0.1,86852.7119,1396923.0,5.2,13.4,0
2071,78.2,68.0,1.15,99.0,18,69.3,0,99.0,2.19,99.0,0.1,66346.52267,1396923.0,5.2,13.4,0
2102,76.0,116.0,10.33,93.0,10000,24.7,4,99.0,4.23,97.0,0.1,1228.829749,1396923.0,1.6,11.7,0
2101,76.7,17.0,11.45,89.0,10000,25.2,4,99.0,4.76,97.0,0.1,1228.829749,1396923.0,1.6,11.7,0
2100,77.1,99.0,9.55,92.0,62,25.7,4,99.0,4.61,97.0,0.1,1228.829749,1396923.0,1.6,11.7,0
2099,77.6,95.0,9.66,91.0,33,26.2,3,94.0,4.93,97.0,0.1,1228.829749,1396923.0,1.6,11.7,0
2098,78.2,89.0,9.18,92.0,11,26.7,3,9.0,4.96,88.0,0.1,1228.829749,1396923.0,1.6,11.7,0
2097,78.7,84.0,9.03,99.0,7,27.2,3,96.0,5.33,96.0,0.1,1228.829749,1396923.0,1.6,11.7,0
2096,79.4,79.0,8.83,99.0,28,27.7,2,98.0,5.76,98.0,0.1,1228.829749,1396923.0,1.5,11.7,0
2095,79.8,77.0,9.05,91.0,194,28.2,2,91.0,5.99,91.0,0.1,1228.829749,1396923.0,1.5,11.7,0
2094,83.0,75.0,9.31,94.0,2,28.6,2,92.0,6.16,94.0,0.1,1228.829749,1396923.0,1.5,11.7,0
2093,86.0,75.0,8.97,94.0,17,29.1,2,95.0,6.66,94.0,0.1,1228.829749,1396923.0,1.5,11.7,0
2092,87.0,74.0,9.23,94.0,114,29.5,2,95.0,6.79,94.0,0.1,1228.829749,1396923.0,1.5,11.7,0
2088,82.0,66.0,0.01,99.0,442,31.2,2,99.0,7.37,99.0,0.1,1228.829749,1396923.0,1.5,11.7,0
2087,82.3,64.0,0.01,98.0,7,31.7,2,98.0,7.37,98.0,0.1,1228.829749,1396923.0,1.5,11.7,0
2118,67.1,235.0,9.89,92.0,687,46.5,2,97.0,6.65,95.0,0.1,1228.829749,1396923.0,3.6,11.7,0
2117,67.6,228.0,10.98,94.0,457,46.8,1,98.0,7.0,97.0,0.1,1228.829749,1396923.0,3.5,11.7,0
2116,67.5,225.0,6.71,99.0,4929,47.2,1,98.0,8.31,97.0,0.1,1228.829749,1396923.0,3.4,11.7,0
2115,67.6,226.0,8.15,99.0,87,47.6,1,98.0,8.24,98.0,0.1,1228.829749,1396923.0,3.3,11.7,0
2114,68.0,225.0,12.27,99.0,4,47.9,1,98.0,8.49,98.0,0.1,1228.829749,1396923.0,3.2,11.7,0
2113,67.3,248.0,10.78,99.0,6,48.3,1,99.0,9.15,98.0,0.1,1228.829749,1396923.0,3.1,11.7,0
2112,68.0,242.0,8.36,98.0,34,48.7,1,98.0,1.63,97.0,0.1,1228.829749,1396923.0,3.1,11.7,0
2111,68.3,237.0,9.66,95.0,10,49.1,1,93.0,1.88,92.0,0.1,1228.829749,1396923.0,3.0,11.7,0
2110,68.9,228.0,9.07,97.0,0,49.5,1,96.0,11.41,9.0,0.1,1228.829749,1396923.0,2.9,11.7,0
2109,69.0,218.0,8.45,89.0,0,49.9,1,87.0,12.49,85.0,0.1,1228.829749,1396923.0,2.9,11.7,0
2108,68.8,219.0,8.25,98.0,0,5.4,1,97.0,12.8,9.0,0.1,1228.829749,1396923.0,2.8,11.7,0
2107,77.0,177.0,9.45,96.0,0,5.9,1,96.0,1.61,93.0,0.1,1228.829749,1396923.0,2.8,11.7,0
2106,79.0,175.0,10.68,94.0,11,51.5,1,92.0,11.87,92.0,0.1,1228.829749,1396923.0,2.7,11.7,0
2105,71.7,163.0,10.49,91.0,27,52.1,1,92.0,1.5,9.0,0.1,1228.829749,1396923.0,2.7,11.7,0
2104,71.8,162.0,9.99,92.0,2,52.7,1,92.0,1.32,9.0,0.1,1228.829749,1396923.0,2.7,11.7,0
2103,72.1,157.0,9.99,88.0,0,53.4,1,88.0,1.32,87.0,0.1,1228.829749,1396923.0,2.7,11.7,0
2134,77.0,175.0,10.16,98.0,35,51.4,5,99.0,4.33,99.0,0.1,1668.162731,22442971.0,4.0,11.5,1
2133,78.0,179.0,9.78,98.0,10,51.9,5,99.0,4.36,99.0,0.1,1839.72945,2213197.0,3.8,11.7,1
2132,77.0,178.0,9.62,99.0,14,52.4,5,98.0,4.57,98.0,0.1,2124.873613,2173496.0,3.7,12.0,1
2131,71.1,174.0,8.78,98.0,9,52.9,4,97.0,5.3,97.0,0.1,2774.95586,21574326.0,3.5,12.5,1
2130,71.7,165.0,9.82,99.0,117,53.4,4,97.0,5.43,97.0,0.1,3552.92452,21451748.0,3.4,12.9,1
2129,71.9,162.0,7.68,98.0,5043,53.9,4,97.0,5.47,97.0,0.1,4676.315183,21319685.0,3.3,13.4,1
2128,72.5,157.0,8.51,99.0,3196,54.4,4,97.0,5.6,97.0,0.1,5828.745662,2119376.0,3.2,13.7,1
2127,72.9,154.0,10.6,99.0,353,55.0,3,96.0,5.21,96.0,0.1,8214.185378,2882982.0,3.2,14.1,1
2126,73.1,159.0,11.9,97.0,12,55.6,3,95.0,5.33,96.0,0.1,1136.47356,2537875.0,3.1,14.7,1
2125,73.1,158.0,10.4,95.0,8,56.3,3,95.0,5.56,95.0,0.1,822.18329,2367487.0,3.0,15.4,1
2124,73.4,153.0,9.0,98.0,193,56.9,2,94.0,5.83,94.0,0.1,8297.483621,2246871.0,3.0,15.8,1
2123,74.3,139.0,9.1,96.0,4189,57.7,2,89.0,5.53,89.0,0.1,92.277825,2147528.0,2.9,15.7,1
2122,74.4,138.0,9.58,96.0,7450,58.4,2,92.0,5.48,91.0,0.1,8558.39766,25835.0,2.8,15.3,1
2121,74.6,138.0,9.59,96.0,1159,59.2,2,88.0,5.6,92.0,0.1,9585.266593,19983693.0,2.7,14.7,1
2120,74.8,135.0,0.01,94.0,59,59.9,2,94.0,5.57,94.0,0.1,12.27733,1998979.0,2.6,14.7,1
2119,75.0,133.0,0.01,9.0,4,6.7,2,89.0,5.57,89.0,0.1,8958.788593,19815481.0,2.5,14.7,1
2150,65.0,37.0,10.18,91.0,4800,54.0,26,97.0,5.42,96.0,0.2,1771.58662,146596557.0,2.9,12.1,0
2149,65.1,38.0,10.47,43.0,2072,54.2,25,97.0,5.67,96.0,0.3,21.362386,14597683.0,2.8,12.5,0
2148,64.8,313.0,10.87,81.0,580,54.5,24,97.0,5.99,97.0,0.3,2375.5944,1453646.0,2.7,12.8,0
2147,64.6,322.0,11.32,94.0,3291,54.7,22,97.0,5.61,96.0,0.4,2975.132778,144648257.0,2.6,13.2,0
2146,64.9,321.0,11.5,96.0,2444,55.0,21,98.0,5.19,97.0,0.3,412.372294,1446754.0,2.5,13.6,0
2145,65.0,327.0,11.57,97.0,454,55.3,20,98.0,5.21,98.0,0.3,5323.473877,143518523.0,2.4,13.7,0
2144,66.4,3.0,11.79,98.0,1147,55.7,20,98.0,5.3,98.0,0.3,692.194398,14349528.0,2.4,13.8,0
2143,67.3,282.0,12.19,98.0,173,56.1,19,98.0,5.38,98.0,0.3,911.25385,1428588.0,2.4,13.8,0
2142,67.5,278.0,12.04,98.0,27,56.6,18,98.0,6.22,98.0,0.3,11635.2637,14274235.0,2.3,13.9,0
2141,68.2,261.0,11.21,98.0,101,57.0,18,98.0,7.44,98.0,0.3,8562.89598,142785342.0,2.3,14.0,0
2140,68.4,256.0,11.05,97.0,129,57.5,17,98.0,6.83,97.0,0.2,1674.98771,142849449.0,2.3,13.7,0
2139,69.4,242.0,11.04,97.0,629,58.1,17,97.0,6.61,97.0,0.3,14212.687,14296868.0,2.3,14.0,0
2138,69.6,237.0,10.99,97.0,2123,58.7,16,98.0,6.88,97.0,0.3,15154.45687,14321676.0,2.3,14.3,0
2137,70.0,229.0,10.58,97.0,2339,59.3,16,98.0,7.9,97.0,0.2,15543.67653,14356911.0,2.3,14.6,0
2136,73.0,225.0,10.12,97.0,4711,59.9,15,97.0,7.7,97.0,0.1,14125.961,143819666.0,2.3,14.9,0
2135,75.0,222.0,10.12,97.0,843,6.5,15,97.0,7.7,97.0,0.1,9329.298351,1449687.0,2.3,15.0,0
2166,48.3,399.0,7.13,91.0,2095,13.2,57,9.0,4.22,9.0,8.5,216.172747,82573.0,7.6,6.6,0
2165,48.6,399.0,5.72,91.0,896,13.7,54,76.0,4.38,77.0,8.1,21.569654,832946.0,7.4,7.1,0
2164,57.0,399.0,7.82,88.0,2738,14.1,50,85.0,4.18,88.0,8.0,196.59778,853625.0,7.2,7.2,0
2163,52.0,48.0,6.66,96.0,1064,14.5,46,96.0,6.34,96.0,8.1,212.6619491,868346.0,7.0,7.6,0
2162,53.4,397.0,6.75,89.0,386,14.9,42,89.0,6.24,89.0,7.7,236.9114381,8818438.0,6.9,8.2,0
2161,55.3,37.0,7.01,95.0,129,15.4,38,95.0,6.83,95.0,7.1,287.931877,8991735.0,6.8,8.8,0
2160,57.6,328.0,6.88,99.0,494,15.9,34,99.0,1.2,99.0,6.2,342.3656294,92658.0,6.8,9.3,0
2159,59.6,295.0,6.78,97.0,26,16.5,30,98.0,8.49,97.0,5.0,44.853339,944742.0,6.8,10.1,0
2158,68.0,282.0,6.39,97.0,6,17.1,28,97.0,7.66,97.0,3.7,5.6687264,978169.0,6.7,10.4,0
2157,61.0,288.0,7.11,97.0,5,17.7,25,93.0,7.2,97.0,2.8,539.1538211,9977446.0,6.6,10.2,0
2156,62.8,26.0,7.92,97.0,121,18.3,23,93.0,7.91,97.0,2.3,563.491487,1246842.0,6.5,10.0,0
2155,63.8,247.0,8.34,97.0,31,18.9,20,93.0,7.71,97.0,1.3,617.317648,151671.0,6.3,10.2,0
2154,64.6,239.0,0.01,98.0,75,19.5,18,98.0,7.68,98.0,0.7,678.796973,1788853.0,6.1,10.5,0
2151,66.1,227.0,0.01,98.0,1,21.4,15,99.0,7.53,98.0,0.4,71.348397,11629553.0,5.7,10.8,0
2183,71.6,183.0,11.69,91.0,0,36.8,0,9.0,5.53,9.0,0.4,1228.829749,1396923.0,4.5,12.8,0
2182,71.8,178.0,12.03,91.0,0,37.3,0,99.0,6.1,99.0,0.3,1228.829749,1396923.0,4.5,12.6,0
2181,72.0,174.0,11.85,14.0,0,37.9,0,9.0,6.33,74.0,0.1,1228.829749,1396923.0,4.4,12.5,0
2180,72.2,171.0,12.55,84.0,0,38.4,0,91.0,6.1,9.0,0.2,1228.829749,1396923.0,4.4,12.4,0
2179,72.6,166.0,11.93,91.0,0,39.0,0,91.0,6.2,91.0,0.2,1228.829749,1396923.0,4.4,12.3,0
2178,73.1,16.0,12.32,95.0,0,39.6,0,95.0,6.25,95.0,0.2,1228.829749,1396923.0,4.4,12.2,0
2176,73.9,151.0,12.68,99.0,0,41.3,0,99.0,6.81,99.0,0.1,1228.829749,1396923.0,4.3,12.8,0
2175,74.1,149.0,12.09,96.0,0,42.2,0,96.0,7.43,96.0,0.1,1228.829749,1396923.0,4.3,12.6,0
2174,74.3,147.0,11.09,95.0,0,43.0,0,95.0,8.12,95.0,0.1,1228.829749,1396923.0,4.3,12.7,0
2173,74.2,147.0,10.87,97.0,0,43.8,0,97.0,8.1,97.0,0.1,1228.829749,1396923.0,4.3,12.8,0
2172,74.6,143.0,10.43,99.0,0,44.5,0,99.0,7.58,99.0,0.1,1228.829749,1396923.0,4.3,12.9,0
2171,74.7,142.0,9.99,98.0,0,45.2,0,98.0,8.35,98.0,0.1,1228.829749,1396923.0,4.3,13.0,0
2170,74.8,141.0,9.73,99.0,0,45.9,0,99.0,7.85,99.0,0.1,1228.829749,1396923.0,4.3,13.1,0
2169,75.0,139.0,9.97,99.0,0,46.7,0,99.0,6.72,99.0,0.1,1228.829749,1396923.0,4.3,13.1,0
2168,75.2,138.0,9.97,99.0,0,47.5,0,99.0,6.72,99.0,0.1,1228.829749,1396923.0,4.3,13.1,0
2198,79.0,186.0,4.73,91.0,0,41.0,0,99.0,3.64,99.0,0.7,1228.829749,1396923.0,3.9,12.8,0
2197,79.0,186.0,4.94,91.0,0,42.0,0,99.0,3.93,99.0,0.4,1228.829749,1396923.0,3.9,12.9,0
2196,71.0,184.0,5.1,31.0,0,42.9,0,99.0,3.91,99.0,0.4,1228.829749,1396923.0,3.8,13.0,0
2195,71.2,181.0,5.42,99.0,0,43.8,0,99.0,3.72,99.0,0.4,1228.829749,1396923.0,3.8,13.2,0
2194,71.4,177.0,6.04,99.0,0,44.7,0,93.0,3.66,99.0,0.2,1228.829749,1396923.0,3.7,13.3,0
2193,71.7,173.0,5.93,99.0,0,45.7,0,99.0,3.88,99.0,0.3,1228.829749,1396923.0,3.7,13.3,0
2192,71.9,17.0,5.89,99.0,0,46.6,0,99.0,3.92,99.0,0.3,1228.829749,1396923.0,3.6,13.3,0
2191,72.1,167.0,6.92,99.0,0,47.5,0,99.0,4.7,99.0,0.3,1228.829749,1396923.0,3.6,13.3,0
2190,72.3,165.0,6.85,99.0,0,48.4,0,99.0,5.13,99.0,0.2,1228.829749,1396923.0,3.6,13.3,0
2189,72.5,162.0,7.0,99.0,0,49.3,0,99.0,4.71,99.0,0.1,1228.829749,1396923.0,3.5,13.3,0
2188,72.7,16.0,7.02,96.0,0,5.3,0,96.0,4.99,96.0,0.1,1228.829749,1396923.0,3.5,13.3,0
2187,72.8,159.0,6.93,96.0,0,51.2,0,96.0,8.48,96.0,0.1,1228.829749,1396923.0,3.5,13.3,0
2186,72.7,161.0,7.07,97.0,0,52.2,0,97.0,5.21,97.0,0.1,1228.829749,1396923.0,3.5,13.3,0
2185,73.1,157.0,7.01,98.0,0,53.1,0,97.0,8.63,98.0,0.1,1228.829749,1396923.0,3.5,13.3,0
2184,73.2,156.0,7.01,98.0,0,54.1,0,97.0,8.63,98.0,0.1,1228.829749,1396923.0,3.5,13.3,0
2215,72.0,18.0,3.0,89.0,0,65.6,0,94.0,5.31,95.0,0.1,154.68923,17461.0,0.2,12.1,0
2214,75.0,175.0,3.43,89.0,0,66.5,0,83.0,5.16,85.0,0.1,1555.47451,175566.0,0.2,12.0,0
2213,76.0,174.0,3.3,86.0,0,67.4,0,85.0,5.1,86.0,0.1,1631.41727,176582.0,0.2,12.1,0
2212,79.0,169.0,4.17,83.0,0,68.2,0,82.0,4.71,83.0,0.1,197.29417,177662.0,0.2,12.3,0
2211,71.4,162.0,3.62,54.0,0,68.9,0,26.0,4.45,55.0,0.1,2351.33814,178781.0,0.2,12.4,0
2210,71.6,16.0,3.63,41.0,0,69.7,0,55.0,4.47,49.0,0.1,2571.262348,179929.0,0.2,12.6,0
2209,72.0,153.0,3.52,35.0,0,7.3,0,37.0,4.68,39.0,0.1,287.963899,18194.0,0.2,12.7,0
2208,72.2,149.0,3.85,46.0,0,7.9,0,49.0,5.25,53.0,0.1,322.543121,182286.0,0.2,12.9,0
2207,72.5,146.0,3.97,12.0,0,71.4,0,54.0,4.52,26.0,0.1,359.82223,183526.0,0.2,12.9,0
2206,76.0,172.0,2.88,44.0,0,72.0,0,45.0,5.4,49.0,0.1,335.112838,184826.0,0.2,12.9,0
2205,72.6,144.0,3.01,57.0,8,72.5,0,57.0,5.7,62.0,0.1,3453.487434,18625.0,0.2,12.9,0
2204,73.0,139.0,2.15,58.0,0,72.9,0,9.0,5.8,65.0,0.1,3942.9827,187665.0,0.2,12.9,0
2203,73.2,136.0,0.01,64.0,1,73.4,0,62.0,5.2,64.0,0.1,4234.554443,189194.0,0.2,12.9,0
2202,73.6,131.0,0.01,9.0,0,73.8,0,62.0,6.91,67.0,0.1,4219.65123,19757.0,0.2,12.9,0
2201,73.8,128.0,0.01,56.0,0,74.3,0,58.0,7.22,63.0,0.1,4178.973369,19229.0,0.2,12.9,0
2200,74.0,125.0,0.01,59.0,0,74.7,0,61.0,7.22,66.0,0.1,4149.363444,193759.0,0.2,12.9,0
2231,62.8,225.0,5.02,91.0,0,21.1,0,9.0,1.28,92.0,1.5,51.216381,141622.0,7.8,9.4,0
2230,63.1,226.0,5.8,91.0,0,21.7,0,92.0,1.21,92.0,1.4,555.8185378,144889.0,7.6,9.6,0
2229,63.4,225.0,6.54,43.0,0,22.2,0,94.0,11.12,94.0,1.6,649.342153,148372.0,7.4,9.7,0
2228,63.8,224.0,5.78,9.0,0,22.8,0,99.0,9.94,96.0,1.6,693.345683,151969.0,7.2,9.8,0
2227,64.3,222.0,5.27,96.0,0,23.4,0,97.0,1.4,97.0,1.6,81.86157,15563.0,7.0,10.0,0
2226,64.7,22.0,5.46,75.0,0,24.0,0,97.0,7.84,97.0,1.2,843.89447,159328.0,6.9,10.2,0
2225,65.1,217.0,4.14,87.0,0,24.7,0,98.0,7.44,97.0,1.2,894.927988,16311.0,6.7,10.3,0
2224,65.4,215.0,4.36,99.0,0,25.4,0,99.0,5.66,99.0,0.9,1126.46212,166913.0,6.5,10.4,0
2223,65.8,21.0,4.13,98.0,0,26.2,0,99.0,6.65,98.0,0.9,199.57146,17813.0,6.3,10.1,0
2222,66.2,24.0,5.58,98.0,0,26.9,0,98.0,5.24,98.0,0.5,1129.754961,174776.0,6.1,10.6,0
2221,66.6,198.0,5.69,96.0,0,27.7,0,96.0,5.44,96.0,0.5,134.326189,1788.0,6.0,10.6,0
2220,66.9,194.0,0.01,96.0,0,28.5,0,96.0,8.6,96.0,0.5,138.949959,182889.0,5.9,10.8,0
2219,67.1,192.0,0.01,97.0,0,29.3,0,97.0,9.76,97.0,0.2,1619.532678,18745.0,5.7,11.0,0
2248,72.6,11.0,0.05,93.0,0,56.2,12,95.0,4.24,95.0,0.1,9126.954277,1396923.0,7.3,11.8,0
2247,72.8,17.0,0.05,95.0,155,56.9,12,97.0,4.49,97.0,0.1,8643.4944,1396923.0,7.3,12.0,0
2246,72.9,15.0,0.05,97.0,311,57.7,11,95.0,4.28,95.0,0.1,8655.311531,1396923.0,7.3,12.1,0
2245,73.0,13.0,0.05,95.0,1208,58.5,11,95.0,4.2,95.0,0.1,9567.458285,1396923.0,7.2,12.2,0
2244,73.1,12.0,0.06,96.0,1880,59.4,11,96.0,3.58,96.0,0.1,11138.8746,1396923.0,7.2,12.3,0
2243,73.1,11.0,0.05,97.0,373,6.2,10,96.0,3.42,96.0,0.1,13739.82945,1396923.0,7.2,12.4,0
2242,73.2,1.0,0.08,96.0,807,6.9,10,96.0,3.55,96.0,0.1,15334.66994,1396923.0,7.2,12.5,0
2241,73.2,99.0,0.1,96.0,4648,61.6,10,96.0,3.49,96.0,0.1,16472.1665,1396923.0,7.2,12.7,0
2240,73.3,98.0,0.09,98.0,158,62.4,10,98.0,2.87,98.0,0.1,237.83234,1396923.0,7.2,12.8,0
2239,73.4,97.0,0.09,98.0,82,63.1,10,98.0,4.9,98.0,0.1,1694.2931,1396923.0,7.3,13.0,0
2238,73.7,94.0,0.09,98.0,334,63.9,9,98.0,3.49,98.0,0.1,19259.58726,1396923.0,7.3,13.3,0
2237,73.9,92.0,0.09,98.0,362,64.7,9,98.0,3.57,98.0,0.1,2377.74739,1396923.0,7.4,13.9,0
2236,74.1,9.0,0.09,98.0,294,65.6,9,98.0,3.86,98.0,0.1,2533.9462,1396923.0,7.5,14.5,0
2235,74.3,89.0,0.09,98.0,1164,66.4,9,98.0,4.25,98.0,0.1,24934.38614,1396923.0,7.6,15.2,0
2234,74.4,88.0,0.09,98.0,154,67.3,9,98.0,4.68,98.0,0.1,24575.434,1396923.0,7.7,15.8,0
2233,74.5,88.0,0.09,98.0,219,68.2,8,97.0,4.68,98.0,0.1,2732.86172,1396923.0,7.8,16.1,0
2264,57.5,25.0,0.29,91.0,5839,17.5,50,49.0,4.63,52.0,0.5,473.45338,988452.0,12.3,5.2,0
2263,57.9,251.0,0.34,91.0,10000,17.9,49,49.0,4.98,52.0,0.6,481.287397,1134497.0,12.1,5.4,0
2262,58.4,252.0,0.36,91.0,10000,18.3,47,9.0,5.6,9.0,0.7,513.26227,1396861.0,12.0,5.7,0
2261,59.0,251.0,0.33,91.0,1519,18.7,44,73.0,5.4,73.0,0.7,642.7663113,16799.0,11.8,5.9,0
2260,59.7,247.0,0.35,54.0,31,19.1,42,87.0,5.68,87.0,0.7,733.581811,1955944.0,11.6,6.2,0
2259,65.0,242.0,0.33,84.0,0,19.5,40,84.0,5.35,84.0,0.7,773.8698713,11251266.0,11.4,6.4,0
2258,61.3,236.0,0.34,89.0,3,19.9,38,89.0,5.44,89.0,0.7,89.838296,11556763.0,11.2,6.6,0
2255,63.5,219.0,0.3,86.0,999,21.2,33,83.0,4.81,86.0,0.5,12.566464,1255917.0,1.6,7.5,0
2254,64.3,212.0,0.28,89.0,428,21.7,32,76.0,4.62,89.0,0.4,11.631377,12916229.0,1.4,7.7,0
2253,64.9,26.0,0.32,92.0,18,22.2,31,89.0,4.42,92.0,0.4,18.25321,13391.0,1.2,7.9,0
2252,65.6,2.0,0.28,91.0,46,22.7,29,83.0,4.31,91.0,0.4,136.4518,1373513.0,1.0,8.3,0
2251,66.0,196.0,0.26,92.0,17,23.2,28,89.0,4.51,92.0,0.3,148.912351,141232.0,9.9,8.7,0
2250,66.4,192.0,0.26,89.0,32,23.8,27,85.0,4.66,89.0,0.3,152.443873,14546111.0,9.7,9.1,0
2249,66.7,188.0,0.26,89.0,58,24.3,26,85.0,4.66,89.0,0.3,98.7256145,14976994.0,9.5,9.5,0
2280,72.6,141.0,7.38,91.0,38,51.2,2,98.0,6.53,95.0,0.1,87.1365252,7516346.0,2.8,13.0,0
2279,73.1,135.0,7.53,91.0,35,51.7,1,93.0,6.89,93.0,0.1,1634.87561,753433.0,2.8,13.1,0
2278,72.9,133.0,6.95,91.0,63,52.2,1,95.0,8.9,95.0,0.1,2149.9944,7496522.0,2.7,13.2,0
2277,73.0,134.0,7.25,91.0,15,52.8,1,89.0,8.13,89.0,0.1,2832.49652,748591.0,2.7,13.0,0
2276,73.0,134.0,7.42,89.0,11,53.3,1,96.0,8.24,88.0,0.1,3331.228766,7463157.0,2.6,13.1,0
2275,73.0,135.0,9.6,65.0,2,53.9,1,98.0,8.7,98.0,0.1,3528.1318,744769.0,2.5,13.2,0
2274,73.6,133.0,8.58,93.0,2,54.5,1,97.0,8.99,92.0,0.1,4129.758741,7411569.0,2.5,13.4,0
2273,73.8,132.0,9.3,99.0,201,55.1,1,93.0,1.2,94.0,0.1,5458.121718,7381579.0,2.4,13.5,0
2272,74.0,132.0,9.54,93.0,2,55.8,1,95.0,1.5,95.0,0.1,671.773913,735222.0,2.3,13.5,0
2271,74.1,131.0,9.85,93.0,1,56.4,1,97.0,9.9,95.0,0.1,5821.35397,73287.0,2.3,13.6,0
2270,74.4,128.0,9.65,89.0,20,57.0,1,91.0,1.9,91.0,0.1,5411.87744,7291436.0,2.2,13.6,0
2269,74.6,127.0,9.56,94.0,370,57.7,1,94.0,9.72,94.0,0.1,6423.291783,723499.0,2.2,13.5,0
2268,74.9,126.0,9.38,97.0,0,58.3,1,93.0,9.89,91.0,0.1,5659.3824,719977.0,2.1,14.0,0
2267,75.3,122.0,9.16,91.0,1,58.9,1,97.0,1.12,95.0,0.1,6353.826383,7164132.0,2.1,14.1,0
2266,75.4,123.0,9.09,92.0,37,59.4,1,93.0,1.37,93.0,0.1,62.173221,713576.0,2.1,14.3,0
2265,75.6,121.0,9.09,94.0,383,6.0,1,95.0,1.37,95.0,0.1,5237.255334,795383.0,2.0,14.4,0
2296,71.8,188.0,8.24,98.0,0,27.1,0,98.0,4.62,98.0,0.1,7578.85153,81131.0,6.3,12.3,0
2295,72.0,187.0,6.72,96.0,0,27.6,0,96.0,4.45,96.0,0.1,7663.1378,8122.0,6.2,12.2,0
2294,72.1,186.0,11.15,99.0,0,28.1,0,99.0,4.21,99.0,0.1,8331.261997,83723.0,6.1,12.1,0
2293,72.1,185.0,7.41,99.0,0,28.7,0,99.0,4.64,99.0,0.1,8524.961236,82781.0,6.1,12.1,0
2292,72.1,186.0,7.91,99.0,0,29.2,0,99.0,4.17,99.0,0.1,1176.65871,82475.0,6.0,12.3,0
2289,72.2,185.0,8.12,99.0,1,31.2,0,99.0,3.3,99.0,0.1,12154.82994,8533.0,5.9,13.1,0
2288,72.2,184.0,6.33,99.0,0,31.8,0,99.0,2.64,99.0,0.1,11122.8627,86956.0,5.9,13.2,0
2287,72.3,182.0,4.94,99.0,0,32.4,0,99.0,2.64,99.0,0.1,976.9566,87298.0,5.8,13.2,0
2286,72.4,18.0,6.51,99.0,0,33.5,0,99.0,3.59,99.0,0.1,184.68447,8977.0,5.8,13.2,0
2285,72.6,177.0,9.72,99.0,0,34.2,0,99.0,3.38,99.0,0.1,12189.9516,87441.0,5.7,13.3,0
2284,72.7,174.0,0.01,99.0,0,34.8,0,98.0,4.8,98.0,0.1,12845.17363,8833.0,5.7,13.5,0
2283,72.9,172.0,0.01,99.0,0,35.5,0,98.0,3.58,98.0,0.1,15687.34795,89949.0,5.7,13.5,0
2282,73.0,17.0,0.01,99.0,0,36.2,0,99.0,3.37,99.0,0.1,1557.77892,91359.0,5.7,13.2,0
2281,73.2,168.0,0.01,98.0,0,37.4,0,97.0,3.37,97.0,0.1,1539.464,93419.0,5.7,14.1,0
2312,39.0,399.0,3.97,91.0,3575,17.2,48,46.0,13.63,44.0,1.2,139.3147734,4564297.0,1.3,6.7,0
2311,41.0,399.0,4.21,91.0,649,17.5,48,38.0,11.83,38.0,1.5,227.779471,4739147.0,1.1,7.0,0
2310,48.0,399.0,4.06,91.0,568,17.9,48,54.0,11.96,53.0,1.7,249.939542,4957216.0,9.9,7.2,0
2309,41.5,57.0,4.07,91.0,586,18.4,47,66.0,11.69,73.0,1.9,263.7618312,5199549.0,9.7,7.4,0
2308,42.3,399.0,3.99,91.0,7,18.8,47,69.0,11.66,65.0,2.1,263.145817,5439695.0,9.5,7.6,0
2307,43.3,48.0,3.83,91.0,29,19.2,47,67.0,12.25,65.0,2.2,287.6891942,5658379.0,9.3,7.8,0
2306,44.3,399.0,3.8,91.0,33,19.7,46,65.0,1.68,64.0,2.2,322.313468,5848692.0,9.1,8.0,0
2303,47.1,399.0,3.97,84.0,31,21.2,42,81.0,13.13,84.0,1.7,394.5932439,63126.0,8.5,8.5,0
2302,48.1,399.0,3.84,86.0,1089,21.7,40,84.0,1.32,86.0,1.6,45.128418,645872.0,8.3,8.7,0
2301,48.9,399.0,3.78,89.0,1865,22.2,38,88.0,11.98,89.0,1.3,445.525,6611692.0,8.1,8.9,0
2300,49.7,399.0,0.01,91.0,678,22.7,35,91.0,11.24,91.0,0.9,561.8984239,676613.0,7.9,9.1,0
2299,54.0,47.0,0.01,92.0,15,23.3,33,92.0,11.59,92.0,0.8,71.8186998,692279.0,7.7,9.3,0
2298,48.1,399.0,0.01,83.0,1006,23.8,32,83.0,11.9,83.0,0.6,78.4394757,779162.0,7.5,9.5,0
2297,51.0,399.0,0.01,86.0,607,24.4,30,86.0,11.9,86.0,0.5,587.538233,723725.0,7.4,9.5,0
2328,78.3,78.0,2.03,97.0,141,28.5,0,98.0,2.71,98.0,0.1,23792.677,1167660.0,2.1,12.5,1
2327,78.7,76.0,2.08,95.0,408,28.9,0,95.0,2.37,96.0,0.1,21577.7823,1167660.0,2.1,12.7,1
2326,79.0,74.0,2.16,95.0,211,29.2,0,94.0,2.84,94.0,0.1,2216.83279,1167660.0,2.1,12.6,1
2325,79.3,73.0,1.43,95.0,33,29.6,0,96.0,3.63,96.0,0.1,23573.6284,1167660.0,2.1,12.7,1
2324,79.7,71.0,1.45,94.0,96,29.9,0,95.0,3.17,95.0,0.1,2745.27136,1167660.0,2.1,12.7,1
2320,81.4,64.0,1.7,97.0,18,31.2,0,97.0,3.91,97.0,0.1,39721.4818,1167660.0,2.1,14.2,1
2319,81.7,62.0,1.73,96.0,16,31.5,0,97.0,4.27,97.0,0.1,38577.55822,1167660.0,2.1,14.4,1
2318,82.0,61.0,1.84,96.0,50,31.8,0,96.0,3.96,96.0,0.1,46569.67951,1167660.0,2.1,14.5,1
2317,82.2,6.0,1.8,96.0,148,32.1,0,96.0,3.93,96.0,0.1,53166.67581,1167660.0,2.1,15.2,1
2316,82.5,59.0,1.89,97.0,42,32.4,0,97.0,4.22,97.0,0.1,54431.16199,1167660.0,2.2,15.4,1
2315,82.7,57.0,1.83,97.0,138,32.7,0,97.0,4.53,97.0,0.1,5629.18914,1167660.0,2.2,15.4,1
2314,82.9,56.0,1.83,96.0,0,32.9,0,96.0,4.92,96.0,0.1,56336.7234,1167660.0,2.2,15.4,1
2313,83.1,55.0,1.79,96.0,0,33.2,0,96.0,4.92,96.0,0.1,53629.73746,1167660.0,2.2,15.4,1
2344,73.0,147.0,11.06,98.0,0,5.7,1,98.0,5.5,99.0,0.1,13560.72386,1167660.0,1.6,13.0,1
2343,73.3,145.0,10.73,99.0,0,51.1,1,99.0,5.5,99.0,0.1,13560.72386,1167660.0,1.5,13.3,1
2342,73.7,145.0,10.78,99.0,0,51.6,0,98.0,5.63,99.0,0.1,13560.72386,1167660.0,1.5,13.3,1
2341,73.8,144.0,9.85,99.0,1,52.1,0,98.0,5.82,99.0,0.1,13560.72386,1167660.0,1.5,13.6,1
2340,74.1,138.0,10.03,99.0,2,52.6,0,99.0,7.21,99.0,0.1,13560.72386,1167660.0,1.4,13.8,1
2339,74.0,141.0,10.81,99.0,0,53.1,0,99.0,7.4,99.0,0.1,13560.72386,1167660.0,1.4,14.0,1
2338,74.3,138.0,10.28,99.0,0,53.7,0,99.0,7.35,99.0,0.1,13560.72386,1167660.0,1.4,14.3,1
2337,74.4,14.0,10.58,99.0,0,54.2,0,99.0,7.76,99.0,0.1,13560.72386,1167660.0,1.3,14.5,1
2336,74.7,136.0,11.37,99.0,0,54.8,0,99.0,8.2,99.0,0.1,13560.72386,1167660.0,1.3,14.8,1
2335,75.0,131.0,10.63,99.0,0,55.3,0,99.0,9.15,99.0,0.1,13560.72386,1167660.0,1.3,14.9,1
2334,75.1,124.0,10.13,99.0,0,55.9,0,99.0,8.51,99.0,0.1,13560.72386,1167660.0,1.3,15.0,1
2333,75.6,122.0,10.24,99.0,0,56.5,0,99.0,7.96,99.0,0.1,13560.72386,1167660.0,1.2,15.0,1
2332,75.8,118.0,10.12,99.0,0,57.2,0,99.0,8.15,99.0,0.1,13560.72386,1167660.0,1.2,15.0,1
2331,76.1,114.0,9.89,98.0,0,57.8,0,98.0,8.0,98.0,0.1,13560.72386,1167660.0,1.2,15.0,1
2330,76.4,113.0,10.6,97.0,0,58.4,0,97.0,8.5,97.0,0.1,13560.72386,1167660.0,1.2,15.1,1
2329,76.7,19.0,10.6,96.0,1,59.1,0,96.0,8.5,96.0,0.1,13560.72386,1167660.0,1.2,15.0,1
2360,76.0,122.0,11.9,95.0,0,51.2,0,93.0,8.26,91.0,0.1,1227.73677,1988925.0,2.2,14.6,1
2359,76.2,124.0,10.8,95.0,0,51.8,0,93.0,8.57,92.0,0.1,1479.29634,19926.0,2.2,14.7,1
2358,76.6,117.0,9.29,95.0,0,52.3,0,93.0,8.62,93.0,0.1,11814.9994,199453.0,2.1,15.6,1
2357,76.5,119.0,11.58,95.0,0,52.9,0,95.0,8.77,95.0,0.1,1488.47154,1995733.0,2.0,16.1,1
2356,77.2,113.0,10.0,95.0,0,53.5,0,94.0,8.47,94.0,0.1,1726.9151,199712.0,2.0,16.6,1
2355,77.5,14.0,11.14,95.0,0,54.1,0,95.0,8.5,95.0,0.1,18169.1891,2474.0,1.9,16.3,1
2354,78.1,17.0,12.26,95.0,0,54.7,0,97.0,8.42,97.0,0.1,19726.1265,26868.0,1.8,16.7,1
2353,78.3,12.0,11.02,95.0,0,55.2,0,97.0,7.98,97.0,0.1,23841.31792,218122.0,1.8,16.8,1
2352,78.9,96.0,10.94,95.0,0,55.8,0,97.0,8.47,97.0,0.1,2751.8127,221316.0,1.7,16.9,1
2351,79.1,9.0,10.52,95.0,0,56.4,0,96.0,9.38,96.0,0.1,24633.79785,239669.0,1.7,16.9,1
2350,79.5,87.0,10.32,95.0,2,57.0,0,96.0,9.7,96.0,0.1,23437.4722,248583.0,1.6,16.9,1
2349,79.8,84.0,10.61,95.0,22,57.6,0,96.0,9.8,96.0,0.1,24985.24827,252843.0,1.6,17.0,1
2348,82.0,81.0,10.95,95.0,2,58.2,0,96.0,9.37,96.0,0.1,22486.47167,257159.0,1.5,16.8,1
2347,85.0,78.0,9.53,95.0,1,58.9,0,95.0,9.29,95.0,0.1,2315.31799,259953.0,1.4,16.8,1
2346,87.0,76.0,10.46,95.0,52,59.5,0,95.0,9.23,95.0,0.1,242.67286,26198.0,1.4,17.6,1
2345,88.0,74.0,10.46,95.0,18,6.1,0,95.0,9.23,95.0,0.1,2729.86383,263531.0,1.4,17.3,1
2376,65.8,235.0,0.71,81.0,0,37.9,0,88.0,4.56,86.0,0.1,154.518572,41269.0,1.4,7.2,0
2375,66.2,227.0,0.7,83.0,0,38.7,0,88.0,6.44,84.0,0.1,944.81684,423853.0,1.4,6.6,0
2374,66.5,22.0,1.08,75.0,0,39.6,0,78.0,6.9,78.0,0.1,784.9562874,435262.0,1.4,7.3,0
2372,67.1,29.0,1.18,81.0,0,41.3,0,89.0,5.64,9.0,0.1,818.442619,458324.0,1.3,8.1,0
2371,67.4,24.0,0.9,83.0,0,42.1,0,9.0,7.83,89.0,0.1,88.874858,469885.0,1.3,8.3,0
2370,67.6,2.0,0.99,99.0,0,43.0,0,99.0,6.66,99.0,0.1,948.6592511,481422.0,1.3,8.4,0
2369,67.6,2.0,0.85,9.0,0,43.8,0,93.0,6.42,9.0,0.1,146.931125,49294.0,1.2,9.0,0
2368,68.0,193.0,1.09,89.0,0,44.7,0,94.0,5.97,89.0,0.1,125.79167,54477.0,1.2,9.2,0
2367,68.1,192.0,1.21,92.0,0,45.5,0,98.0,7.92,92.0,0.1,1158.282672,51679.0,1.2,9.3,0
2366,68.3,188.0,1.1,9.0,0,46.4,0,94.0,7.47,9.0,0.1,1272.44825,52779.0,1.2,9.3,0
2365,68.5,186.0,0.99,99.0,0,47.2,0,99.0,5.8,99.0,0.1,1642.837974,539614.0,1.2,9.4,0
2364,68.7,184.0,0.01,99.0,0,48.1,0,99.0,5.48,99.0,0.1,1858.689868,551531.0,1.2,9.4,0
2363,68.8,182.0,0.01,94.0,0,48.9,0,99.0,5.42,94.0,0.1,188.5159,563513.0,1.1,9.5,0
2362,68.8,183.0,0.01,88.0,0,49.7,0,94.0,5.5,88.0,0.1,29.652622,57554.0,1.1,9.6,0
2361,69.2,177.0,0.01,98.0,0,5.5,0,99.0,5.5,98.0,0.1,1922.41388,587482.0,1.1,9.6,0
2392,55.0,355.0,0.01,91.0,3965,17.8,74,37.0,5.73,33.0,0.8,1228.829749,1396923.0,8.0,11.7,0
2391,57.0,352.0,0.01,91.0,3571,18.2,75,33.0,5.73,33.0,0.8,1228.829749,1396923.0,7.9,11.7,0
2390,58.0,348.0,0.01,91.0,9559,18.6,77,9.0,5.73,9.0,0.9,1228.829749,1396923.0,7.8,11.7,0
2389,51.1,344.0,0.01,91.0,8257,19.0,78,9.0,5.73,9.0,0.9,1228.829749,1396923.0,7.7,11.7,0
2388,51.2,341.0,0.01,91.0,10000,19.4,80,9.0,5.73,9.0,0.9,1228.829749,1396923.0,7.6,11.7,0
2387,51.6,334.0,0.01,91.0,0,19.8,82,35.0,5.73,35.0,0.9,1228.829749,1396923.0,7.5,11.7,0
2384,51.9,336.0,0.01,91.0,1081,21.1,84,9.0,5.73,31.0,0.9,1228.829749,1396923.0,7.2,11.7,0
2383,52.2,335.0,0.01,91.0,13,21.5,84,41.0,5.73,42.0,0.8,1228.829749,1396923.0,7.1,11.7,0
2382,52.4,336.0,0.01,91.0,115,22.0,83,49.0,5.73,45.0,0.8,1228.829749,1396923.0,7.0,11.7,0
2381,53.1,329.0,0.01,91.0,10000,22.4,82,49.0,5.73,41.0,0.8,1228.829749,1396923.0,6.9,11.7,0
2380,53.1,336.0,0.01,91.0,9983,22.9,82,47.0,5.73,42.0,0.8,1228.829749,1396923.0,6.8,11.7,0
2379,54.2,318.0,0.01,42.0,3173,23.3,81,47.0,5.73,42.0,0.8,47.5432354,1396923.0,6.8,11.7,0
2378,54.3,321.0,0.01,42.0,10000,23.8,80,47.0,5.73,42.0,0.8,417.89143,1396923.0,6.7,11.7,0
2377,55.0,312.0,0.01,42.0,7497,24.3,80,47.0,5.73,42.0,0.7,426.98537,1396923.0,6.6,11.7,0
2406,54.9,399.0,7.04,72.0,1043,41.6,79,9.0,8.9,9.0,8.6,2518.398261,45855482.88,14.5,12.9,0
2405,54.0,399.0,6.93,71.0,244,42.2,82,9.0,8.26,69.0,8.6,3775.68275,46418193.9,13.5,12.9,0
2404,53.7,399.0,6.96,76.0,830,42.9,83,73.0,7.93,74.0,8.6,4863.51688,4717.99,12.6,12.9,0
2403,53.8,399.0,8.69,79.0,615,43.6,84,75.0,7.77,79.0,8.6,5414.634326,476667.24,11.6,12.9,0
2402,54.0,399.0,8.5,83.0,81,44.3,82,79.0,7.57,82.0,8.6,5631.73485,4823384.48,1.6,12.9,0
2401,54.5,399.0,8.48,83.0,31,45.0,79,79.0,7.53,82.0,8.6,6125.39984,48883844.99,9.7,12.9,0
2400,55.3,399.0,8.19,76.0,39,45.7,75,77.0,7.75,79.0,8.6,5786.59972,49557573.3,8.9,12.9,0
2399,56.5,399.0,7.6,74.0,5857,46.4,70,75.0,8.39,76.0,8.6,5888.6284,5255813.11,8.1,12.8,0
2398,58.0,399.0,7.28,71.0,10000,47.2,62,72.0,8.5,72.0,8.6,7362.76139,5979432.36,7.3,12.8,0
2397,58.9,399.0,7.38,76.0,92,47.9,58,69.0,8.61,69.0,8.5,849.954224,51729345.36,6.6,12.8,0
2396,59.2,48.0,7.38,68.0,32,48.7,56,65.0,8.79,65.0,7.6,7548.163698,5256515.8,6.0,12.8,0
2395,69.0,371.0,7.34,9.0,25,49.5,54,73.0,8.78,73.0,4.5,6876.953821,53311955.61,5.4,12.8,0
2394,62.0,347.0,7.38,9.0,66,5.3,52,77.0,8.8,77.0,3.7,6479.625659,54146734.74,4.9,13.0,0
2393,62.9,328.0,7.38,75.0,17,51.1,52,75.0,8.8,75.0,3.6,5769.77258,5511976.68,4.4,13.0,0
2424,48.9,38.0,3.63,91.0,0,43.349999999999994,50,66.0,2.77,61.0,2.7,1228.829749,67656.0,3.3,0.0,0
2423,49.6,381.0,3.63,91.0,0,43.349999999999994,49,66.0,2.77,61.0,3.0,1228.829749,6974442.0,3.3,0.0,0
2422,52.0,382.0,3.63,91.0,0,43.349999999999994,48,66.0,2.77,61.0,3.3,1228.829749,7237276.0,3.3,0.0,0
2421,58.0,383.0,3.63,91.0,0,43.349999999999994,46,66.0,2.77,61.0,3.5,1228.829749,751642.0,3.3,0.0,0
2420,51.4,383.0,3.63,91.0,0,43.349999999999994,45,66.0,2.77,61.0,3.8,1228.829749,7787655.0,3.3,0.0,0
2419,51.9,383.0,3.63,91.0,0,43.349999999999994,44,66.0,2.77,61.0,3.9,1228.829749,818877.0,3.3,0.0,0
2418,52.5,383.0,3.63,91.0,0,43.349999999999994,43,66.0,2.77,61.0,4.1,1228.829749,8468152.0,3.3,0.0,0
2417,53.1,381.0,3.63,91.0,0,43.349999999999994,43,66.0,2.77,61.0,4.2,1228.829749,88568.0,3.3,0.0,0
2416,53.6,377.0,3.63,91.0,0,43.349999999999994,42,66.0,2.77,61.0,4.2,1678.711862,9263136.0,3.3,0.0,0
2415,54.3,369.0,3.63,91.0,0,43.349999999999994,42,66.0,2.77,61.0,4.2,1264.78998,967667.0,3.3,0.0,0
2414,55.0,359.0,3.63,91.0,0,43.349999999999994,41,66.0,2.77,61.0,4.0,1562.239346,167192.0,3.3,0.0,0
2413,55.4,355.0,3.63,91.0,1256,43.349999999999994,41,66.0,2.77,61.0,3.9,176.9713,1448857.0,3.3,4.9,0
2412,56.0,347.0,3.63,91.0,1952,43.349999999999994,40,64.0,2.77,59.0,3.8,958.45581,1818258.0,3.3,4.9,0
2411,56.4,345.0,3.63,91.0,525,43.349999999999994,40,9.0,2.62,45.0,3.6,1186.11325,1117749.0,3.3,4.9,0
2410,56.6,343.0,3.63,91.0,441,43.349999999999994,39,44.0,2.74,39.0,3.5,1151.861715,1153971.0,3.3,4.9,0
2409,57.3,332.0,3.63,31.0,878,43.349999999999994,39,41.0,2.74,31.0,3.4,758.725782,11882136.0,3.3,4.9,0
2440,79.1,86.0,11.12,77.0,152,57.6,2,95.0,7.21,95.0,0.1,14676.769,4567864.0,0.6,15.7,1
2439,79.4,84.0,9.86,83.0,0,58.2,2,95.0,7.24,96.0,0.1,15323.6114,485412.0,0.6,15.7,1
2438,79.5,83.0,12.26,82.0,67,58.8,2,98.0,7.25,98.0,0.1,1719.53541,41431558.0,0.6,15.7,1
2437,79.4,83.0,12.09,81.0,256,59.3,2,99.0,7.99,98.0,0.1,21495.7741,42187645.0,0.6,15.6,1
2436,81.0,79.0,11.96,97.0,26,59.9,2,97.0,8.5,97.0,0.1,24918.64584,42921895.0,0.6,15.6,1
2435,81.0,77.0,11.92,96.0,22,6.5,2,96.0,8.12,96.0,0.1,2651.71745,43653155.0,0.6,15.8,1
2434,88.0,73.0,11.86,97.0,362,61.1,2,98.0,8.23,98.0,0.1,28482.6948,44397319.0,0.6,15.9,1
2433,89.0,72.0,11.05,96.0,267,61.7,2,96.0,8.36,96.0,0.1,3279.414,4522683.0,0.6,16.0,1
2432,81.3,7.0,10.24,97.0,297,62.3,2,97.0,8.8,97.0,0.1,35578.73619,4595416.0,0.6,16.1,1
2431,81.6,66.0,9.99,96.0,41,62.9,2,96.0,9.52,96.0,0.1,32333.4661,46362946.0,0.6,16.3,1
2430,81.9,64.0,9.78,97.0,302,63.5,2,97.0,9.56,97.0,0.1,3736.228,46576897.0,0.6,16.4,1
2429,82.1,63.0,9.62,97.0,3802,64.1,2,97.0,9.48,97.0,0.1,31834.21816,46742697.0,0.6,16.9,1
2428,82.0,61.0,9.35,96.0,1204,64.8,2,97.0,9.39,97.0,0.1,28562.29324,4677355.0,0.6,17.2,1
2427,82.4,6.0,9.25,95.0,131,65.4,2,96.0,9.1,96.0,0.1,2921.9342,466245.0,0.6,17.5,1
2426,82.6,58.0,0.01,96.0,154,66.0,1,97.0,9.3,97.0,0.1,296.47225,4648882.0,0.6,17.6,1
2425,82.8,56.0,0.01,97.0,115,66.6,1,97.0,9.3,97.0,0.1,25683.84565,46447697.0,0.6,17.7,1
2456,71.5,175.0,1.45,91.0,10000,14.1,6,99.0,3.77,99.0,0.1,875.412178,18655.0,15.3,12.4,0
2455,72.7,16.0,1.68,91.0,309,14.6,6,98.0,3.81,98.0,0.1,837.699787,18797.0,15.4,12.5,0
2454,73.7,149.0,1.62,91.0,139,15.1,5,98.0,3.89,98.0,0.1,873.1472436,18939.0,15.4,12.6,0
2453,73.9,146.0,1.69,32.0,65,15.6,5,98.0,3.95,99.0,0.1,989.4547732,1983.0,15.4,12.7,0
2452,69.1,197.0,1.56,62.0,35,16.1,10,97.0,4.28,97.0,0.1,174.6692,19228.0,15.4,12.8,0
2451,74.2,138.0,1.97,99.0,3,16.6,5,99.0,4.6,99.0,0.1,1259.87591,19373.0,15.4,12.9,0
2450,73.8,145.0,1.96,98.0,0,17.2,5,98.0,4.6,98.0,0.1,1448.7611,1952.0,15.4,13.1,0
2449,73.7,146.0,2.29,98.0,44,17.9,5,98.0,3.76,98.0,0.1,1644.816372,19668.0,15.4,13.2,0
2448,72.3,172.0,2.1,98.0,33,18.5,4,98.0,3.44,98.0,0.1,254.489192,19817.0,15.4,13.3,0
2447,71.8,183.0,2.05,97.0,21,19.2,4,97.0,3.37,97.0,0.1,216.681584,19968.0,15.3,13.4,0
2446,74.5,138.0,2.31,99.0,79,19.8,4,99.0,3.43,99.0,0.1,2819.511161,2119.0,15.3,13.5,0
2444,74.5,143.0,2.8,99.0,51,21.2,4,99.0,3.21,99.0,0.1,335.521375,2425.0,15.3,13.7,0
2443,74.6,142.0,2.56,99.0,2107,21.9,3,99.0,3.68,99.0,0.1,361.289374,2585.0,15.2,13.8,0
2442,74.7,141.0,2.37,99.0,1686,22.7,3,99.0,3.5,99.0,0.1,382.54994,2771.0,15.2,14.0,0
2441,74.9,138.0,2.37,99.0,1568,23.4,3,99.0,3.5,99.0,0.1,3844.89123,2966.0,15.1,14.0,0
2472,58.6,284.0,1.76,91.0,2875,43.349999999999994,109,62.0,3.23,62.0,0.1,361.35843,2725535.0,3.3,5.5,0
2471,58.9,283.0,1.81,91.0,4362,43.349999999999994,108,66.0,2.96,66.0,0.2,377.5254454,279455.0,3.3,5.6,0
2470,59.4,277.0,1.59,91.0,4529,43.349999999999994,106,9.0,2.95,9.0,0.2,412.1517561,28679565.0,3.3,5.6,0
2469,59.6,278.0,1.74,91.0,4381,43.349999999999994,104,69.0,3.18,69.0,0.2,477.738478,29435944.0,3.3,5.6,0
2468,59.7,278.0,1.59,91.0,9562,43.349999999999994,102,74.0,3.39,74.0,0.2,565.569459,3186341.0,3.3,5.7,0
2467,67.0,261.0,1.55,22.0,1374,43.349999999999994,101,78.0,3.18,78.0,0.2,679.7539949,3911914.0,3.3,6.1,0
2466,61.0,26.0,1.9,9.0,228,43.349999999999994,99,77.0,3.93,78.0,0.2,893.8793645,316764.0,3.3,6.2,0
2465,61.4,254.0,2.01,78.0,327,43.349999999999994,97,84.0,4.72,84.0,0.3,1115.6952,32282526.0,3.3,6.4,0
2464,61.8,251.0,2.01,78.0,129,43.349999999999994,95,85.0,8.17,86.0,0.3,1291.528826,32955496.0,3.3,6.3,0
2463,62.0,248.0,1.99,72.0,68,43.349999999999994,94,81.0,8.4,81.0,0.3,1226.884381,3365619.0,3.3,6.8,0
2462,62.5,243.0,1.77,75.0,680,43.349999999999994,92,9.0,7.97,9.0,0.3,1476.47887,34385963.0,3.3,7.0,0
2461,62.7,241.0,2.12,93.0,5616,43.349999999999994,91,93.0,8.3,93.0,0.3,1666.857757,35167314.0,3.3,7.0,0
2460,63.2,235.0,0.01,92.0,8523,43.349999999999994,89,92.0,8.2,92.0,0.3,1892.894352,3599192.0,3.3,6.8,0
2459,63.5,232.0,0.01,93.0,2813,43.349999999999994,88,93.0,8.42,93.0,0.3,1955.66799,36849918.0,3.3,7.0,0
2458,63.8,229.0,0.01,94.0,676,43.349999999999994,86,94.0,8.43,94.0,0.3,2176.89829,37737913.0,3.3,7.2,0
2457,64.1,225.0,0.01,93.0,3585,43.349999999999994,85,93.0,8.43,93.0,0.3,2513.884661,3864783.0,3.3,7.2,0
2488,67.4,224.0,4.29,91.0,0,47.6,0,9.0,9.65,71.0,0.4,1888.61829,47239.0,3.6,11.1,0
2487,67.7,219.0,4.23,91.0,0,48.3,0,65.0,8.38,68.0,1.8,1598.77512,47774.0,3.6,11.0,0
2486,67.9,221.0,4.41,91.0,0,49.0,0,74.0,7.14,73.0,1.6,2232.513244,48344.0,3.5,11.0,0
2485,68.0,223.0,4.53,91.0,0,49.7,0,74.0,6.62,75.0,1.0,263.1399,488332.0,3.5,10.9,0
2484,68.3,214.0,4.55,91.0,0,5.4,0,84.0,6.88,85.0,0.9,36.48773,49363.0,3.5,11.1,0
2483,68.9,25.0,4.47,83.0,0,51.1,0,84.0,6.78,83.0,0.6,3595.8855,498946.0,3.5,11.3,0
2482,69.3,199.0,4.52,84.0,0,51.8,0,84.0,6.22,84.0,0.6,527.92,5437.0,3.5,11.5,0
2481,69.5,22.0,4.72,84.0,0,52.6,0,84.0,5.92,84.0,0.8,5761.39536,5975.0,3.5,11.7,0
2480,69.8,196.0,4.94,84.0,0,53.3,0,85.0,5.92,85.0,1.2,6858.163158,515148.0,3.5,11.9,0
2479,70.0,196.0,5.13,87.0,0,54.1,0,85.0,6.14,87.0,0.6,7443.85178,52619.0,3.5,12.1,0
2478,73.0,19.0,5.26,86.0,0,54.8,0,96.0,5.81,96.0,0.5,833.31332,52613.0,3.5,12.3,0
2477,76.0,187.0,5.64,86.0,0,55.5,0,86.0,5.93,86.0,0.1,8318.97692,531589.0,3.5,12.5,0
2476,71.3,178.0,5.73,84.0,0,56.3,0,84.0,6.9,84.0,0.9,9272.413453,53777.0,3.5,12.7,0
2475,71.2,179.0,6.02,86.0,0,57.0,0,86.0,5.96,86.0,0.4,9484.56898,54254.0,3.5,12.7,0
2474,71.4,178.0,6.32,85.0,0,57.7,0,85.0,5.69,85.0,0.4,9564.46383,547928.0,3.5,12.7,0
2473,71.6,176.0,6.32,89.0,0,58.3,0,89.0,5.69,89.0,0.4,8818.982566,55328.0,3.5,12.7,0
2504,48.4,399.0,7.19,83.0,10,25.9,4,87.0,5.26,84.0,8.6,1637.4567,161468.0,9.4,9.4,0
2503,47.1,399.0,6.72,86.0,49,26.3,4,87.0,5.11,84.0,8.6,1437.634951,172927.0,9.0,9.3,0
2502,46.4,399.0,5.52,88.0,37,26.7,4,87.0,5.16,85.0,8.6,1324.996228,1893.0,8.6,9.2,0
2501,45.9,6.0,5.65,9.0,350,27.1,4,87.0,5.71,85.0,8.6,22.99449,187392.0,8.2,9.1,0
2500,45.6,69.0,5.78,93.0,0,27.4,4,88.0,5.88,86.0,8.6,2529.633557,19553.0,7.7,9.4,0
2499,46.0,63.0,5.08,95.0,0,27.8,4,88.0,6.8,86.0,8.6,2873.862141,115873.0,7.3,9.7,0
2498,47.8,399.0,5.53,93.0,0,28.2,4,88.0,6.81,87.0,8.6,2937.36723,112514.0,6.9,9.9,0
2497,50.0,51.0,5.55,92.0,0,28.5,4,88.0,7.5,87.0,8.6,347.48798,1138434.0,6.5,10.5,0
2496,51.4,399.0,4.87,9.0,1,28.9,4,89.0,8.19,88.0,8.6,2842.438422,1158897.0,6.1,10.6,0
2495,52.6,46.0,4.9,88.0,26,29.3,4,89.0,8.46,88.0,8.6,332.517125,118675.0,5.8,10.8,0
2494,53.6,399.0,4.93,89.0,313,29.7,4,89.0,8.47,89.0,8.6,369.239336,122843.0,5.4,11.0,0
2491,57.6,393.0,0.01,98.0,0,31.2,3,98.0,9.66,98.0,8.6,3598.75972,1271456.0,4.5,11.4,0
2490,58.4,382.0,0.01,98.0,0,31.8,3,98.0,9.25,98.0,7.3,3464.35169,129597.0,4.3,11.4,0
2489,58.9,373.0,0.01,9.0,0,32.3,3,84.0,9.25,9.0,7.1,3136.92511,131911.0,4.0,11.4,0
2520,79.6,73.0,6.2,95.0,59,52.8,0,99.0,8.18,99.0,0.1,29283.55,887219.0,1.4,15.9,1
2519,79.8,73.0,6.6,95.0,5,53.4,0,99.0,8.86,99.0,0.1,26969.24457,889596.0,1.3,15.9,1
2518,79.9,71.0,6.9,95.0,9,53.9,0,99.0,9.23,99.0,0.1,29571.7446,8924958.0,1.3,15.9,1
2517,82.0,69.0,6.9,95.0,3,54.4,0,99.0,9.31,99.0,0.1,36961.42537,8958229.0,1.3,15.9,1
2516,83.0,7.0,6.6,95.0,5,54.9,0,99.0,9.9,99.0,0.1,42442.2245,8993531.0,1.3,16.0,1
2515,85.0,66.0,6.5,95.0,13,55.3,0,98.0,9.6,98.0,0.1,4385.35315,929572.0,1.3,16.0,1
2514,88.0,64.0,6.5,95.0,19,55.7,0,98.0,8.95,98.0,0.1,46256.4716,9855.0,1.3,15.9,1
2513,89.0,63.0,6.9,95.0,1,56.1,0,98.0,8.92,98.0,0.1,53324.37937,914892.0,1.3,15.8,1
2512,81.1,62.0,6.9,95.0,25,56.5,0,98.0,9.23,98.0,0.1,55746.84238,9219637.0,1.3,15.7,1
2511,81.4,62.0,7.3,95.0,3,56.9,0,98.0,9.94,98.0,0.1,4627.592,9298515.0,1.3,15.8,1
2510,81.5,58.0,7.2,95.0,6,57.3,0,98.0,9.47,98.0,0.1,5276.25591,9378126.0,1.3,15.8,1
2509,81.7,58.0,7.4,42.0,26,57.7,0,98.0,11.7,98.0,0.1,59593.28711,9449213.0,1.4,16.0,1
2508,81.7,57.0,7.4,53.0,30,58.1,0,98.0,11.8,98.0,0.1,57134.777,9519374.0,1.4,15.8,1
2507,81.9,57.0,7.3,67.0,51,58.5,0,98.0,11.97,98.0,0.1,6283.24522,96379.0,1.4,15.8,1
2506,82.3,54.0,7.3,67.0,26,59.0,0,98.0,11.93,98.0,0.1,5918.19898,969611.0,1.5,15.8,1
2505,82.4,53.0,7.3,67.0,22,59.5,0,98.0,11.93,98.0,0.1,5585.25847,9799186.0,1.5,15.9,1
2536,79.7,78.0,11.26,95.0,0,5.8,0,95.0,9.91,93.0,0.1,37813.23426,718425.0,0.7,15.1,1
2535,82.0,75.0,11.12,95.0,700,51.3,0,95.0,1.28,93.0,0.1,38538.64447,7229854.0,0.7,15.2,1
2534,84.0,74.0,10.85,95.0,0,51.8,0,95.0,1.61,93.0,0.1,41336.72192,7284753.0,0.6,15.2,1
2533,85.0,72.0,10.82,95.0,574,52.3,0,95.0,1.93,93.0,0.1,4796.56497,73391.0,0.6,15.0,1
2532,81.0,69.0,10.55,95.0,39,52.8,0,95.0,1.96,93.0,0.1,53255.97631,7389625.0,0.6,15.1,1
2531,81.1,66.0,10.15,95.0,60,53.2,0,94.0,1.86,94.0,0.1,54797.54663,7437115.0,0.6,15.2,1
2530,81.5,65.0,10.24,95.0,0,53.7,0,94.0,1.39,94.0,0.1,57348.92788,7483934.0,0.6,15.2,1
2529,81.7,63.0,10.44,95.0,1015,54.1,0,94.0,1.21,94.0,0.1,63223.46778,7551117.0,0.5,15.3,1
2528,82.0,6.0,10.29,95.0,2022,54.6,0,96.0,1.29,95.0,0.1,72119.5687,7647675.0,0.5,15.3,1
2527,82.1,6.0,10.15,95.0,958,55.0,0,96.0,11.0,95.0,0.1,69672.471,7743831.0,0.5,15.3,1
2526,82.3,57.0,10.01,95.0,77,55.4,0,96.0,11.7,95.0,0.1,74276.71842,782499.0,0.5,15.4,1
2525,82.6,55.0,9.99,95.0,621,55.8,0,96.0,11.21,96.0,0.1,87998.44468,7912398.0,0.5,15.6,1
2524,82.7,54.0,9.86,95.0,61,56.2,0,96.0,11.59,96.0,0.1,83164.38795,7996861.0,0.5,15.7,1
2523,83.0,52.0,9.73,95.0,175,56.6,0,96.0,11.71,96.0,0.1,84658.88768,889346.0,0.4,15.8,1
2522,83.2,51.0,9.61,95.0,23,57.0,0,96.0,11.66,96.0,0.1,85814.58857,8188649.0,0.4,15.9,1
2521,83.4,49.0,9.61,95.0,35,57.4,0,97.0,11.66,97.0,0.1,8989.8424,8282396.0,0.4,16.0,1
2552,72.6,136.0,1.41,79.0,146,43.9,12,86.0,4.92,84.0,0.1,1177.629268,1641848.0,6.8,10.0,0
2551,72.7,135.0,1.29,9.0,290,44.6,11,83.0,4.92,82.0,0.1,1258.421953,16766899.0,6.7,10.1,0
2550,72.8,135.0,1.25,9.0,538,45.3,11,86.0,4.94,84.0,0.1,1263.13455,178791.0,6.6,10.2,0
2549,73.0,134.0,1.29,81.0,801,46.0,11,85.0,5.12,83.0,0.1,1253.39143,17415266.0,6.6,10.3,0
2548,73.2,131.0,0.93,82.0,189,46.8,10,84.0,4.48,81.0,0.1,148.852738,1786638.0,6.5,10.6,0
2547,73.5,127.0,0.92,83.0,375,47.6,10,83.0,4.11,9.0,0.1,1577.457182,18294611.0,6.5,11.0,0
2546,73.7,123.0,0.97,83.0,517,48.5,10,83.0,3.78,9.0,0.1,1762.24617,18914977.0,6.4,11.4,0
2545,73.8,121.0,0.83,83.0,403,49.4,9,83.0,3.72,9.0,0.1,258.3529,1963286.0,6.4,11.5,0
2544,73.8,122.0,0.8,83.0,19,5.4,9,83.0,3.4,79.0,0.1,258.3529,2325443.0,6.4,11.6,0
2543,73.8,124.0,0.81,84.0,22,51.3,9,83.0,3.55,9.0,0.1,258.3529,2824893.0,6.4,11.8,0
2542,73.7,127.0,0.78,84.0,26,52.3,9,83.0,3.28,9.0,0.1,258.3529,2118834.0,6.4,11.7,0
2541,71.7,163.0,0.76,66.0,13,53.2,8,9.0,3.23,72.0,0.1,258.3529,2863993.0,6.3,12.0,0
2540,62.8,32.0,0.01,43.0,13,54.2,9,47.0,3.25,45.0,0.1,258.3529,24271.0,6.3,12.5,0
2539,63.6,37.0,0.01,71.0,740,55.2,9,9.0,3.25,41.0,0.1,258.3529,1989141.0,6.3,13.0,0
2538,64.4,294.0,0.01,47.0,594,56.2,8,52.0,3.25,43.0,0.1,258.3529,19239.0,6.3,9.0,0
2537,64.5,293.0,0.01,41.0,45,57.1,8,9.0,3.25,41.0,0.1,258.3529,18734987.0,6.3,9.0,0
2568,63.7,198.0,0.37,91.0,192,31.3,17,86.0,4.64,83.0,0.3,138.436633,621625.0,4.2,9.6,0
2567,64.0,194.0,0.86,91.0,38,31.6,16,84.0,4.59,85.0,0.3,17.8159721,6327125.0,4.1,9.7,0
2566,64.3,193.0,0.6,39.0,927,32.1,15,84.0,4.48,85.0,0.3,189.3878519,6447688.0,4.0,9.8,0
2565,65.2,182.0,0.36,58.0,2144,32.5,14,82.0,4.46,85.0,0.3,236.314438,6576877.0,4.0,10.1,0
2564,65.9,177.0,0.38,81.0,4,33.0,13,82.0,5.7,86.0,0.3,39.281834,6712841.0,3.9,10.5,0
2563,65.5,194.0,0.37,81.0,0,33.5,12,79.0,5.89,84.0,0.3,337.359236,6854176.0,3.8,10.6,0
2562,65.9,183.0,0.38,88.0,3,34.1,12,76.0,5.7,83.0,0.3,44.2872665,7557.0,3.8,10.7,0
2561,66.1,181.0,0.35,84.0,2,34.7,12,85.0,5.35,86.0,0.3,52.35956,7152385.0,3.8,10.9,0
2560,66.4,178.0,0.32,86.0,0,35.3,12,87.0,5.58,86.0,0.3,76.914128,739728.0,3.8,10.8,0
2559,66.7,174.0,0.3,93.0,0,35.9,12,93.0,5.93,93.0,0.2,666.3458569,7472819.0,3.7,11.1,0
2558,67.3,171.0,0.32,93.0,0,36.6,12,95.0,6.4,93.0,0.2,738.3475227,764163.0,3.7,11.1,0
2557,68.1,166.0,0.32,96.0,1,37.4,12,97.0,5.98,96.0,0.2,834.5412953,7815949.0,3.7,11.1,0
2556,68.8,164.0,0.01,94.0,16,38.2,12,96.0,6.39,94.0,0.2,954.725253,799562.0,3.6,11.1,0
2555,69.3,163.0,0.01,96.0,1,39.0,11,97.0,6.75,96.0,0.2,14.214412,817789.0,3.6,11.2,0
2554,69.6,162.0,0.01,97.0,0,39.9,11,94.0,6.88,97.0,0.2,114.45919,8362745.0,3.6,11.3,0
2584,71.1,194.0,5.88,95.0,4074,18.7,21,97.0,3.4,97.0,0.8,27.564826,6295821.0,9.4,10.9,0
2583,71.2,194.0,5.92,95.0,7319,19.4,20,97.0,3.32,96.0,0.8,1893.145377,63543322.0,9.3,11.2,0
2580,71.6,189.0,6.17,96.0,4165,21.7,16,98.0,3.51,98.0,0.5,2659.83918,652231.0,9.0,11.9,0
2579,72.5,177.0,6.26,96.0,3526,22.6,15,98.0,3.55,98.0,0.5,2893.651356,6542547.0,8.9,12.0,0
2578,73.0,168.0,6.18,96.0,3588,23.6,15,98.0,3.49,98.0,0.5,3368.952576,65824164.0,8.7,12.4,0
2577,73.3,165.0,6.2,96.0,3893,24.6,14,98.0,3.56,98.0,0.4,3972.26475,66195615.0,8.6,12.3,0
2576,73.5,162.0,5.92,98.0,7790,25.7,13,99.0,3.92,99.0,0.3,4378.68746,6654576.0,8.5,12.9,0
2575,73.7,16.0,5.88,98.0,6071,26.8,12,99.0,4.11,99.0,0.3,4212.5492,66881867.0,8.3,13.0,0
2574,73.9,158.0,5.95,98.0,2583,27.9,12,99.0,3.81,99.0,0.2,575.32176,672888.0,8.2,13.1,0
2573,74.1,155.0,6.07,98.0,3156,29.0,11,99.0,4.12,99.0,0.2,5491.159981,675313.0,8.1,13.3,0
2571,74.5,153.0,6.5,99.0,2641,31.3,10,99.0,4.0,99.0,0.1,6171.262444,6814365.0,7.9,13.6,0
2570,74.6,152.0,6.41,99.0,0,32.4,10,99.0,4.12,99.0,0.1,5941.8471,68416772.0,7.8,13.6,0
2569,74.9,148.0,6.41,99.0,154,33.6,9,99.0,4.12,99.0,0.1,5814.863134,686576.0,7.7,13.6,0
2600,72.6,125.0,2.86,91.0,36,52.7,0,96.0,8.52,95.0,0.1,1228.829749,1396923.0,2.8,11.7,0
2599,73.1,126.0,3.27,91.0,27,53.2,0,91.0,8.18,91.0,0.1,1228.829749,1396923.0,2.8,11.8,0
2598,72.8,128.0,2.53,91.0,19,53.6,0,97.0,9.1,96.0,0.1,1228.829749,1396923.0,2.7,11.9,0
2597,73.2,126.0,2.4,91.0,18,54.1,0,96.0,9.17,96.0,0.1,1228.829749,1396923.0,2.7,11.9,0
2596,73.5,12.0,2.07,91.0,9,54.5,0,95.0,8.64,94.0,0.1,1228.829749,1396923.0,2.6,11.9,0
2595,73.6,12.0,1.75,53.0,5,54.9,0,98.0,7.95,97.0,0.1,1228.829749,1396923.0,2.5,11.9,0
2594,73.7,122.0,1.74,89.0,3,55.4,0,92.0,7.61,93.0,0.1,1228.829749,1396923.0,2.5,12.1,0
2593,73.5,12.0,1.75,96.0,1,55.9,0,96.0,6.9,95.0,0.1,1228.829749,1396923.0,2.4,12.2,0
2592,74.2,111.0,1.72,97.0,27,56.4,0,96.0,6.85,95.0,0.1,1228.829749,1396923.0,2.4,12.2,0
2591,74.4,111.0,1.77,95.0,5,56.9,0,96.0,6.74,96.0,0.1,1228.829749,1396923.0,2.3,13.0,0
2590,74.7,18.0,1.47,9.0,217,57.4,0,95.0,6.83,95.0,0.1,1228.829749,1396923.0,2.3,13.0,0
2589,74.9,17.0,1.16,96.0,701,57.9,0,97.0,6.61,96.0,0.1,1228.829749,1396923.0,2.2,12.9,0
2588,75.1,15.0,1.23,98.0,7,58.5,0,97.0,6.76,95.0,0.1,1228.829749,1396923.0,2.2,12.9,0
2587,75.3,14.0,1.03,97.0,4,59.1,0,98.0,6.7,98.0,0.1,1228.829749,1396923.0,2.2,12.9,0
2586,75.5,12.0,1.13,97.0,116,59.7,0,96.0,6.48,95.0,0.1,1228.829749,1396923.0,2.2,12.9,0
2585,75.7,12.0,1.13,92.0,1,6.3,0,92.0,6.48,91.0,0.1,1228.829749,1396923.0,2.1,12.9,0
2616,58.7,276.0,0.5,91.0,0,11.9,4,38.0,3.26,54.0,0.1,422.28633,87167.0,12.2,0.0,0
2615,59.4,269.0,0.5,91.0,0,12.3,4,38.0,3.75,54.0,0.1,56.4249869,892531.0,12.1,9.8,0
2614,62.0,261.0,0.48,91.0,0,12.6,4,38.0,3.89,54.0,0.1,48.61552,923825.0,12.1,9.8,0
2613,61.0,25.0,0.44,91.0,94,12.9,4,55.0,2.48,55.0,0.1,471.4565823,96852.0,12.1,9.8,0
2612,62.3,229.0,0.38,91.0,41,13.2,3,57.0,1.31,57.0,0.1,467.5438297,996698.0,12.0,10.2,0
2611,63.7,26.0,0.36,91.0,203,13.5,3,55.0,1.5,55.0,0.1,478.331859,126484.0,12.0,10.6,0
2610,64.9,186.0,0.04,91.0,90,13.9,3,62.0,0.65,63.0,0.1,441.53226,148621.0,11.9,11.0,0
2609,65.8,173.0,0.05,91.0,0,14.2,3,9.0,0.37,9.0,0.1,524.8959363,164973.0,11.8,11.3,0
2608,66.2,168.0,0.06,79.0,0,14.7,3,79.0,0.74,79.0,0.1,643.71911,17811.0,11.7,11.7,0
2607,66.6,165.0,0.09,72.0,10,15.1,3,78.0,1.2,72.0,0.1,757.3114436,19221.0,11.6,12.1,0
2606,66.9,163.0,0.1,72.0,50,15.5,3,72.0,0.92,72.0,0.1,849.8626972,119591.0,11.5,12.4,0
2605,67.2,161.0,0.5,67.0,763,15.8,3,66.0,0.76,67.0,0.1,114.56179,1131523.0,11.3,12.5,0
2604,67.4,159.0,0.01,83.0,16,16.2,2,83.0,1.1,83.0,0.1,1117.77724,115676.0,11.2,12.5,0
2603,67.7,158.0,0.01,82.0,4,16.6,2,82.0,1.29,82.0,0.1,117.765674,1184366.0,11.1,12.5,0
2602,68.0,155.0,0.01,77.0,47,17.0,2,76.0,1.48,77.0,0.1,1153.51578,1212814.0,1.9,12.5,0
2601,68.3,152.0,0.01,76.0,43,17.4,2,75.0,1.48,76.0,0.1,1161.76935,124977.0,1.9,12.5,0
2632,54.6,339.0,1.1,91.0,3578,16.6,22,63.0,4.35,64.0,5.1,26.3932935,497367.0,9.4,9.3,0
2631,54.6,345.0,0.95,91.0,1833,17.1,22,51.0,4.29,9.0,5.3,26.6394652,511177.0,9.2,9.4,0
2630,54.7,351.0,1.0,91.0,363,17.5,22,58.0,4.7,59.0,5.3,28.832123,5251472.0,9.0,9.7,0
2629,54.7,355.0,1.02,91.0,295,17.9,22,72.0,5.0,72.0,5.2,31.437144,539141.0,8.8,9.9,0
2628,54.9,355.0,1.01,91.0,61,18.4,22,71.0,5.6,71.0,5.1,349.9937253,5534598.0,8.6,10.0,0
2627,55.0,357.0,1.14,91.0,38,18.9,22,9.0,5.17,82.0,5.0,372.1721837,5683268.0,8.4,10.1,0
2626,55.7,345.0,1.37,91.0,26,19.3,22,85.0,5.56,84.0,5.0,377.33629,5837792.0,8.1,10.2,0
2625,55.9,344.0,1.37,91.0,8,19.8,22,72.0,5.55,82.0,5.1,42.764743,5997385.0,7.9,10.6,0
2622,57.4,323.0,1.21,83.0,120,21.4,21,83.0,5.37,83.0,3.8,487.9238913,652952.0,7.3,11.0,0
2621,58.3,34.0,1.44,85.0,187,22.0,21,85.0,5.21,85.0,2.6,562.3393592,6679282.0,7.1,11.5,0
2620,58.9,294.0,0.01,84.0,238,22.6,21,84.0,5.11,84.0,1.7,563.6894247,6859482.0,7.0,12.0,0
2619,59.4,287.0,0.01,84.0,564,23.1,20,84.0,5.12,84.0,1.5,579.43485,742948.0,6.8,12.0,0
2618,59.7,285.0,0.01,87.0,577,23.7,20,85.0,5.25,87.0,1.0,62.1318489,7228915.0,6.6,12.0,0
2617,59.9,287.0,0.01,88.0,20,24.3,20,88.0,5.25,88.0,1.0,551.138346,741682.0,6.5,12.0,0
2648,71.6,158.0,1.24,93.0,0,65.5,0,91.0,4.75,91.0,0.1,263.27236,9882.0,0.1,13.7,0
2647,71.8,157.0,1.35,91.0,4,66.2,0,91.0,5.66,89.0,0.1,1837.977391,98611.0,0.1,13.2,0
2646,71.9,155.0,1.51,88.0,0,67.0,0,85.0,5.3,84.0,0.1,1842.44421,99184.0,0.1,13.5,0
2645,72.0,153.0,1.79,85.0,0,67.8,0,91.0,5.9,9.0,0.1,229.714718,99789.0,0.1,13.7,0
2644,72.2,151.0,1.8,9.0,0,68.6,0,91.0,4.87,9.0,0.1,2284.37858,146.0,0.1,14.6,0
2643,72.3,15.0,1.57,89.0,0,69.4,0,9.0,6.52,89.0,0.1,2594.74999,1141.0,0.1,14.6,0
2642,72.4,148.0,1.79,89.0,0,7.1,0,89.0,5.61,88.0,0.1,2892.522663,11689.0,0.1,14.6,0
2641,72.5,146.0,2.05,87.0,0,7.8,0,88.0,5.82,87.0,0.1,2932.315883,12357.0,0.1,14.5,0
2640,72.6,145.0,1.1,84.0,0,71.5,0,88.0,5.13,86.0,0.1,3392.64743,135.0,0.1,14.5,0
2639,72.5,147.0,1.08,84.0,0,72.1,0,86.0,4.67,84.0,0.1,37.846563,1364.0,0.1,14.5,0
2638,72.8,142.0,1.24,82.0,0,72.7,0,84.0,4.59,82.0,0.1,3547.59975,14137.0,0.1,14.4,0
2637,72.9,14.0,0.96,82.0,0,73.3,0,84.0,4.6,82.0,0.1,445.18866,14577.0,0.1,14.4,0
2636,73.0,138.0,0.01,77.0,0,73.8,0,79.0,4.51,77.0,0.1,451.542462,14951.0,0.1,14.4,0
2635,73.2,137.0,0.01,82.0,0,74.3,0,84.0,4.98,82.0,0.1,4266.557174,15328.0,0.1,14.3,0
2634,73.3,135.0,0.01,9.0,0,74.8,0,82.0,5.18,9.0,0.1,4192.349758,15782.0,0.1,14.3,0
2633,73.5,133.0,0.01,78.0,0,75.2,0,9.0,5.18,78.0,0.1,493.775387,16364.0,0.1,14.3,0
2664,69.1,197.0,4.68,91.0,0,33.6,1,9.0,4.17,9.0,0.9,643.947262,1267984.0,6.7,11.7,0
2663,69.1,194.0,4.55,91.0,0,34.4,1,91.0,4.4,91.0,1.2,6935.721451,127238.0,6.6,11.8,0
2662,69.2,192.0,5.12,9.0,0,35.2,1,96.0,5.0,96.0,2.0,749.626612,1277837.0,6.5,11.9,0
2661,69.3,191.0,5.53,76.0,0,36.0,1,91.0,5.13,91.0,0.5,884.518666,128452.0,6.4,12.0,0
2660,69.4,19.0,5.82,94.0,0,36.8,0,94.0,5.22,94.0,1.0,129.51914,129535.0,6.3,12.2,0
2659,69.5,189.0,6.12,95.0,0,37.6,0,95.0,5.31,95.0,0.5,12323.1275,1296934.0,6.3,12.3,0
2658,69.6,188.0,6.35,89.0,0,38.4,0,89.0,4.49,92.0,0.6,1495.96337,133144.0,6.2,12.3,0
2657,69.7,187.0,6.37,89.0,0,39.3,0,9.0,4.82,88.0,0.7,1653.1844,13926.0,6.1,12.4,0
2655,71.0,183.0,6.37,9.0,0,41.1,0,9.0,6.47,9.0,0.2,1458.8796,1321618.0,6.0,12.5,0
2654,74.0,179.0,6.5,9.0,0,42.0,0,91.0,5.29,9.0,0.4,16683.94578,13281.0,5.9,12.5,0
2653,76.0,176.0,6.5,9.0,0,43.0,0,91.0,5.6,9.0,0.4,1953.9767,1334788.0,5.9,12.6,0
2652,78.0,174.0,6.7,92.0,0,44.0,0,91.0,5.78,92.0,0.4,19152.531,1341588.0,5.9,12.6,0
2651,71.0,172.0,6.71,92.0,0,45.0,0,94.0,5.98,92.0,0.3,1967.83283,1348248.0,5.8,12.7,0
2650,71.1,171.0,6.94,92.0,0,46.0,0,94.0,5.93,92.0,0.3,19325.24283,1354493.0,5.8,12.7,0
2649,71.2,17.0,6.94,9.0,0,47.1,0,88.0,5.93,96.0,0.3,17321.83373,13692.0,5.7,12.7,0
2680,72.9,112.0,1.21,94.0,47,48.1,5,97.0,5.4,97.0,0.1,2213.91488,9699197.0,6.6,12.8,0
2679,73.2,11.0,1.19,94.0,231,48.9,5,98.0,5.29,98.0,0.1,2254.933126,978571.0,6.5,13.1,0
2678,73.5,19.0,1.17,93.0,98,49.7,5,96.0,5.32,96.0,0.1,2346.5937,9864326.0,6.5,13.3,0
2677,73.7,17.0,1.34,92.0,22,5.6,4,95.0,5.36,95.0,0.1,2761.969249,9939678.0,6.4,13.5,0
2676,74.0,15.0,1.36,96.0,1,51.4,4,97.0,5.63,97.0,0.1,3112.83529,11761.0,6.4,13.6,0
2675,74.2,14.0,1.37,97.0,15,52.2,4,98.0,5.57,98.0,0.1,3194.562243,112482.0,6.4,13.9,0
2674,74.4,12.0,1.46,99.0,3,53.1,4,99.0,5.64,99.0,0.1,3371.71231,1196136.0,6.3,14.2,0
2673,74.6,12.0,1.24,98.0,4,53.9,4,98.0,5.64,98.0,0.1,3778.184171,129887.0,6.3,14.3,0
2672,74.7,12.0,1.37,99.0,2,54.7,3,99.0,5.63,99.0,0.1,431.9326,147336.0,6.3,14.3,0
2671,74.7,12.0,1.4,99.0,1,55.6,3,99.0,6.18,99.0,0.1,4129.977335,1521834.0,6.3,14.4,0
2670,74.8,12.0,1.28,98.0,1,56.5,3,98.0,6.54,98.0,0.1,414.15177,1639931.0,6.3,14.4,0
2669,74.8,13.0,1.29,98.0,11,57.4,3,98.0,7.15,98.0,0.1,4256.91279,1761467.0,6.4,14.5,0
2668,74.9,13.0,1.3,97.0,48,58.3,3,97.0,7.18,97.0,0.1,4137.55421,1886668.0,6.4,14.6,0
2667,74.9,13.0,1.29,98.0,16,59.3,3,98.0,7.26,98.0,0.1,4199.47253,1114558.0,6.4,14.7,0
2666,75.1,12.0,1.39,98.0,15,6.2,3,98.0,7.0,98.0,0.1,4271.68172,1114398.0,6.5,14.7,0
2665,75.3,1.0,1.39,98.0,16,61.2,3,98.0,7.0,98.0,0.1,3828.91589,11273661.0,6.5,14.6,0
2696,74.0,143.0,1.54,71.0,10000,53.5,54,85.0,4.95,85.0,0.1,4316.553895,6324121.0,5.3,10.7,0
2695,78.0,14.0,1.49,77.0,10000,54.3,50,88.0,5.16,88.0,0.1,3119.63716,64191474.0,5.2,11.1,0
2694,71.2,138.0,1.47,72.0,7823,55.1,46,78.0,5.36,78.0,0.1,366.57,6514354.0,5.2,11.5,0
2693,71.6,135.0,1.42,68.0,5844,55.9,43,69.0,5.34,68.0,0.1,4718.51291,668583.0,5.1,11.9,0
2692,72.0,132.0,1.35,77.0,8927,56.8,39,85.0,5.37,85.0,0.1,64.72953,677855.0,5.1,12.0,0
2691,72.4,129.0,1.29,85.0,6200,57.6,36,9.0,5.45,9.0,0.1,7384.354661,679346.0,5.0,11.9,0
2690,72.8,126.0,1.29,82.0,34,58.5,34,9.0,5.81,9.0,0.1,834.869161,6876345.0,5.0,11.9,0
2689,73.2,124.0,1.26,96.0,3,59.3,31,96.0,6.4,96.0,0.1,979.49246,69597281.0,5.0,12.3,0
2688,73.5,121.0,1.39,92.0,0,6.2,29,96.0,6.7,96.0,0.1,185.68975,74432.0,5.0,12.5,0
2687,73.9,118.0,1.4,94.0,4,61.1,27,96.0,6.8,96.0,0.1,936.499911,71339185.0,4.9,12.5,0
2686,74.2,116.0,1.49,96.0,7,61.9,25,97.0,5.61,97.0,0.1,1672.5693,72326914.0,4.9,13.0,0
2685,74.5,114.0,1.53,96.0,111,62.8,23,97.0,5.29,97.0,0.1,11341.13395,7349455.0,4.9,13.8,0
2684,74.8,112.0,1.54,97.0,349,63.7,22,97.0,5.24,97.0,0.1,1172.3843,74569867.0,4.9,14.3,0
2683,75.2,19.0,1.41,97.0,7405,64.5,20,98.0,5.38,98.0,0.1,12542.93565,75787333.0,4.9,14.4,0
2682,75.5,17.0,1.45,96.0,565,65.3,19,96.0,5.41,96.0,0.1,12127.22522,773628.0,4.9,14.5,0
2681,75.8,16.0,1.45,97.0,342,66.1,18,97.0,5.41,97.0,0.1,1979.52569,78271472.0,4.9,14.5,0
2712,63.8,224.0,2.9,91.0,113,37.5,9,98.0,3.94,97.0,0.1,643.17518,4516131.0,3.6,0.0,0
2711,64.0,221.0,2.35,91.0,9,38.1,9,94.0,3.87,95.0,0.1,774.4763388,45648.0,3.6,10.2,0
2710,63.3,229.0,2.33,96.0,11,38.7,8,99.0,3.34,98.0,0.1,967.917468,4612.0,3.5,10.2,0
2709,63.4,231.0,2.88,97.0,1,39.4,8,66.0,3.85,83.0,0.1,1283.885977,4655741.0,3.5,10.3,0
2706,63.7,245.0,2.71,98.0,48,41.3,8,98.0,2.9,98.0,0.1,2136.66815,48115.0,3.3,10.4,0
2705,64.1,241.0,2.58,98.0,59,42.0,8,98.0,2.16,98.0,0.1,26.371428,487137.0,3.3,10.4,0
2704,64.5,235.0,2.4,96.0,0,42.7,8,96.0,1.93,96.0,0.1,394.467675,4935762.0,3.2,10.5,0
2703,65.6,215.0,2.35,97.0,0,43.4,8,97.0,1.88,96.0,0.1,436.459223,5795.0,3.2,10.5,0
2702,65.8,211.0,2.48,96.0,0,44.2,8,96.0,1.99,96.0,0.1,4439.23,58721.0,3.2,10.6,0
2701,65.6,217.0,2.55,97.0,0,45.0,8,97.0,1.98,97.0,0.1,5649.978486,517461.0,3.2,10.6,0
2700,65.6,22.0,2.75,98.0,0,45.9,8,98.0,1.96,97.0,0.1,6675.262954,5267839.0,3.2,10.7,0
2699,65.4,228.0,2.93,98.0,0,46.7,8,98.0,2.12,98.0,0.1,734.42525,5366277.0,3.2,10.7,0
2698,66.0,217.0,2.9,97.0,0,47.7,8,98.0,2.7,98.0,0.1,7962.365824,5466241.0,3.3,10.8,0
2697,66.3,215.0,2.9,99.0,0,48.6,7,99.0,2.7,99.0,0.1,6432.668768,5565284.0,3.3,10.8,0
2729,46.6,399.0,10.47,91.0,10000,13.0,191,55.0,6.77,52.0,8.6,257.63369,2439274.0,7.0,9.8,0
2728,47.7,399.0,10.57,91.0,10000,13.3,187,56.0,7.26,55.0,8.6,234.984775,24854892.0,6.9,10.8,0
2727,48.8,399.0,10.42,29.0,10000,13.6,181,57.0,7.78,57.0,8.6,24.2423229,2571848.0,6.8,11.0,0
2726,51.0,53.0,10.16,44.0,10000,13.9,173,57.0,7.54,59.0,8.6,237.9995917,2662482.0,6.7,11.5,0
2725,51.3,399.0,9.89,62.0,141,14.2,164,58.0,8.9,62.0,8.6,288.236949,27568436.0,6.6,11.6,0
2724,53.2,399.0,10.09,64.0,22,14.5,155,59.0,9.36,64.0,8.6,315.788227,2854394.0,6.5,10.9,0
2723,54.9,41.0,9.81,64.0,5736,14.8,145,62.0,9.86,64.0,8.6,336.4593923,2955662.0,6.4,10.6,0
2722,55.5,41.0,9.65,73.0,3776,15.2,137,9.0,9.76,73.0,8.4,41.858631,359487.0,6.3,10.3,0
2721,56.3,41.0,9.79,71.0,1319,15.6,130,69.0,9.1,71.0,8.2,449.6928183,31663896.0,6.2,10.6,0
2720,57.5,378.0,9.63,79.0,1601,15.9,124,78.0,8.43,79.0,8.1,647.17732,32771895.0,6.1,10.8,0
2719,58.4,362.0,10.03,9.0,1313,16.3,119,79.0,11.2,9.0,8.0,594.9972557,33915133.0,6.0,10.9,0
2718,59.3,347.0,10.22,82.0,3312,16.7,114,82.0,9.9,82.0,6.8,584.3962137,3593648.0,5.9,10.7,0
2717,60.0,339.0,0.01,78.0,2027,17.2,109,82.0,7.58,78.0,4.6,647.74741,3636796.0,5.8,10.0,0
2716,67.0,325.0,0.01,78.0,7878,17.6,103,82.0,7.47,78.0,4.0,662.492293,37553726.0,5.7,10.0,0
2715,61.5,38.0,0.01,78.0,314,18.1,97,82.0,7.22,78.0,3.2,719.172669,38833338.0,5.7,10.0,0
2714,62.3,291.0,0.01,78.0,478,18.5,93,82.0,7.22,78.0,3.1,693.8963829,414487.0,5.6,10.0,0
2745,67.5,257.0,4.49,9.0,817,54.8,8,99.0,5.59,99.0,0.7,635.789635,49175848.0,3.0,13.3,0
2744,67.7,253.0,4.31,9.0,10000,55.1,7,99.0,5.66,99.0,0.8,78.738243,48683865.0,2.9,13.2,0
2743,67.6,256.0,4.89,48.0,7587,55.4,7,99.0,6.25,99.0,0.9,879.475486,48225.0,2.9,13.9,0
2742,67.6,256.0,5.92,77.0,411,55.7,6,99.0,6.93,97.0,0.9,148.522488,4781295.0,2.8,14.3,0
2741,67.4,267.0,6.79,98.0,146,56.1,6,99.0,6.61,99.0,1.0,1367.352433,474516.0,2.7,14.6,0
2740,67.0,278.0,7.31,97.0,2392,56.4,6,95.0,6.41,96.0,0.9,1828.717626,471515.0,2.7,14.5,0
2739,67.7,267.0,7.99,96.0,10000,56.8,6,99.0,6.39,98.0,0.8,233.18831,4678775.0,2.6,14.7,0
2738,67.5,277.0,8.86,92.0,1005,57.2,6,98.0,6.36,98.0,0.7,368.68998,465935.0,2.5,14.8,0
2737,67.7,273.0,9.46,84.0,48,57.6,6,91.0,6.63,9.0,0.4,3891.37823,462582.0,2.5,14.9,0
2736,69.2,231.0,8.71,66.0,0,58.0,6,74.0,7.8,71.0,0.3,2545.48341,46533.0,2.5,14.9,0
2735,69.8,212.0,8.39,48.0,39,58.5,6,57.0,7.81,52.0,0.2,2965.142365,45877.0,2.4,14.9,0
2734,75.0,24.0,8.48,21.0,1333,59.0,5,54.0,6.98,9.0,0.2,3569.75727,45761.0,2.4,14.9,0
2733,77.0,25.0,8.44,46.0,10000,59.6,5,72.0,7.47,76.0,0.2,3855.42128,455933.0,2.4,15.1,0
2732,71.0,198.0,8.44,46.0,0,6.1,5,72.0,7.67,76.0,0.2,429.71554,454896.0,2.3,15.2,0
2731,78.0,23.0,8.06,22.0,0,6.7,5,45.0,7.1,23.0,0.2,314.658296,45271947.0,2.3,15.2,0
2730,71.3,195.0,8.06,22.0,105,61.3,5,51.0,7.1,23.0,0.2,2124.662666,4515429.0,2.3,15.3,0
2761,74.2,17.0,1.64,92.0,69,54.1,1,94.0,2.38,94.0,0.1,3371.26869,1396923.0,5.4,11.8,0
2760,74.5,14.0,1.67,92.0,30,55.0,1,94.0,2.48,94.0,0.1,3161.52935,1396923.0,5.3,12.0,0
2759,74.7,11.0,1.72,92.0,53,56.0,1,94.0,2.72,94.0,0.1,31311.35936,1396923.0,5.3,12.1,0
2758,74.9,98.0,1.74,92.0,42,56.8,1,94.0,2.65,94.0,0.1,3323.52318,1396923.0,5.2,12.3,0
2757,75.1,95.0,1.77,92.0,22,57.0,1,94.0,2.46,94.0,0.1,36161.1761,1396923.0,5.2,12.4,0
2756,75.3,92.0,1.79,92.0,29,56.6,1,94.0,2.32,94.0,0.1,39439.8197,1396923.0,5.1,12.6,0
2755,75.4,89.0,1.74,92.0,0,55.8,1,94.0,2.33,92.0,0.1,42372.22166,1396923.0,5.1,12.8,0
2754,75.6,87.0,1.69,92.0,0,55.1,1,94.0,2.57,92.0,0.1,42672.61323,1396923.0,5.1,12.9,0
2753,75.8,85.0,1.86,92.0,55,54.8,1,94.0,2.93,92.0,0.1,45758.9554,1396923.0,5.1,13.1,0
2752,76.0,84.0,1.73,93.0,0,55.1,1,94.0,4.5,93.0,0.1,3372.57517,1396923.0,5.1,13.2,0
2751,76.2,82.0,1.69,94.0,87,55.8,1,94.0,3.93,94.0,0.1,3549.14832,1396923.0,5.1,13.3,0
2750,76.3,81.0,1.73,95.0,0,57.1,1,95.0,3.7,95.0,0.1,4462.3129,1396923.0,5.1,13.3,0
2749,76.5,8.0,1.75,96.0,132,58.6,1,96.0,3.45,96.0,0.1,42112.23565,1396923.0,5.1,13.3,0
2748,76.7,78.0,1.82,98.0,0,6.5,1,98.0,3.49,98.0,0.1,4335.64268,1396923.0,5.2,13.3,0
2747,76.9,77.0,1.91,99.0,344,62.4,1,99.0,3.64,99.0,0.1,44449.7435,1396923.0,5.2,13.3,0
2746,77.1,75.0,1.91,99.0,347,64.2,1,99.0,3.64,99.0,0.1,3911.74689,1396923.0,5.3,13.3,0
2777,77.8,89.0,10.59,95.0,104,57.5,5,91.0,6.94,91.0,0.1,13560.72386,1167660.0,0.7,15.8,1
2776,78.0,88.0,10.91,95.0,73,58.2,4,91.0,7.31,91.0,0.1,13560.72386,1167660.0,0.7,15.8,1
2775,78.2,87.0,11.44,95.0,314,58.8,4,91.0,7.57,91.0,0.1,13560.72386,1167660.0,0.7,15.8,1
2774,78.3,86.0,11.85,95.0,460,59.5,4,91.0,7.81,91.0,0.1,13560.72386,1167660.0,0.7,15.8,1
2773,78.8,83.0,12.22,95.0,189,6.1,4,92.0,7.98,92.0,0.1,13560.72386,1167660.0,0.7,15.8,1
2772,79.0,82.0,12.05,95.0,79,6.7,4,91.0,8.24,91.0,0.1,13560.72386,1167660.0,0.7,15.8,1
2771,79.3,82.0,11.61,95.0,764,61.3,4,92.0,8.36,92.0,0.1,13560.72386,1167660.0,0.7,15.8,1
2770,79.5,8.0,11.84,95.0,1022,61.9,4,92.0,8.42,92.0,0.1,13560.72386,1167660.0,0.7,15.8,1
2769,79.6,8.0,11.47,95.0,1445,62.5,4,92.0,8.85,92.0,0.1,13560.72386,1167660.0,0.8,15.8,1
2768,81.0,78.0,10.79,95.0,1212,63.1,4,93.0,9.81,93.0,0.1,13560.72386,1167660.0,0.8,15.8,1
2767,82.0,77.0,10.88,95.0,443,63.6,4,94.0,9.51,94.0,0.1,13560.72386,1167660.0,0.8,15.8,1
2766,86.0,74.0,10.68,95.0,1112,64.2,4,95.0,9.34,95.0,0.1,13560.72386,1167660.0,0.8,15.8,1
2765,86.0,72.0,10.42,95.0,2092,64.8,4,95.0,9.41,95.0,0.1,13560.72386,1167660.0,0.8,15.8,1
2764,87.0,72.0,10.32,95.0,1919,65.4,4,95.0,9.34,95.0,0.1,13560.72386,1167660.0,0.8,15.8,1
2763,81.0,71.0,10.37,95.0,133,66.0,4,95.0,9.12,95.0,0.1,13560.72386,1167660.0,0.8,15.8,1
2762,81.2,69.0,10.66,95.0,91,66.6,4,96.0,9.12,96.0,0.1,13560.72386,1167660.0,0.8,15.8,1
2793,49.2,399.0,3.89,91.0,10000,16.0,181,64.0,2.64,79.0,8.6,1228.829749,1396923.0,8.3,11.7,0
2792,49.6,46.0,4.09,91.0,10000,16.4,173,65.0,3.28,87.0,8.6,1228.829749,1396923.0,8.2,11.7,0
2791,52.0,46.0,3.37,89.0,5131,16.8,166,91.0,3.59,89.0,8.6,1228.829749,1396923.0,8.0,11.7,0
2790,58.0,399.0,2.34,95.0,1673,17.2,160,97.0,4.6,95.0,8.6,1228.829749,1396923.0,7.9,11.7,0
2789,51.5,399.0,3.81,95.0,1419,17.7,154,95.0,4.1,95.0,8.6,1228.829749,1396923.0,7.8,11.7,0
2788,52.2,399.0,3.94,9.0,23,18.1,149,91.0,4.66,9.0,8.6,1228.829749,1396923.0,7.7,11.7,0
2787,53.1,399.0,4.07,9.0,2362,18.6,145,91.0,6.86,9.0,8.6,1228.829749,1396923.0,7.6,11.7,0
2786,54.5,399.0,4.4,83.0,7726,19.1,141,88.0,4.72,83.0,8.5,1228.829749,1396923.0,7.5,11.7,0
2785,56.2,376.0,3.44,86.0,3413,19.6,138,89.0,4.21,86.0,7.4,1228.829749,1396923.0,7.3,11.7,0
2782,58.3,348.0,4.04,9.0,1622,21.3,128,88.0,5.72,9.0,3.1,1228.829749,1396923.0,7.0,11.7,0
2781,58.6,348.0,3.98,92.0,1668,21.9,126,9.0,5.72,92.0,2.4,1228.829749,1396923.0,6.9,11.7,0
2780,59.7,323.0,4.2,91.0,185,22.5,124,91.0,5.57,91.0,2.1,1228.829749,1396923.0,6.8,11.7,0
2779,67.0,34.0,0.01,97.0,88,23.2,121,97.0,5.58,97.0,1.4,1228.829749,1396923.0,6.8,11.7,0
2778,61.8,279.0,0.01,98.0,30,23.8,119,96.0,5.58,98.0,1.4,1228.829749,1396923.0,6.7,11.7,0
2809,76.8,114.0,8.21,9.0,85,6.1,33,9.0,13.7,94.0,0.1,13560.72386,1167660.0,0.8,15.8,1
2808,76.9,115.0,8.25,89.0,116,6.9,33,89.0,13.73,94.0,0.1,13560.72386,1167660.0,0.8,15.8,1
2807,77.0,115.0,8.33,88.0,41,61.7,33,9.0,14.55,94.0,0.1,13560.72386,1167660.0,0.8,15.8,1
2806,77.2,114.0,8.4,92.0,56,62.4,33,91.0,15.6,96.0,0.1,13560.72386,1167660.0,0.7,15.8,1
2805,77.5,111.0,8.48,92.0,37,63.1,33,92.0,15.14,96.0,0.1,13560.72386,1167660.0,0.7,15.8,1
2804,77.5,112.0,8.52,93.0,66,63.8,33,92.0,15.15,96.0,0.1,13560.72386,1167660.0,0.7,15.8,1
2803,77.8,113.0,8.63,93.0,55,64.4,33,93.0,15.27,96.0,0.1,13560.72386,1167660.0,0.7,15.8,1
2802,78.1,11.0,8.74,93.0,43,65.1,32,93.0,15.57,96.0,0.1,13560.72386,1167660.0,0.7,15.8,1
2801,78.2,18.0,8.74,94.0,140,65.7,31,94.0,16.2,96.0,0.1,13560.72386,1167660.0,0.7,15.8,1
2800,78.5,18.0,8.71,92.0,71,66.3,31,93.0,17.0,95.0,0.1,13560.72386,1167660.0,0.7,15.8,1
2799,78.7,15.0,8.55,92.0,63,66.9,30,93.0,17.2,95.0,0.1,13560.72386,1167660.0,0.7,15.8,1
2798,78.7,16.0,8.67,91.0,220,67.5,29,94.0,17.6,96.0,0.1,13560.72386,1167660.0,0.7,15.8,1
2797,78.8,16.0,8.82,9.0,55,68.0,28,93.0,17.2,94.0,0.1,13560.72386,1167660.0,0.7,15.8,1
2796,78.9,16.0,8.82,91.0,187,68.6,27,93.0,16.9,94.0,0.1,13560.72386,1167660.0,0.7,15.8,1
2795,79.1,14.0,8.82,92.0,667,69.1,27,93.0,17.14,95.0,0.1,13560.72386,1167660.0,0.8,15.8,1
2794,79.3,13.0,8.82,92.0,188,69.6,26,93.0,17.14,95.0,0.1,13560.72386,1167660.0,0.8,15.8,1
2825,75.1,131.0,6.65,92.0,0,55.0,1,92.0,7.82,9.0,0.1,6871.897677,3321245.0,1.8,14.0,0
2824,75.2,123.0,6.48,94.0,0,55.7,1,94.0,7.46,94.0,0.1,6281.37747,332713.0,1.8,14.2,0
2823,75.4,124.0,5.86,95.0,0,56.3,1,93.0,7.18,95.0,0.1,488.768855,3327773.0,1.7,14.7,0
2822,75.4,121.0,5.11,91.0,0,57.0,1,91.0,6.52,91.0,0.1,3622.52284,3325637.0,1.7,15.0,0
2821,75.4,122.0,5.66,94.0,0,57.7,1,95.0,11.59,94.0,0.1,4117.38853,332496.0,1.7,15.5,0
2820,75.7,123.0,6.35,96.0,0,58.3,1,96.0,11.15,96.0,0.1,522.951116,3325612.0,1.6,15.5,0
2819,76.2,117.0,6.58,95.0,0,58.9,1,95.0,11.17,95.0,0.1,5877.87678,333143.0,1.6,15.2,0
2818,75.4,124.0,6.67,94.0,0,59.5,1,94.0,8.23,94.0,0.1,79.69746,3339741.0,1.6,15.3,0
2817,76.4,119.0,6.76,94.0,0,6.1,1,94.0,8.17,94.0,0.1,962.312164,335824.0,1.6,15.7,0
2816,76.6,118.0,6.67,95.0,0,6.7,1,95.0,8.78,95.0,0.1,9415.17386,3362755.0,1.5,15.5,0
2815,76.3,118.0,6.21,95.0,0,61.2,1,95.0,8.63,95.0,0.1,11938.212,3374415.0,1.5,15.6,0
2814,77.0,111.0,5.97,95.0,0,61.8,1,95.0,8.55,95.0,0.1,14166.4998,3385624.0,1.5,15.5,0
2813,76.5,118.0,5.77,95.0,0,62.3,0,95.0,8.74,95.0,0.1,1592.6819,3396777.0,1.5,15.5,0
2812,76.8,117.0,5.82,94.0,0,62.9,0,94.0,8.68,94.0,0.1,16881.2568,3485.0,1.5,15.5,0
2811,76.8,117.0,6.03,95.0,0,63.4,0,95.0,8.58,95.0,0.1,16737.89827,3419546.0,1.5,15.5,0
2810,77.0,116.0,6.03,95.0,0,64.0,0,95.0,8.58,95.0,0.1,15524.84247,3431552.0,1.5,15.5,0
2841,67.1,189.0,1.6,91.0,80,34.8,36,99.0,5.29,99.0,0.1,558.221144,24654.0,3.4,10.6,0
2840,67.4,185.0,1.53,91.0,22,35.3,34,99.0,5.28,99.0,0.2,456.734892,2496445.0,3.4,10.7,0
2839,67.1,186.0,1.47,62.0,25,35.9,32,99.0,5.44,99.0,0.2,383.3494997,2527185.0,3.3,11.0,0
2838,67.2,183.0,1.54,99.0,85,36.4,30,99.0,5.17,98.0,0.3,396.129969,2556765.0,3.3,11.3,0
2837,67.8,183.0,1.59,99.0,75,37.0,29,99.0,5.11,99.0,0.3,465.1198869,2586435.0,3.2,11.6,0
2836,67.3,192.0,1.78,99.0,737,37.5,28,99.0,5.11,99.0,0.3,546.776852,26167.0,3.2,11.7,0
2835,67.6,185.0,1.96,98.0,823,38.1,27,94.0,5.49,96.0,0.4,654.2838373,2648825.0,3.2,11.8,0
2834,67.8,184.0,2.15,99.0,863,38.7,26,98.0,5.81,96.0,0.3,83.476942,26868.0,3.1,11.8,0
2833,67.9,184.0,2.36,91.0,2,39.3,25,98.0,5.92,98.0,0.3,182.28625,27328.0,3.1,11.9,0
2830,68.5,183.0,2.83,99.0,476,41.4,22,99.0,5.65,99.0,0.1,1564.966945,293394.0,3.0,12.0,0
2829,68.8,184.0,0.01,99.0,0,42.2,21,99.0,6.49,99.0,0.1,174.468298,297745.0,3.0,12.0,0
2828,69.1,185.0,0.01,99.0,0,43.0,19,99.0,6.32,99.0,0.1,197.551233,32432.0,3.0,12.0,0
2827,69.2,184.0,0.01,99.0,8,43.9,18,99.0,5.84,99.0,0.1,25.448414,37577.0,3.0,12.1,0
2826,69.4,184.0,0.01,99.0,22,44.7,17,99.0,5.84,99.0,0.1,2137.576852,312989.0,3.0,12.1,0
2857,69.0,18.0,1.21,9.0,9,41.1,0,67.0,3.28,71.0,0.1,1469.849149,18563.0,1.7,9.6,0
2856,69.1,179.0,0.91,68.0,7,41.9,0,67.0,3.37,9.0,0.1,1362.61731,18929.0,1.7,10.1,0
2855,69.3,176.0,1.24,66.0,101,42.6,0,67.0,3.52,9.0,0.1,1353.934819,193956.0,1.7,10.2,0
2854,69.4,173.0,1.2,64.0,165,43.3,0,67.0,4.2,69.0,0.1,158.52724,198964.0,1.6,10.4,0
2853,69.6,169.0,0.85,63.0,0,44.1,0,67.0,4.12,69.0,0.1,1787.94723,24143.0,1.6,10.7,0
2852,69.9,165.0,0.88,61.0,3,44.9,0,67.0,3.87,68.0,0.1,1886.433359,2937.0,1.6,10.6,0
2851,71.0,161.0,1.0,59.0,0,45.7,0,67.0,3.96,68.0,0.1,247.97823,214634.0,1.6,10.6,0
2850,73.0,157.0,1.01,9.0,0,46.6,0,67.0,3.67,67.0,0.1,2393.367265,219953.0,1.6,10.7,0
2849,75.0,153.0,1.18,61.0,0,47.4,0,66.0,3.66,67.0,0.1,2697.961375,22534.0,1.5,10.7,0
2848,78.0,149.0,0.83,62.0,0,48.2,0,66.0,3.9,66.0,0.1,2643.441423,23785.0,1.5,10.7,0
2847,71.0,145.0,0.91,62.0,0,49.1,0,66.0,4.71,65.0,0.1,2965.82434,236295.0,1.5,10.8,0
2846,71.2,141.0,0.85,63.0,0,49.9,0,65.0,3.85,65.0,0.1,3275.91684,241871.0,1.5,10.8,0
2845,71.4,138.0,0.01,64.0,0,5.8,0,65.0,3.7,64.0,0.1,3158.58688,247485.0,1.5,10.8,0
2844,71.6,135.0,0.01,64.0,0,51.7,0,65.0,3.92,64.0,0.1,3167.34356,253142.0,1.5,10.8,0
2843,71.7,134.0,0.01,64.0,10,52.5,0,65.0,5.2,64.0,0.1,3148.36513,25885.0,1.5,10.8,0
2842,72.0,13.0,0.01,64.0,39,53.3,0,65.0,5.2,64.0,0.1,285.83414,26463.0,1.5,10.8,0
2873,72.5,168.0,8.01,9.0,22,53.4,13,86.0,4.91,77.0,0.1,1228.829749,1396923.0,1.8,10.6,0
2872,72.5,169.0,8.05,53.0,115,54.1,12,87.0,5.21,9.0,0.1,1228.829749,1396923.0,1.8,10.4,0
2871,73.1,167.0,6.89,9.0,2392,54.7,12,81.0,4.93,65.0,0.1,1228.829749,1396923.0,1.7,11.0,0
2870,72.4,172.0,6.3,72.0,0,55.3,12,86.0,4.93,68.0,0.1,1228.829749,1396923.0,1.7,11.6,0
2869,73.3,161.0,7.55,82.0,0,55.9,11,83.0,4.78,86.0,0.1,1228.829749,1396923.0,1.7,11.6,0
2868,73.6,158.0,7.92,88.0,0,56.5,11,9.0,4.69,87.0,0.1,1228.829749,1396923.0,1.7,11.8,0
2867,73.6,163.0,8.27,71.0,78,57.1,11,73.0,4.85,71.0,0.1,1228.829749,1396923.0,1.6,12.4,0
2866,73.4,165.0,8.7,62.0,32,57.6,10,67.0,5.25,62.0,0.1,1228.829749,1396923.0,1.6,12.9,0
2865,73.2,168.0,8.18,53.0,0,58.2,10,76.0,3.98,9.0,0.1,1228.829749,1396923.0,1.6,13.4,0
2864,73.6,166.0,7.59,84.0,0,58.8,10,75.0,5.81,84.0,0.1,1228.829749,1396923.0,1.6,14.0,0
2863,73.7,158.0,7.22,78.0,0,59.3,10,74.0,5.4,78.0,0.1,1228.829749,1396923.0,1.6,14.0,0
2862,73.8,158.0,6.74,78.0,0,59.9,10,78.0,5.24,78.0,0.1,1228.829749,1396923.0,1.6,14.1,0
2861,73.7,161.0,6.7,81.0,1,6.4,10,73.0,4.8,81.0,0.1,1228.829749,1396923.0,1.6,14.1,0
2860,73.8,159.0,6.71,82.0,0,61.0,10,82.0,4.94,82.0,0.1,1228.829749,1396923.0,1.6,14.2,0
2859,73.9,158.0,6.47,78.0,0,61.5,10,79.0,5.26,78.0,0.1,1228.829749,1396923.0,1.6,14.2,0
2858,74.1,157.0,6.47,87.0,0,62.1,10,87.0,5.26,87.0,0.1,1228.829749,1396923.0,1.6,14.3,0
2889,73.4,139.0,1.6,91.0,10000,9.2,43,96.0,4.89,96.0,0.1,1228.829749,1396923.0,15.8,10.4,0
2888,73.6,138.0,1.84,91.0,10000,9.6,41,96.0,5.17,96.0,0.1,1228.829749,1396923.0,15.7,10.6,0
2884,74.4,136.0,2.7,94.0,410,11.3,36,94.0,5.38,95.0,0.2,1228.829749,1396923.0,15.3,11.1,0
2883,74.6,136.0,2.56,93.0,1978,11.8,35,94.0,5.56,94.0,0.2,1228.829749,1396923.0,15.1,11.3,0
2882,74.7,136.0,3.01,67.0,17,12.3,35,92.0,6.9,92.0,0.2,1228.829749,1396923.0,14.9,11.4,0
2881,74.9,135.0,3.58,87.0,352,12.9,35,93.0,5.53,93.0,0.2,1228.829749,1396923.0,14.7,11.6,0
2880,75.0,134.0,3.86,94.0,6582,13.4,35,97.0,6.4,96.0,0.1,1228.829749,1396923.0,14.6,11.7,0
2879,75.2,133.0,3.93,88.0,2809,14.0,35,94.0,6.36,93.0,0.1,1228.829749,1396923.0,14.5,11.9,0
2878,75.4,131.0,3.94,95.0,750,14.7,36,96.0,6.2,95.0,0.1,1228.829749,1396923.0,14.4,12.0,0
2877,75.6,13.0,4.12,97.0,578,15.3,36,97.0,6.96,97.0,0.1,1228.829749,1396923.0,14.4,12.2,0
2876,75.7,129.0,4.0,59.0,1123,16.0,35,93.0,7.17,59.0,0.1,1228.829749,1396923.0,14.3,12.3,0
2875,75.9,128.0,4.09,95.0,10000,16.7,35,96.0,7.7,95.0,0.1,1228.829749,1396923.0,14.3,12.5,0
2874,76.0,127.0,4.09,97.0,256,17.5,35,97.0,7.7,97.0,0.1,1228.829749,1396923.0,14.2,12.6,0
2905,68.0,252.0,0.07,14.0,0,31.2,66,74.0,4.14,74.0,0.1,1228.829749,1396923.0,14.1,7.7,0
2904,61.1,251.0,0.08,19.0,485,31.7,63,73.0,4.34,73.0,0.1,1228.829749,1396923.0,14.0,7.9,0
2903,61.5,25.0,0.07,31.0,890,32.2,61,64.0,4.22,65.0,0.1,1228.829749,1396923.0,14.0,8.0,0
2902,61.9,249.0,0.04,38.0,8536,32.7,58,61.0,5.0,61.0,0.1,1228.829749,1396923.0,14.0,8.2,0
2901,62.2,247.0,0.06,43.0,10000,33.3,56,72.0,4.9,72.0,0.1,1228.829749,1396923.0,13.9,8.4,0
2900,62.6,245.0,0.04,9.0,6285,33.9,53,9.0,4.58,79.0,0.1,1228.829749,1396923.0,13.9,8.6,0
2899,63.0,242.0,0.04,78.0,8079,34.5,51,78.0,4.82,78.0,0.1,1228.829749,1396923.0,13.9,8.7,0
2898,63.4,24.0,0.05,79.0,13,35.1,49,79.0,4.92,79.0,0.1,1228.829749,1396923.0,13.8,8.6,0
2897,63.8,238.0,0.04,78.0,7,35.7,47,78.0,5.12,78.0,0.1,1228.829749,1396923.0,13.8,8.5,0
2896,64.1,235.0,0.03,76.0,130,36.4,46,76.0,5.32,76.0,0.1,1228.829749,1396923.0,13.8,8.4,0
2895,64.4,233.0,0.06,76.0,510,37.2,45,77.0,5.17,76.0,0.1,1228.829749,1396923.0,13.7,8.5,0
2894,64.6,234.0,0.04,69.0,2676,37.9,45,69.0,5.4,69.0,0.1,1228.829749,1396923.0,13.7,8.6,0
2893,64.7,236.0,0.04,67.0,2177,38.7,46,68.0,5.73,67.0,0.1,1228.829749,1396923.0,13.7,9.0,0
2892,65.4,226.0,0.04,73.0,400,39.6,46,67.0,5.78,73.0,0.1,1228.829749,1396923.0,13.7,9.0,0
2890,65.7,224.0,0.01,69.0,468,41.3,47,63.0,5.64,69.0,0.1,1228.829749,1396923.0,13.6,9.0,0
2921,43.8,399.0,2.62,91.0,10000,16.8,72,85.0,7.16,85.0,8.6,341.955625,1531221.0,7.5,9.6,0
2920,44.6,399.0,2.61,91.0,10000,17.1,70,86.0,6.56,85.0,8.6,378.2736238,1824125.0,7.4,9.8,0
2919,45.5,69.0,2.44,91.0,10000,17.3,66,85.0,6.93,84.0,8.6,377.135244,111249.0,7.4,10.0,0
2918,46.4,64.0,2.33,91.0,881,17.6,62,85.0,8.18,83.0,8.6,429.1583434,11421984.0,7.3,10.2,0
2917,47.9,399.0,2.46,91.0,35,18.0,59,84.0,7.33,83.0,8.6,53.2772217,11731746.0,7.2,10.5,0
2916,49.3,399.0,2.33,82.0,45,18.4,55,84.0,7.56,82.0,8.6,691.3178164,1252156.0,7.1,10.7,0
2915,58.0,399.0,2.25,81.0,459,18.8,52,83.0,6.11,81.0,8.6,13.154199,12383446.0,7.0,10.9,0
2914,52.6,399.0,2.08,9.0,535,19.2,51,77.0,4.37,9.0,8.6,114.587985,12725974.0,6.9,11.1,0
2913,55.7,45.0,2.12,87.0,140,19.7,49,9.0,4.87,87.0,8.6,1369.68249,1382517.0,6.8,11.4,0
2910,58.2,366.0,2.57,81.0,10000,21.2,44,83.0,4.26,81.0,6.3,1644.619672,14264756.0,6.6,12.0,0
2909,59.2,349.0,2.59,78.0,896,21.7,43,9.0,4.91,78.0,5.6,1734.93612,14699937.0,6.5,12.3,0
2908,63.0,328.0,2.41,79.0,35,22.3,42,74.0,4.99,79.0,4.8,185.793359,1515321.0,6.4,12.5,0
2907,61.1,314.0,0.01,86.0,9,22.8,41,78.0,4.99,86.0,4.3,1738.8822,1562974.0,6.3,12.5,0
2906,61.8,33.0,0.01,9.0,9,23.4,40,9.0,4.99,9.0,4.1,1313.889646,161587.0,6.3,12.5,0
2937,46.0,399.0,1.68,79.0,1483,25.5,39,78.0,7.1,78.0,8.6,547.3588785,12222251.0,11.0,9.8,0
2936,45.3,399.0,1.72,76.0,529,25.9,39,76.0,6.16,75.0,8.6,548.587312,12366165.0,1.6,9.8,0
2935,44.8,73.0,4.43,73.0,304,26.3,40,73.0,6.53,71.0,8.6,57.34834,125525.0,1.2,10.0,0
2934,44.5,399.0,4.06,9.0,998,26.7,41,9.0,6.52,68.0,8.6,453.3511552,12633897.0,9.8,9.5,0
2933,44.3,399.0,4.36,68.0,31,27.1,42,67.0,7.13,65.0,8.6,454.366654,12777511.0,9.4,9.2,0
2932,44.6,399.0,4.14,65.0,420,27.5,43,69.0,6.44,68.0,8.6,444.76575,129432.0,9.0,9.3,0
2931,45.4,7.0,4.57,68.0,212,27.9,45,71.0,5.12,9.0,8.6,414.796232,13124267.0,8.6,9.5,0
2930,46.6,67.0,3.88,72.0,242,28.2,46,73.0,4.47,73.0,8.6,396.9982166,1332999.0,8.2,9.6,0
2929,48.2,399.0,3.56,75.0,0,28.6,46,75.0,4.96,75.0,8.6,325.678573,13558469.0,7.8,9.7,0
2928,50.0,399.0,4.64,73.0,853,29.0,45,69.0,6.26,73.0,8.6,65.824121,1381599.0,7.5,9.9,0
2927,52.4,399.0,5.21,9.0,9696,29.4,44,89.0,5.37,89.0,8.6,713.63562,1486317.0,7.1,10.0,0
2926,54.9,399.0,6.0,94.0,0,29.9,42,93.0,6.31,93.0,8.6,839.927936,14386649.0,6.8,10.1,0
2923,59.2,371.0,6.5,91.0,0,31.3,34,92.0,6.44,91.0,6.3,127.47462,15411675.0,5.9,10.3,0
2922,67.0,336.0,6.5,87.0,0,31.8,32,88.0,6.44,87.0,6.2,118.69383,15777451.0,5.6,10.3,0
